lab,cell,structure,T,C,p_vrai,p_fit,profondeur,rmse_zone_notee,n70_vrai,n70_predit,ape_n70
0,0,charniere,25.137140330305165,0.6334786835753781,0.5720720337214792,0.8,47.89841980695147,2.4578892242596795,5752.184730533218,7131.529145155463,23.979487433714297
0,1,charniere,25.465818014035747,0.9152650047349092,0.5720720337214792,0.8,67.28249012954586,3.2085633871846615,5492.436775959082,6797.18676409806,23.755393850867655
0,2,charniere,39.526347288165155,0.6334786835753781,0.5720720337214792,0.8,55.0174879916727,13.862946200016516,5776.689864182683,3763.145343144971,34.856372219708895
0,3,charniere,38.94310606087202,0.9152650047349092,0.5720720337214792,0.8,65.02404393948886,2.7973043062500302,4520.18414869873,4101.267321192365,9.267693831167533
0,4,charniere,54.067114297059476,0.6334786835753781,0.5720720337214792,0.8,53.46642413858095,4.171950567867226,2320.6800058810613,2954.4988695966326,27.311773364244495
0,5,charniere,54.58962381174385,0.9152650047349092,0.5720720337214792,0.8,61.364199267150205,3.624415257412314,2437.3853864890966,2841.625146716142,16.584975132280075
1,0,charniere,54.4148376283702,0.6149472226066571,0.7197834221710471,0.8,67.38115045164469,6.127505721894801,858.6825723392669,1290.0773200603219,50.23914093724149
1,1,charniere,39.298218633497754,0.6149472226066571,0.7197834221710471,0.8,82.33835856419277,5.253711504587936,2566.180808371824,2050.9326080816486,20.07840595679176
1,2,charniere,27.225580217957447,0.6149472226066571,0.7197834221710471,0.8,52.96631616220936,2.6041302764408822,3355.539540750145,3891.1809708581677,15.962900260989855
1,3,charniere,39.74260319060247,0.8624716882622253,0.7197834221710471,0.8,69.53772932627741,7.385984575051677,2587.714587681092,1927.230906389086,25.5238226207891
1,4,charniere,28.100797966128756,0.8624716882622253,0.7197834221710471,0.8,68.73760821782736,1.849058237665843,3530.748650141729,3450.8523654933274,2.262870925269469
1,5,charniere,48.804070689974935,0.6149472226066571,0.7197834221710471,0.8,55.4718828549364,0.6127595921097385,1368.181254348738,1322.3757685135695,3.347910643387106
2,0,charniere,26.376147581008365,0.5814555596000353,0.5205453497431662,0.8,56.906067926795835,3.5394401319842292,7844.817481355341,7528.620391086568,4.030649419445059
2,1,charniere,27.273636465203428,0.9075626264333695,0.5205453497431662,0.8,80.88783620353942,4.136210390363287,6852.08464131282,8027.203913811216,17.14980672324634
2,2,charniere,45.659196463723795,0.5814555596000353,0.5205453497431662,0.8,78.55352634774793,7.152792689131219,4563.133036406515,3827.9905550970325,16.110476627444775
2,3,charniere,45.327129144907225,0.9075626264333695,0.5205453497431662,0.8,82.05705806380108,10.108416107373342,4782.740115066746,3839.373731749304,19.724391470605262
2,4,charniere,53.86563162270988,0.5814555596000353,0.5205453497431662,0.8,59.78352441372408,5.592431476793829,2503.2373501938587,3409.1551268191115,36.18984738123597
2,5,charniere,52.962758746747824,0.9075626264333695,0.5205453497431662,0.8,79.98326394701958,2.6149314074033208,2861.2941471471568,3223.937007420397,12.674085278328064
3,0,arrhenius,25.299976053796232,0.5480354576208201,0.6972556149214411,0.8,84.08453610668467,3.3085467404269964,4268.853803823605,5010.27040087529,17.368048453371713
3,1,arrhenius,25.67430258471992,0.9033150148444105,0.6972556149214411,0.8,53.50420293594322,5.196836424858958,4897.118210210087,3998.4283539720764,18.351402144312484
3,2,arrhenius,35.00668824037724,0.5480354576208201,0.6972556149214411,0.8,57.35307219109127,2.858404612642295,2558.0518681329863,2967.849565229027,16.019913520953537
3,3,arrhenius,34.8611306939661,0.9033150148444105,0.6972556149214411,0.8,68.42019975030175,6.109719529500085,3516.1967561556917,2819.9554035277924,19.80097818499525
3,4,arrhenius,43.42724741666576,0.5480354576208201,0.6972556149214411,0.8,62.68076821478267,4.764194303403713,1729.57695518114,2270.571689744626,31.279020742203816
3,5,arrhenius,43.22224275738007,0.9033150148444105,0.6972556149214411,0.8,80.29144377272753,6.080430573030753,2426.183529797784,1869.4296446934447,22.947723379803147
4,0,charniere,25.279090755559142,0.5672226517318468,0.9343817625940088,0.8,59.7279905100207,0.8949329662204649,1956.709393626135,1913.529016445698,2.2067853980307124
4,1,charniere,25.83337530073819,0.9446623495605315,0.9343817625940088,0.8,50.85190992914007,1.043605018744681,1997.7349709863415,1955.8106709317224,2.098591688261825
4,2,charniere,46.6252866617719,0.5672226517318468,0.9343817625940088,0.8,56.98810928794239,19.61106875777984,2010.5925059996703,1651.689234451049,17.85062216623422
4,3,charniere,45.93755926522341,0.9446623495605315,0.9343817625940088,0.8,67.62377666622797,3.1894670628704436,1475.8148510111225,1781.4289452539742,20.708159565779326
4,4,charniere,55.12234287296584,0.5672226517318468,0.9343817625940088,0.8,63.4851815061695,7.820832375297145,1759.078112180106,1547.676240013511,12.017764913497503
4,5,charniere,53.290210295722865,0.9446623495605315,0.9343817625940088,0.8,51.34016984863166,3.022071255842576,1487.5624992488672,1721.883945691327,15.75204043936161
5,0,arrhenius,26.380952032094992,0.5459632857797535,0.6644581083614649,0.8,54.8370142599727,3.6466820296797846,8894.52920108982,7568.520839266215,14.908134335667055
5,1,arrhenius,25.09788520032618,0.9773227721532084,0.6644581083614649,0.8,81.28977589280757,0.8553804912059144,8513.880697851808,9096.479733816654,6.842931638821826
5,2,arrhenius,49.02964383038313,0.5459632857797535,0.6644581083614649,0.8,89.1927825334944,1.8174092083342117,4751.647483754943,4541.553806152617,4.421491247416819
5,3,arrhenius,49.12180102341482,0.9773227721532084,0.6644581083614649,0.8,66.11530369508634,1.1901854662545164,4205.9646032916735,4796.542544828875,14.041438700530277
5,4,arrhenius,54.95139210376928,0.5459632857797535,0.6644581083614649,0.8,45.17538103328379,0.8587260062677499,4112.779886393029,4015.7000815701067,2.360442511015659
5,5,arrhenius,54.228997452782544,0.9773227721532084,0.6644581083614649,0.8,75.9917625340991,2.239846411810076,3746.178914658083,4258.916432177103,13.686946865051638
6,0,quadratique,26.40039518831638,0.6133043133079381,0.8804190571714141,0.8,52.54828429669505,2.862727409020815,3112.0252400381128,3939.1673020636044,26.578899534097665
6,1,quadratique,25.985731445582328,0.8816290192052674,0.8804190571714141,0.8,48.022804567343755,4.24008410352124,3738.8330893065563,3430.4478237248863,8.248168832775212
6,2,quadratique,38.53763721993338,0.6133043133079381,0.8804190571714141,0.8,80.61686241336434,2.4584918638828714,2599.0143668935966,2514.1387834442526,3.265683504119654
6,3,quadratique,38.503170645936734,0.8816290192052674,0.8804190571714141,0.8,87.26217917386593,2.355763621952302,2279.9620064209375,2565.735956528855,12.534154047440573
6,4,quadratique,52.94733594718837,0.6133043133079381,0.8804190571714141,0.8,93.84777106103024,3.787704232882303,1257.6319902542366,1803.1430840250755,43.37605102272892
6,5,quadratique,53.16709737767417,0.8816290192052674,0.8804190571714141,0.8,54.123075883396325,4.713463856954691,1624.7960003678581,1960.4855692614158,20.66041329604188
7,0,charniere,25.601535760550384,0.5801088020381405,0.5371646060738111,0.8,55.59234035897447,2.9477636368940057,4843.445085451688,5981.124233367557,23.489048143296372
7,1,charniere,26.478816281688562,0.85973246695312,0.5371646060738111,0.8,61.93021637650418,6.426553285729492,4141.372471648857,5833.116581240215,40.84984195874086
7,2,charniere,34.713940539452246,0.5801088020381405,0.5371646060738111,0.8,67.31344636132035,5.905271778194986,3555.230070590607,2900.1132853033455,18.426846428490943
7,3,charniere,35.138258416896406,0.85973246695312,0.5371646060738111,0.8,82.00347347123737,20.191421124542348,4960.190641326649,2691.552190279305,45.73692051563114
7,4,charniere,54.056241364614564,0.5801088020381405,0.5371646060738111,0.8,81.72412574004659,5.705163146271631,1150.728857823808,833.0182357041502,27.609512002722674
7,5,charniere,54.27316374135713,0.85973246695312,0.5371646060738111,0.8,93.89043974527914,2.2102027066823884,1213.043159987171,1165.8341948443356,3.8917795095876695
8,0,arrhenius,48.15734940031424,0.8844175577360693,0.7038193523770264,0.8,64.49447465415054,2.895095350377326,2650.8875583703166,3130.914731960313,18.108168038824786
8,1,arrhenius,53.69788324877283,0.8844175577360693,0.7038193523770264,0.8,63.074282116768195,2.592282538198878,2364.6268897484583,2889.5620459430133,22.19949195665266
8,2,arrhenius,27.055320105490136,0.8844175577360693,0.7038193523770264,0.8,59.24460649108821,1.0865439414630957,4047.452136666009,4181.980905509039,3.32378899862284
8,3,arrhenius,45.192836130731884,0.8844175577360693,0.7038193523770264,0.8,82.39167750902837,2.4213634513375712,2909.858315987494,3237.0598492118474,11.244586426309008
8,4,arrhenius,44.832974144641376,0.6477884833807986,0.7038193523770264,0.8,43.79390532579651,3.4928766700334215,3770.3694885814625,3064.952895944853,18.709481783495193
8,5,arrhenius,53.838455075575105,0.6477884833807986,0.7038193523770264,0.8,87.65248965616355,2.8480264925275764,2759.3042834731327,2676.2008365836837,3.011753628883831
9,0,charniere,25.811920553776027,0.6415398874779931,0.9398454053469542,0.8,57.18696613493078,9.389569236082078,5905.4283159131255,4790.209371667387,18.88464112316124
9,1,charniere,24.663622747736195,0.9878142707409298,0.9398454053469542,0.8,60.47186855300638,5.012826823872367,4740.071707678991,6034.537395119472,27.308989552698687
9,2,charniere,46.99061838116889,0.6415398874779931,0.9398454053469542,0.8,58.61049825770707,4.574767654390441,3292.7967486785756,2975.870533665995,9.624833817628296
9,3,charniere,48.029781534671116,0.9878142707409298,0.9398454053469542,0.8,48.71723174354403,2.129045591962827,2713.3356184820495,3030.107567119735,11.67463200939737
9,4,charniere,53.06366073111672,0.6415398874779931,0.9398454053469542,0.8,81.7354711053303,1.4395637699482955,2704.2343659543003,2611.9585296036685,3.4122721577820236
9,5,charniere,53.36125560588236,0.9878142707409298,0.9398454053469542,0.8,69.79487284051207,1.326238361203489,2684.547131772607,2568.8058522177207,4.311389365641802
10,0,charniere,25.52874363534036,0.6323648068089197,0.9852598733892548,0.8,62.409954314069246,7.982168433720922,2344.256753809013,3265.9420139068116,39.316736897535606
10,1,charniere,37.35839349240428,0.6323648068089197,0.9852598733892548,0.8,51.48332626785722,2.4702829427746487,2545.439011104332,2358.2450976821224,7.35409147913531
10,2,charniere,54.384200191978486,0.6323648068089197,0.9852598733892548,0.8,78.0821192439801,2.0036144741884234,1748.7115948661303,2023.0055261374996,15.68548707955284
10,3,charniere,43.052367212336485,0.9425200564315781,0.9852598733892548,0.8,50.30023166662114,2.36206714377925,2364.084748552792,2225.933082383548,5.8437696133277575
10,4,charniere,54.24600103785242,0.9425200564315781,0.9852598733892548,0.8,65.41938895361758,4.070139699853586,1760.0151980096061,2171.662154819883,23.388829668960067
10,5,charniere,36.68680602598445,0.9425200564315781,0.9852598733892548,0.8,92.18208749842782,6.8513585551549845,2874.4274247957223,2317.292450372123,19.38246795231553
11,0,charniere,46.144716419449196,0.6033521258166092,0.8200005612829586,0.8,51.34470343004384,7.3743379959456306,3693.269763280687,5851.47407420464,58.436140581478824
11,1,charniere,52.19628267685321,0.9738253268978391,0.8200005612829586,0.8,94.9078706079966,18.382046017282214,4207.0571889943185,3428.3459334448353,18.509642739979753
11,2,charniere,46.78548988255636,0.9738253268978391,0.8200005612829586,0.8,89.41460219389667,3.156760802682133,4568.663168320167,5351.513610092118,17.135219054894662
11,3,charniere,52.4064480091615,0.6033521258166092,0.8200005612829586,0.8,67.27278031867304,3.141984744225234,3793.451496510815,4701.713838320608,23.942901145439855
11,4,charniere,41.38287265185173,0.6033521258166092,0.8200005612829586,0.8,44.92633679171204,5.365522142112264,5065.724027217717,6979.656784394889,37.78201786938588
11,5,charniere,27.380974954521825,0.6033521258166092,0.8200005612829586,0.8,97.5630657305149,42.84395775080392,6352.706556159312,4047.464746654205,36.28755380287546
12,0,quadratique,25.953561539312442,0.5814830596234758,0.9601986147438886,0.8,62.21996419756741,2.926298436067438,3418.394313855128,3176.6476587865327,7.071935911219182
12,1,quadratique,25.897170609284487,0.9781481441914223,0.9601986147438886,0.8,60.78968975483139,5.3830517985074025,2810.603003788087,3663.771956925702,30.35537043074839
12,2,quadratique,38.324968895075834,0.5814830596234758,0.9601986147438886,0.8,59.422817012488004,1.9522846765567492,2741.4038417684033,2490.8955730865077,9.137955702298118
12,3,quadratique,38.398572151388294,0.9781481441914223,0.9601986147438886,0.8,40.82195639125792,2.586925402510559,2793.932733432857,2467.461069216895,11.685022345360185
12,4,quadratique,52.68689258695088,0.5814830596234758,0.9601986147438886,0.8,60.35763030940789,0.7731600409363355,1846.3170771471982,1915.8248842163541,3.764673355919697
12,5,quadratique,51.794111523830196,0.9781481441914223,0.9601986147438886,0.8,48.47827320247218,2.036518379602194,1779.5021208715798,1959.239467401945,10.10042890212077
13,0,charniere,32.065277977627886,0.9565693907308177,0.7467029331384227,0.8,95.07221596617556,4.445136753212766,3349.616108421795,3006.7398952873077,10.236283861676226
13,1,charniere,27.55495286768154,0.6058587625546991,0.7467029331384227,0.8,41.78311201823354,10.780958020327127,3324.9476130176186,8291.727151892548,149.37918177806222
13,2,charniere,53.48089205167617,0.9565693907308177,0.7467029331384227,0.8,43.09713495078354,4.5257903986548955,1507.0340439270185,1705.1445128956175,13.145719552052332
13,3,charniere,43.36593001168603,0.6058587625546991,0.7467029331384227,0.8,76.43175915187993,7.511643399800919,3149.6813446532014,2231.2002061810153,29.161081327524464
13,4,charniere,44.41793002445019,0.9565693907308177,0.7467029331384227,0.8,62.21302959621015,7.169628982548653,1732.5606210030833,2448.3196579415403,41.312207391858024
13,5,charniere,53.077155516203874,0.6058587625546991,0.7467029331384227,0.8,57.08677186020302,3.2588807007848257,1765.3701596076376,1486.065033298421,15.821334964180744
14,0,charniere,51.84194876807666,0.5473554824200957,0.799773212241712,0.8,60.28426201278027,3.8103621933966325,1279.2018697898136,1570.5902438564258,22.778920274287152
14,1,charniere,46.42765196015432,0.5473554824200957,0.799773212241712,0.8,60.42230086690171,3.878273299760171,2029.3394719493265,1676.2379132074943,17.39982706799926
14,2,charniere,34.271134630974565,0.5473554824200957,0.799773212241712,0.8,79.83620306965935,0.9623496366402723,3471.1547463578668,3259.462959401415,6.098598375038476
14,3,charniere,26.14172842035174,0.5473554824200957,0.799773212241712,0.8,78.79950450430864,1.6905797835427927,5251.623452600648,4770.0391528609425,9.170198588804404
14,4,charniere,34.46121891446822,0.8794207412413886,0.799773212241712,0.8,48.83723004180653,1.6560148031828457,2952.6709057575354,3273.0038362517384,10.848920882769992
14,5,charniere,27.109450273603453,0.8794207412413886,0.799773212241712,0.8,86.75432904923082,1.2756735011711362,5063.876775950065,4768.33673848707,5.836240701326055
15,0,quadratique,27.42906667484394,0.6219970161442719,0.45425790271746946,0.8,59.80385816561877,4.345540150567699,11229.721869368715,10354.48653956869,7.793918139570335
15,1,quadratique,27.71967050648798,0.8648316812191821,0.45425790271746946,0.8,68.44545272928718,5.253821513013863,10177.597246657244,9234.484910200501,9.266551953276606
15,2,quadratique,39.15616156076106,0.6219970161442719,0.45425790271746946,0.8,85.05233933404185,29.58645858917922,9140.476345808247,4884.046837673767,46.56682373108975
15,3,quadratique,38.67028758531991,0.8648316812191821,0.45425790271746946,0.8,94.5187896463669,8.396720068917704,5982.7870505897545,7060.479591766163,18.013219124524497
15,4,quadratique,44.32051095920791,0.6219970161442719,0.45425790271746946,0.8,51.901609039244754,13.426099437463694,5265.873793415242,3588.7540189981687,31.84884105111373
15,5,quadratique,43.444656293744885,0.8648316812191821,0.45425790271746946,0.8,86.37791713831491,14.551732850178094,6590.076639521827,4158.370958324293,36.89950533525173
16,0,charniere,27.590079563593036,0.6094288696552506,0.6115423695506362,0.8,50.2139732263548,3.7021046345364357,3878.721477747776,4498.9515870023115,15.990581247269114
16,1,charniere,27.443961265487363,0.8847108414372605,0.6115423695506362,0.8,53.43542809200624,1.932057970327576,4223.632272173243,4102.6483730619,2.864451526910306
16,2,charniere,42.89649322512855,0.6094288696552506,0.6115423695506362,0.8,85.75641830310818,2.2350657742422713,3415.9350353211607,3312.033301471728,3.0416776892732695
16,3,charniere,42.38504407994977,0.8847108414372605,0.6115423695506362,0.8,52.154455843608766,3.5918253397668325,3713.610280591639,3377.6991218780654,9.04540685028633
16,4,charniere,47.65638799426184,0.6094288696552506,0.6115423695506362,0.8,80.1329518520357,8.62035502707554,2572.960293363734,3781.511904069277,46.97124995759477
16,5,charniere,48.33187472664115,0.8847108414372605,0.6115423695506362,0.8,64.12326734493342,13.052993875103871,3963.2669999385466,2886.04214805098,27.180224090485698
17,0,quadratique,25.963438763055002,0.6011711382851874,0.7731853950207046,0.8,62.921323222215385,10.625954109541638,11387.920098043329,8219.214140751115,27.825150949528176
17,1,quadratique,25.46770045856346,0.9100387352783905,0.7731853950207046,0.8,67.07939559108043,1.7959601260320632,9264.242587861305,10041.686877362285,8.391881820103078
17,2,quadratique,42.928676244319796,0.6011711382851874,0.7731853950207046,0.8,80.69464215365525,3.4445247646024484,3775.499418065633,4719.89212169397,25.013716042689627
17,3,quadratique,42.66346209819488,0.9100387352783905,0.7731853950207046,0.8,62.72001199351138,4.955652231898528,3812.7181854594082,4681.91271785854,22.797240449451152
17,4,quadratique,53.45217381186588,0.6011711382851874,0.7731853950207046,0.8,89.3478007969016,3.309341227131224,2662.471212053355,3514.3000211430863,31.9939162246484
17,5,quadratique,53.723030667603716,0.9100387352783905,0.7731853950207046,0.8,97.82241405306016,7.845748605873061,2878.857051435897,2208.8851815681073,23.272147866238292
18,0,arrhenius,27.105729870905243,0.6404013747305871,0.935672512144129,0.8,84.0892892527811,2.252411928590579,3950.2413005122385,3681.191548183175,6.810970061352324
18,1,arrhenius,28.49322549657407,0.8710136167460347,0.935672512144129,0.8,56.70652889827138,2.4129340553290834,3610.9259005192234,3993.2750655020345,10.588673806012808
18,2,arrhenius,47.43521442636282,0.6404013747305871,0.935672512144129,0.8,79.92666833136532,3.559273845965992,2585.2168461131464,2978.9189523291197,15.22897805682728
18,3,arrhenius,48.40973545485942,0.8710136167460347,0.935672512144129,0.8,87.69117699216967,1.6047034449554598,2633.9281810943958,2764.111076382536,4.942537773905786
18,4,arrhenius,54.728277392332615,0.6404013747305871,0.935672512144129,0.8,85.23224168993943,1.1973848366140498,2535.3286422013134,2542.166030141783,0.26968448297625025
18,5,arrhenius,54.481265605252915,0.8710136167460347,0.935672512144129,0.8,58.4187516002185,0.837928893575993,2559.4673438463747,2610.8706986677803,2.008361425082944
19,0,arrhenius,27.494798412576845,0.5392062708576902,0.5123728002523842,0.8,78.21316809017,3.639272845838444,4376.995396456415,5940.955782456463,35.73136922342252
19,1,arrhenius,27.641836775246315,0.9016331884597214,0.5123728002523842,0.8,65.43511478955581,23.351921034780727,6137.309156610012,5016.069482920348,18.269238929931785
19,2,arrhenius,32.35783130896666,0.5392062708576902,0.5123728002523842,0.8,46.14878737919391,7.5966340697521035,4887.9419273366475,4440.001544151746,9.164192002358261
19,3,arrhenius,32.68220706213815,0.9016331884597214,0.5123728002523842,0.8,83.34107476521741,11.231068144021027,4910.275508258807,4337.494525694302,11.664945920063344
19,4,arrhenius,53.37279881983968,0.5392062708576902,0.5123728002523842,0.8,69.1217258056711,38.259476545581755,2295.9502906849707,1627.8247245658467,29.100175593078554
19,5,arrhenius,53.66948355415035,0.9016331884597214,0.5123728002523842,0.8,42.65386911475193,6.269778542070337,1480.4466253636517,2408.2154278388743,62.66816963072402
20,0,charniere,47.19848074862298,0.9201682342912931,0.5598666562965614,0.8,45.59455314850384,10.334103220503401,2904.2232711351267,2065.6336322936822,28.874833666410176
20,1,charniere,35.310927686705966,0.9201682342912931,0.5598666562965614,0.8,89.13230050136778,10.507406718461247,6239.843791649558,4543.145007373899,27.19136633750765
20,2,charniere,26.417353509751923,0.9201682342912931,0.5598666562965614,0.8,48.48557461276286,9.978962634973424,7522.03364447844,5855.033088964898,22.16156739390825
20,3,charniere,47.2636872181329,0.6224821185422258,0.5598666562965614,0.8,54.232923625850106,2.083523189326976,2400.929185690834,2122.0979623989188,11.613471357410543
20,4,charniere,53.78745440419307,0.6224821185422258,0.5598666562965614,0.8,57.76177454165332,2.5252232178606318,1496.6922896221697,1602.0233136212275,7.037587133267585
20,5,charniere,54.670171712876105,0.9201682342912931,0.5598666562965614,0.8,89.79874434124247,5.587281499773977,1463.5741051469893,1680.3493190072497,14.81135892592807
21,0,charniere,26.474489329543662,0.8944094634825732,0.6368503454658759,0.8,85.11034785235982,3.59663860866446,7007.823335029579,8196.29411472707,16.959200066542138
21,1,charniere,45.21615312988079,0.5499810996664717,0.6368503454658759,0.8,48.983946980848124,2.2735828811744967,3831.2774412024473,4248.3976677571445,10.887236253602763
21,2,charniere,30.829070484456533,0.8944094634825732,0.6368503454658759,0.8,86.10480999934978,34.272659204773966,8709.286734830328,6012.123278622209,30.968821423935633
21,3,charniere,25.482159086319594,0.5499810996664717,0.6368503454658759,0.8,46.39899573546907,1.698826693600238,7362.170429006174,7639.6675696448265,3.7692300567417276
21,4,charniere,52.47710412279791,0.8944094634825732,0.6368503454658759,0.8,65.47971154660787,1.3077850656167216,3182.105360850709,3363.757594877092,5.708554979393251
21,5,charniere,31.732729630974433,0.5499810996664717,0.6368503454658759,0.8,52.529716623734494,11.481043020132704,7188.373110928418,5987.010701758827,16.712577249825426
22,0,arrhenius,27.669075655249387,0.5763764652113135,0.8044928993305478,0.8,65.07458434578827,2.08898318806201,5716.655687226892,6348.094022824845,11.045589766912457
22,1,arrhenius,26.73368433406888,0.9762773767484892,0.8044928993305478,0.8,61.74611408163388,3.5742766221183033,6588.790221871809,5577.503481136055,15.348595215229938
22,2,arrhenius,49.08602491430627,0.5763764652113135,0.8044928993305478,0.8,64.92469790927208,4.181858719141457,4733.152614433361,6408.89831287574,35.40442987898446
22,3,arrhenius,47.895091977496676,0.9762773767484892,0.8044928993305478,0.8,44.6261682547035,1.3479698363226582,6398.155114150306,5944.725720261363,7.086877166921577
22,4,arrhenius,54.5730313707545,0.5763764652113135,0.8044928993305478,0.8,46.5800548066832,1.9108470986124892,5695.872153001007,6235.652716054385,9.47669730910272
22,5,arrhenius,54.71400027820363,0.9762773767484892,0.8044928993305478,0.8,61.707114120958366,7.096941061788391,7236.338941399375,5539.937231194233,23.442817202770332
23,0,quadratique,25.71548676685303,0.6274560788382955,0.48560561672055047,0.8,64.2107033039273,2.1067589115393073,7332.181177171956,8032.540935132596,9.551861049767064
23,1,quadratique,25.195717930901058,0.8670770128891612,0.48560561672055047,0.8,55.98385993449413,2.7001719556827966,8138.327102421258,8578.548479497613,5.409236708430939
23,2,quadratique,38.99498956447723,0.6274560788382955,0.48560561672055047,0.8,49.066422309300314,2.2584833131965114,3406.759228650102,3397.799300969756,0.2630044296936217
23,3,quadratique,37.43138770416692,0.8670770128891612,0.48560561672055047,0.8,54.717613767440355,4.586242065435469,4372.645824873921,3604.496534969309,17.567150889170417
23,4,quadratique,54.83388702929646,0.6274560788382955,0.48560561672055047,0.8,42.22910057050028,2.407988971161867,1342.410820393183,1147.294407930452,14.534776500503973
23,5,quadratique,55.3774833756663,0.8670770128891612,0.48560561672055047,0.8,78.81236846271712,6.189447278582103,1261.4265111727636,1617.0480869087914,28.192016941629213
24,0,charniere,49.77429755783888,0.5190063524225975,0.44622576657837265,0.8,42.8006264508265,32.56037732581642,5162.311777060597,3933.1167590727364,23.81094112622078
24,1,charniere,48.95968928193787,0.9154198281448541,0.44622576657837265,0.8,48.651605970587106,9.247028510955477,4601.060830849284,4186.020241121247,9.02054124008239
24,2,charniere,54.36235643075201,0.9154198281448541,0.44622576657837265,0.8,77.34444975808039,7.199940749512028,2470.0960705820744,4345.938166075509,75.9420703443083
24,3,charniere,25.415772830439003,0.9154198281448541,0.44622576657837265,0.8,80.78692072323751,5.7213389352577675,7733.9781691693715,,
24,4,charniere,31.631704653698314,0.9154198281448541,0.44622576657837265,0.8,67.92005892872247,38.24164016104545,9248.824166546243,6567.484532267875,28.99114077632694
24,5,charniere,53.729212984820016,0.5190063524225975,0.44622576657837265,0.8,42.198322347147595,18.831326509095916,4112.664014206324,3549.4907120883227,13.693637510203583
25,0,arrhenius,26.381533283214175,0.6268212994447303,0.4824154783537682,0.8,80.56959015104938,3.8134191394879786,,,
25,1,arrhenius,25.9658845509958,0.9811676446164185,0.4824154783537682,0.8,83.44575965617179,1.010347974246898,,,
25,2,arrhenius,34.076895162971,0.6268212994447303,0.4824154783537682,0.8,88.44727555966179,11.528073082533485,8875.35099559405,7907.557256893683,10.904286931083673
25,3,arrhenius,35.01504432025232,0.9811676446164185,0.4824154783537682,0.8,61.18727820406781,19.950195951147894,8939.491386810012,7490.361582858872,16.21042787836111
25,4,arrhenius,52.05754862205702,0.6268212994447303,0.4824154783537682,0.8,68.09077176799886,4.536042870604292,2476.4101314378718,3048.9615630420753,23.12021842972208
25,5,arrhenius,52.204221245884156,0.9811676446164185,0.4824154783537682,0.8,60.66478659338868,3.0297378864589937,2718.3122364665464,2679.798329764183,1.41683159813997
26,0,charniere,25.864474650958368,0.5953174156944352,0.8349882880984554,0.8,84.09770413083524,3.9136754091357577,2799.2533491278487,3452.9165969234887,23.351342885748412
26,1,charniere,26.47088606883776,0.9623853540739153,0.8349882880984554,0.8,59.768686140084014,1.542825335973933,3382.417722620197,3369.4365993287306,0.38378238159804795
26,2,charniere,32.13385956109639,0.5953174156944352,0.8349882880984554,0.8,52.911348977085126,1.1889296254131665,3089.6726659678584,3086.557477372587,0.10082584571448343
26,3,charniere,31.466301885867235,0.9623853540739153,0.8349882880984554,0.8,47.397905232297255,1.939796299294145,3026.876521628857,3174.2159114783685,4.867704010939419
26,4,charniere,44.91725255099862,0.5953174156944352,0.8349882880984554,0.8,66.23510600887225,1.5430615805901584,2558.9577353234527,2647.6711181958735,3.4667779638497036
26,5,charniere,45.68075058432436,0.9623853540739153,0.8349882880984554,0.8,57.884763831764865,1.4091080508548464,2641.355233870392,2476.9367848336087,6.224776089502363
27,0,charniere,27.695904871885947,0.5169813558858932,0.5749383662805994,0.8,44.92226315821571,5.745625241978827,3513.33530403786,4503.89363535155,28.19424408980395
27,1,charniere,26.73418524049155,0.8955313849362,0.5749383662805994,0.8,54.90534858342291,1.930105492296221,4306.700062312541,4142.824245350995,3.805136521941844
27,2,charniere,38.81131365527816,0.5169813558858932,0.5749383662805994,0.8,79.30674791498238,2.6203922169703513,3221.7862945779934,2948.9429652096846,8.46869731327252
27,3,charniere,38.47259742663253,0.8955313849362,0.5749383662805994,0.8,47.91997832107837,13.668841405397092,4000.297103303305,2792.8878097661795,30.182990471884928
27,4,charniere,54.68053738436952,0.5169813558858932,0.5749383662805994,0.8,86.69208442477635,2.910355930958824,1980.6088781999933,2106.6066240761734,6.361566246774005
27,5,charniere,54.76972294809018,0.8955313849362,0.5749383662805994,0.8,63.86800963656326,1.9455043077201408,1900.7699248348652,1825.358560004395,3.9674115128384986
28,0,charniere,26.558399858220305,0.5331333426977959,0.7586402763106894,0.8,40.805615941898985,2.8303696106486407,4191.975355479303,5047.717021115731,20.413804783415372
28,1,charniere,26.172514227556512,0.9673529779496304,0.7586402763106894,0.8,78.53665107280474,3.150080546014109,4208.193870225982,4885.726630300006,16.100321918810266
28,2,charniere,36.10377075107016,0.5331333426977959,0.7586402763106894,0.8,54.00069270686949,15.050861840392662,4067.131172690285,2897.2036365269873,28.76542423856533
28,3,charniere,36.50147166992165,0.9673529779496304,0.7586402763106894,0.8,84.8153873011339,2.686957933895039,3379.4262035676793,3129.7875944961575,7.387011700624709
28,4,charniere,54.913228127967585,0.5331333426977959,0.7586402763106894,0.8,88.70576686444646,1.2244358554543049,1469.9381841887378,1549.229290843527,5.394179667395346
28,5,charniere,53.875176089115115,0.9673529779496304,0.7586402763106894,0.8,55.77651173908974,3.946676272314707,1432.9689074169373,1811.65242610304,26.42649932779879
29,0,charniere,26.015358475744453,0.568627839354186,0.5439204350863254,0.8,80.82411756208037,1.5839445359512345,,,
29,1,charniere,25.810176443670326,0.9007330227159985,0.5439204350863254,0.8,79.4429618434701,5.5376739237058965,,,
29,2,charniere,33.8894202794556,0.568627839354186,0.5439204350863254,0.8,70.11807164427756,4.390931684507407,,11181.946058795931,
29,3,charniere,32.989445273085735,0.9007330227159985,0.5439204350863254,0.8,86.74758258317672,12.244501647750607,,10657.053093429431,
29,4,charniere,52.675610397524586,0.568627839354186,0.5439204350863254,0.8,89.01138682891408,4.4726547940129056,4349.322730709339,5775.7335245733275,32.79615890061468
29,5,charniere,52.224531255651435,0.9007330227159985,0.5439204350863254,0.8,54.816925699111366,2.9110519681642826,5038.531116108592,6107.13356309168,21.20861065175681
30,0,arrhenius,25.40489682717732,0.5734492505007338,0.46332532437435703,0.8,70.40675532560604,2.892548987105904,,10990.239174246019,
30,1,arrhenius,25.58013130116073,0.9226324252970456,0.46332532437435703,0.8,83.97682471558555,4.402823163949658,,11090.383317795304,
30,2,arrhenius,30.880689800833714,0.5734492505007338,0.46332532437435703,0.8,59.88447937215366,2.5308310644178436,7038.88935769162,8455.509937580737,20.125626471754813
30,3,arrhenius,31.802410016458158,0.9226324252970456,0.46332532437435703,0.8,66.10998455123509,2.106853739356184,7156.168777129269,7811.806856797278,9.161858811427042
30,4,arrhenius,53.124185701100046,0.5734492505007338,0.46332532437435703,0.8,54.01418475534316,28.528021834104493,3223.004600037347,1169.269816447244,63.721124802809925
30,5,arrhenius,52.953419703601526,0.9226324252970456,0.46332532437435703,0.8,92.37082372199505,9.67307675770954,1973.8176728917972,3259.0453888113566,65.11380121734346
31,0,charniere,26.220183695207684,0.5605882263215513,0.8415099010964986,0.8,55.70295673612214,1.7944741449249348,6039.648936438507,6337.102459789498,4.925013464878564
31,1,charniere,54.54766392016245,0.5605882263215513,0.8415099010964986,0.8,43.08813372079597,1.7420279254097255,1430.5076338708125,1362.4136597844963,4.760126578427309
31,2,charniere,42.33791316453481,0.8856952997445185,0.8415099010964986,0.8,57.149455350665704,5.766448286481629,3114.758008031499,2478.547433687371,20.42568227463063
31,3,charniere,26.732473327572883,0.8856952997445185,0.8415099010964986,0.8,48.6361084975162,1.432941462246604,5815.373941781399,6058.095707761478,4.173794641754835
31,4,charniere,53.853932547621106,0.8856952997445185,0.8415099010964986,0.8,91.76385048927945,3.803251220225431,1372.1553258281538,1616.7664732623118,17.82678264113612
31,5,charniere,36.41139452828061,0.8856952997445185,0.8415099010964986,0.8,60.67349897311911,1.5359932129309837,3617.8353746807807,3513.6988872158986,2.878419736665617
32,0,charniere,41.462789993492066,0.5873318272750158,0.5146913804080859,0.8,40.0399745239853,41.839641833075476,9211.520352695743,4848.37844940877,47.36614300602509
32,1,charniere,31.057316454181564,0.5873318272750158,0.5146913804080859,0.8,53.66433753243041,5.674698046243008,4793.075595792604,7317.543183491552,52.66905428979554
32,2,charniere,24.292867751259912,0.5873318272750158,0.5146913804080859,0.8,86.66340403538399,6.759949203451041,5352.795005314507,10385.386770482424,94.01801787984266
32,3,charniere,54.414898633280956,0.5873318272750158,0.5146913804080859,0.8,55.81500975404026,5.190568228812847,3748.516978850138,5111.9271635326095,36.37198903926798
32,4,charniere,54.904157104547735,0.8590662805607973,0.5146913804080859,0.8,64.93649976282644,7.939133486418401,3023.955778277984,5835.5468347910455,92.97725438677364
32,5,charniere,41.323914505738216,0.8590662805607973,0.5146913804080859,0.8,87.5576071469219,56.917948113452276,,4793.983059462046,
33,0,arrhenius,52.04427532747624,0.586265569924947,0.5171628869550728,0.8,94.69587860904322,3.3669238029784228,2070.5983567714998,1699.5298274058134,17.920835692358057
33,1,arrhenius,44.3210818192499,0.9378203649299643,0.5171628869550728,0.8,91.7680359840061,2.852198585803176,2803.396093367596,2398.375661177978,14.447492209461021
33,2,arrhenius,25.958880990613057,0.586265569924947,0.5171628869550728,0.8,86.20337980419566,1.33406128336144,6522.817605759097,6423.198866720545,1.5272347788875344
33,3,arrhenius,43.69173113771384,0.586265569924947,0.5171628869550728,0.8,47.391773446303425,3.1280990766154546,2859.495671613215,2593.2218930632057,9.311914027125917
33,4,arrhenius,39.30387344340026,0.586265569924947,0.5171628869550728,0.8,95.03928998577946,2.3885621866569795,3484.40690086367,3075.1195545343517,11.746255760998224
33,5,arrhenius,52.39374532654095,0.9378203649299643,0.5171628869550728,0.8,58.49105308120115,4.8399857617641935,1372.9256110261929,1807.5646202952435,31.657870301084976
34,0,arrhenius,25.64200741082321,0.5829116683136271,0.5501238105860418,0.8,84.07238816613477,40.58777118958716,,8417.431972790533,
34,1,arrhenius,25.683633219819633,0.8924432676797819,0.5501238105860418,0.8,93.48713327742769,1.8124587945155823,,,
34,2,arrhenius,35.11430878137982,0.5829116683136271,0.5501238105860418,0.8,94.59407625753596,37.631839183559755,10863.221287937533,7222.018830752363,33.518625467275925
34,3,arrhenius,35.34666561550798,0.8924432676797819,0.5501238105860418,0.8,81.53025264252419,32.13358973967149,8850.155788463408,6555.649627842285,25.92616689993321
34,4,arrhenius,52.417245530807136,0.5829116683136271,0.5501238105860418,0.8,66.48857186245428,10.804919272742492,3398.916342733048,2927.247334189039,13.877040826628376
34,5,arrhenius,53.136118897251265,0.8924432676797819,0.5501238105860418,0.8,57.33190952147738,2.690516465110828,2932.3972876558873,3207.4359296864445,9.379310340667338
35,0,arrhenius,27.376194010025635,0.9168418424052841,0.9576797032416808,0.8,60.60520564737085,4.651448367291817,2944.495963788082,3348.81939652772,13.731498963220776
35,1,arrhenius,27.34670687546471,0.5219296419091901,0.9576797032416808,0.8,67.4109537377878,4.087110816010469,3380.8664120010812,3082.1798791809497,8.834615048967395
35,2,arrhenius,46.56452150211392,0.5219296419091901,0.9576797032416808,0.8,48.16008231606575,1.5312639526537277,1462.0956386054777,1501.3267172463043,2.683208786413215
35,3,arrhenius,39.20061817247809,0.5219296419091901,0.9576797032416808,0.8,65.70681979928968,1.0452034423084675,1945.8402948326773,1962.1825363236285,0.8398552303778084
35,4,arrhenius,46.30874939750576,0.9168418424052841,0.9576797032416808,0.8,50.15681969430375,4.54339711591084,1648.4907425500576,1470.038838149577,10.82516873127431
35,5,arrhenius,53.92412480219009,0.9168418424052841,0.9576797032416808,0.8,67.77885795503416,2.3566513550169135,1081.3753329641104,1207.4721493601085,11.660781650193522
36,0,arrhenius,27.78082528380741,0.5039792614391746,0.6476918929171678,0.8,83.084237160425,1.5416195481502113,2604.1640804594913,2656.332007962767,2.003250405560886
36,1,arrhenius,27.309377751900577,0.914034220865746,0.6476918929171678,0.8,52.99560455915104,5.2019980018424965,2952.6981749978886,2230.4045573158483,24.462155454902085
36,2,arrhenius,37.518345371463774,0.5039792614391746,0.6476918929171678,0.8,52.490811874331804,0.6645755231693461,2514.257823291728,2613.4750778350017,3.946184580759341
36,3,arrhenius,37.29906156903381,0.914034220865746,0.6476918929171678,0.8,67.49759732310562,1.719576848965777,2527.3894226152884,2605.6545113535003,3.0966770707311464
36,4,arrhenius,53.11499676280044,0.5039792614391746,0.6476918929171678,0.8,43.80566751677925,1.0419119973026476,2763.5715715266947,2743.1566762995567,0.7387141855660389
36,5,arrhenius,53.28835635140892,0.914034220865746,0.6476918929171678,0.8,49.40608971012609,0.7692522778348283,2781.0378340725074,2759.4285984851213,0.7770205540764585
37,0,charniere,26.850821239252095,0.5274520479219154,0.4650097471115185,0.8,52.61704415746306,31.132536432742505,10761.057119730898,6526.489451725954,39.35085206676088
37,1,charniere,27.483910412034774,0.8975467486600467,0.4650097471115185,0.8,88.99679684518424,4.986702964511053,8098.723440115059,11163.017305978525,37.83675153895527
37,2,charniere,44.81011765095572,0.5274520479219154,0.4650097471115185,0.8,87.0121410719054,26.122919255852853,7813.847339722164,4720.57507545541,39.58705781903261
37,3,charniere,45.46685013947734,0.8975467486600467,0.4650097471115185,0.8,92.42559873284267,15.362564923947568,7115.043128697615,5097.704900851763,28.353141243925517
37,4,charniere,52.65689245465965,0.5274520479219154,0.4650097471115185,0.8,44.614924845705794,31.851834795866147,6590.937808309609,3381.6553499773154,48.69234927821879
37,5,charniere,53.27516311821474,0.8975467486600467,0.4650097471115185,0.8,91.83481539182819,5.242639914336702,4275.1825200385965,5706.2154393375595,33.473025130305864
38,0,arrhenius,53.06441318345698,0.6066561040977387,0.9873574693947583,0.8,80.35562434075293,1.3285237258145417,1894.7072188838863,2118.2725515204215,11.799465923195811
38,1,arrhenius,41.97043820800731,0.6066561040977387,0.9873574693947583,0.8,57.38169252186429,1.2382366170708694,2608.4670031442724,2795.990514081071,7.189031362511233
38,2,arrhenius,36.534807898045784,0.6066561040977387,0.9873574693947583,0.8,55.86637755981006,0.7541110401916415,3052.5055902655113,3165.92072888137,3.7154768521158945
38,3,arrhenius,36.28408213560531,0.9928864433598759,0.9873574693947583,0.8,67.57418918140695,4.296892648049595,3420.5240925366875,3067.224506856165,10.328814419152726
38,4,arrhenius,27.103827875157307,0.6066561040977387,0.9873574693947583,0.8,40.71855658125474,1.5791361523129586,3938.7718742644083,3940.2878998518486,0.03848980433078221
38,5,arrhenius,53.871334136020366,0.9928864433598759,0.9873574693947583,0.8,40.41535698605154,1.1839379309367979,2181.930162760079,2133.7063467364173,2.2101447996236434
39,0,charniere,40.126276821662714,0.8922438599072413,0.8606000488774084,0.8,59.20919119829853,4.238860856431347,3867.023984362621,4796.586251365369,24.038182094594966
39,1,charniere,34.6266373664123,0.8922438599072413,0.8606000488774084,0.8,96.19203057144733,5.472860520612167,5753.8114434701565,4748.657486498332,17.46935864769337
39,2,charniere,24.22099252274243,0.5334349624737863,0.8606000488774084,0.8,88.33505034837187,13.141237645252266,4914.258904960614,,
39,3,charniere,52.978897568388184,0.8922438599072413,0.8606000488774084,0.8,89.51517629551753,4.079856499612943,2756.930483123323,3531.5255176955116,28.096284593097565
39,4,charniere,54.64869727886167,0.5334349624737863,0.8606000488774084,0.8,44.35742593923576,2.8507409336943277,2960.264151592445,3338.2453338578825,12.7684950703506
39,5,charniere,40.583509499179016,0.5334349624737863,0.8606000488774084,0.8,70.3503658222152,1.846144053495417,4963.961397020377,4848.267333467973,2.330680162457543
40,0,arrhenius,26.469265511122373,0.6498059931366145,0.4975761241620327,0.8,45.113210825339564,26.126578011610643,9274.674997763723,7681.048196859094,17.182562206102947
40,1,arrhenius,27.356597507317566,0.8961801557650945,0.4975761241620327,0.8,50.25572352176277,2.4761034130079946,7211.347947954702,8885.62227697304,23.217217378800843
40,2,arrhenius,49.91306579358819,0.6498059931366145,0.4975761241620327,0.8,81.76051860652912,7.452231413236114,3429.0010879180068,3139.3295291600757,8.44769515467875
40,3,arrhenius,49.056589558933084,0.8961801557650945,0.4975761241620327,0.8,82.7426604969781,1.843413637651567,3088.895061434724,3308.895012321655,7.122286335772953
40,4,arrhenius,54.92716484363225,0.6498059931366145,0.4975761241620327,0.8,41.72034654660508,29.586520246474986,3167.8403417970617,2480.96786239971,21.682673534225543
40,5,arrhenius,55.30107578240347,0.8961801557650945,0.4975761241620327,0.8,65.39371161255433,4.179286431026784,2117.707653175298,2852.8984273925043,34.71634874222882
41,0,arrhenius,26.740642987478896,0.5606874848201471,0.4170060513557118,0.8,72.39809098995048,3.204112879473301,,,
41,1,arrhenius,26.590591100302163,0.9067456639476156,0.4170060513557118,0.8,82.42217527024881,2.7447990607564305,,,
41,2,arrhenius,31.13970900513166,0.5606874848201471,0.4170060513557118,0.8,61.48072484535328,3.3003243424242505,8776.385957116032,10711.013276128753,22.04355333124445
41,3,arrhenius,31.680140380240886,0.9067456639476156,0.4170060513557118,0.8,70.03900130812477,8.12947776333453,,9086.080275213651,
41,4,arrhenius,52.85682501836173,0.5606874848201471,0.4170060513557118,0.8,88.94651300704795,3.4649091748159115,2194.237505629861,2350.657339574547,7.128664674783483
41,5,arrhenius,50.83488540843715,0.9067456639476156,0.4170060513557118,0.8,44.711631324827394,11.299196823052672,2689.425049684557,1600.707778097356,40.48141336806902
42,0,arrhenius,28.111384916839864,0.6268234783850306,0.7416398018562358,0.8,56.695496561566465,10.566911956065953,9943.111910765449,7116.65772525849,28.426253378952165
42,1,arrhenius,26.990209044655636,0.9010461978447649,0.7416398018562358,0.8,55.831932353988094,4.904749594029221,7260.049912838405,9314.200231562507,28.293887003333374
42,2,arrhenius,40.30250396533377,0.6268234783850306,0.7416398018562358,0.8,44.46622284222627,0.957906550760538,6802.207586198229,6697.810957528379,1.5347462915079613
42,3,arrhenius,40.5993407669041,0.9010461978447649,0.7416398018562358,0.8,94.21661281901284,4.899821315979243,5378.0542895695,6868.7538835963005,27.71819535027653
42,4,arrhenius,52.488535314730655,0.6268234783850306,0.7416398018562358,0.8,51.79532845863567,1.7046969362750686,5861.2484248713645,5377.455642848905,8.254091056259524
42,5,arrhenius,53.97357694107485,0.9010461978447649,0.7416398018562358,0.8,83.02276964642523,0.6366778056349812,5499.377671618146,5359.966115945279,2.5350423992947335
43,0,quadratique,27.827224163995247,0.5638373200269999,0.9480993036344877,0.8,56.190991445008684,3.213487897799165,4983.369929628918,5440.799865234864,9.179128623108431
43,1,quadratique,27.363345768885964,0.9101688902803833,0.9480993036344877,0.8,95.76357246904612,4.099013434257132,3855.567940153402,4846.603825464604,25.704018206764403
43,2,quadratique,48.3125472483347,0.5638373200269999,0.9480993036344877,0.8,67.18481536176627,4.167684421708726,2307.92602205355,2945.4210198460673,27.621985787277804
43,3,quadratique,47.465313081094564,0.9101688902803833,0.9480993036344877,0.8,46.03973664723329,3.8716623912314168,2530.902844452441,2982.339148035405,17.836966937410498
43,4,quadratique,52.89612664761037,0.5638373200269999,0.9480993036344877,0.8,95.48104474674415,7.966588403445654,2520.4422502630982,2016.3613426332263,19.999700750027223
43,5,quadratique,53.528672377294015,0.9101688902803833,0.9480993036344877,0.8,50.14343728839777,5.231766800657991,1989.4317122867335,2668.1247634265824,34.11492070565878
44,0,arrhenius,27.562974081765184,0.545551182684923,0.6355712118088002,0.8,85.55390129319028,1.9606471510382601,3252.083388624016,3530.895068718229,8.573325058930317
44,1,arrhenius,27.233649311309094,0.9366197612160968,0.6355712118088002,0.8,44.91229591574796,14.738994077576951,4106.376292177418,3072.304314805968,25.182104702419522
44,2,arrhenius,36.09377873797645,0.545551182684923,0.6355712118088002,0.8,68.27642317070891,0.43371159993179104,2144.316909417886,2177.310702761291,1.538662181811624
44,3,arrhenius,36.81082972710278,0.9366197612160968,0.6355712118088002,0.8,90.83607246816656,0.8845208586514755,2195.8930127831177,2145.35065558157,2.3016766712823182
44,4,arrhenius,52.39631605173174,0.545551182684923,0.6355712118088002,0.8,80.48025298040712,2.907574041943578,925.0132238322566,1060.7644472466022,14.675598133823328
44,5,arrhenius,51.89820850161875,0.9366197612160968,0.6355712118088002,0.8,85.02720438747411,12.212693505785195,1261.2688339358842,902.1112559037925,28.475894144733083
45,0,charniere,38.919647712829445,0.6394080386468906,0.7128054716060777,0.8,62.444803580121174,16.26021040880056,1942.16780531107,1674.6135394828505,13.776063278186527
45,1,charniere,39.22294157189473,0.9236882417602815,0.7128054716060777,0.8,46.87843799437226,0.9130722902321187,1655.5402326311903,1706.758480233775,3.093748287903713
45,2,charniere,45.643266820922655,0.6394080386468906,0.7128054716060777,0.8,62.4402048044501,0.7169245750704669,1382.1522635767494,1393.555229987792,0.8250152108085307
45,3,charniere,27.70254244942095,0.6394080386468906,0.7128054716060777,0.8,55.53202658215978,3.257941209380963,2382.9276715058973,2774.0147891124657,16.41204314688326
45,4,charniere,44.98090197072327,0.9236882417602815,0.7128054716060777,0.8,88.30940434928095,1.234763801599569,1363.318979160679,1386.2624281336668,1.6829112866244191
45,5,charniere,54.03211628599771,0.6394080386468906,0.7128054716060777,0.8,48.58322960996564,2.811256727967906,927.7098842378634,1171.5504112945416,26.284135935125796
46,0,quadratique,26.496342119536273,0.5972267777560653,0.8657876399589921,0.8,94.69143298754985,4.583061052956724,7897.561691040306,6781.679676358701,14.12944980154521
46,1,quadratique,25.87755793594094,0.994361346543999,0.8657876399589921,0.8,66.32640411022082,6.542942781477441,6214.4651649345415,9294.458409450795,49.561678483536824
46,2,quadratique,34.82028556045543,0.5972267777560653,0.8657876399589921,0.8,70.34961901021983,4.179843641139253,5734.6609672178665,5034.243139031606,12.213761758370586
46,3,quadratique,34.53213685422681,0.994361346543999,0.8657876399589921,0.8,55.987587087791646,3.5089474641273313,4562.7147647100965,5326.193269628092,16.73298779978645
46,4,quadratique,54.399767023297784,0.5972267777560653,0.8657876399589921,0.8,65.24893427397504,3.0027974557550894,2250.053367309448,1969.960982428028,12.448255181446942
46,5,quadratique,53.95798427715474,0.994361346543999,0.8657876399589921,0.8,69.05574483236686,2.810915620099689,1981.5070039187658,2263.493060419448,14.230888709603692
47,0,charniere,26.56772638897187,0.6267789442937158,0.9609544169256111,0.8,91.20728546760905,1.8932722131789566,4155.555935051787,3911.0473458734973,5.883895993695547
47,1,charniere,26.210560228675305,0.9553827974688089,0.9609544169256111,0.8,58.245472971419765,1.8574552588794544,3918.6386178656558,4133.701062781265,5.488192862059485
47,2,charniere,46.50298042060788,0.6267789442937158,0.9609544169256111,0.8,60.882971880665494,2.0311310103942155,1997.5874244117683,1911.9923531077482,4.284922414808726
47,3,charniere,45.90241313092018,0.9553827974688089,0.9609544169256111,0.8,51.04891425338578,0.6721335442681828,1982.3313260821747,1957.9315498073627,1.2308626693114433
47,4,charniere,53.89849461313761,0.6267789442937158,0.9609544169256111,0.8,80.41976440546473,0.9577092283096768,1434.4341013306478,1507.6202705334688,5.102093510948333
47,5,charniere,53.668083473305636,0.9553827974688089,0.9609544169256111,0.8,55.43021583840403,0.8631947668227529,1474.7358155007005,1519.4490497860436,3.031948760948897
48,0,arrhenius,53.28976836317666,0.5644449977618514,0.5712687203217012,0.8,41.62701115479201,3.3747278489707067,1835.4574686084313,2269.0816011393,23.62485320129072
48,1,arrhenius,45.08367498488395,0.5644449977618514,0.5712687203217012,0.8,51.39228756051457,4.075343286547707,2493.150436407238,3252.090050229544,30.440987544898345
48,2,arrhenius,32.27314607906453,0.5644449977618514,0.5712687203217012,0.8,59.446852942660946,8.064451905747722,7022.567382823437,5534.088047675372,21.195657570887114
48,3,arrhenius,52.49236638150746,0.8982290275321172,0.5712687203217012,0.8,62.654212196828304,5.630622693318231,2589.9812224872157,2010.1361754003335,22.38800196898896
48,4,arrhenius,27.763688312689755,0.8982290275321172,0.5712687203217012,0.8,83.65696990578252,2.420713500631878,7607.79765186414,8921.182567996002,17.26366783440991
48,5,arrhenius,44.59893647985396,0.8982290275321172,0.5712687203217012,0.8,90.11395045705548,10.725866988598552,4279.972339833979,3073.66731381587,28.18487901874857
49,0,charniere,25.910866685524184,0.5475435456131015,0.4551191462874415,0.8,56.99193647353364,2.3037277408125956,9354.843532326198,10150.939110854499,8.509982831645942
49,1,charniere,27.408084824220033,0.8942566935439064,0.4551191462874415,0.8,68.45766480431904,2.5698555089873625,8304.124527883227,8203.400363763501,1.2129413977538268
49,2,charniere,48.939352843858096,0.5475435456131015,0.4551191462874415,0.8,42.72670026956239,6.981076410282649,1264.1134219392552,1745.028816403193,38.043690235182666
49,3,charniere,48.5705918121401,0.8942566935439064,0.4551191462874415,0.8,63.45196876851695,7.922241561221477,2441.808812178486,1590.10453677735,34.880055766580625
49,4,charniere,53.186346304739295,0.5475435456131015,0.4551191462874415,0.8,56.494329980428034,3.179721691513364,1490.0075431003195,1173.5614916466204,21.237882514021162
49,5,charniere,54.237834135047684,0.8942566935439064,0.4551191462874415,0.8,78.68646687271372,6.561263404774576,1051.2527477588944,1389.6345482204379,32.18843434016417
50,0,arrhenius,27.547387494660075,0.9846003602666062,0.4905821628524351,0.8,65.33984935722852,3.846905577837086,6241.047546956096,5587.700240485123,10.468551978739947
50,1,arrhenius,37.394898888453426,0.6211310060357543,0.4905821628524351,0.8,51.94741563704442,2.1812148758303143,3511.5729797494705,3816.864373215292,8.693864408525037
50,2,arrhenius,42.291528024947254,0.6211310060357543,0.4905821628524351,0.8,63.86200825241896,7.44949892349648,2377.4801852757,3288.638093479548,38.32452164467512
50,3,arrhenius,27.402866901130533,0.6211310060357543,0.4905821628524351,0.8,60.88148649517198,3.2097422617872726,5966.861179872392,5939.1919064670765,0.4637157220726153
50,4,arrhenius,52.44384500938005,0.6211310060357543,0.4905821628524351,0.8,48.74405484644251,4.7023635556142755,2197.6671437288533,1609.789071259738,26.75009608013903
50,5,arrhenius,37.28777386768001,0.9846003602666062,0.4905821628524351,0.8,57.48103809617849,6.164403137627072,4767.621157631641,3578.28164158925,24.94618336313463
51,0,charniere,25.922973721491957,0.5214094171877899,0.7058477896217347,0.8,46.05391507397869,4.361171928710023,3965.5170383745076,4771.965266841405,20.336521585025537
51,1,charniere,26.07320192130834,0.8964189428365988,0.7058477896217347,0.8,68.32237012154859,3.7015959945406856,4398.796845054011,4000.3844508202974,9.057303809828975
51,2,charniere,46.66608937915859,0.5214094171877899,0.7058477896217347,0.8,55.71037629914067,3.0241209635499335,4126.677524544735,3664.353392390534,11.203301673183345
51,3,charniere,46.97192276068181,0.8964189428365988,0.7058477896217347,0.8,94.18298230612344,0.5298892951619161,3730.254783369228,3765.7139335417437,0.9505825267111788
51,4,charniere,53.96421235897789,0.5214094171877899,0.7058477896217347,0.8,64.93029391455022,13.453776873085365,4817.4692815575045,3123.697993860865,35.15894318580973
51,5,charniere,54.11623795471986,0.8964189428365988,0.7058477896217347,0.8,62.51152940075267,7.889426324742519,2629.814139322329,4175.918984739729,58.791411236986214
52,0,charniere,48.58822032018762,0.6342670188500699,0.6846571874277332,0.8,88.1161547192514,16.326974272746735,2985.6094848032167,2520.2883203991605,15.585466444039172
52,1,charniere,54.81106549181827,0.6342670188500699,0.6846571874277332,0.8,44.86686823803004,2.029196591221012,2144.3219197605677,2594.9414121154186,21.01454488723254
52,2,charniere,26.80338784670007,0.8993026710332709,0.6846571874277332,0.8,87.21343106182357,0.8374842192451398,3793.7308166400435,3842.1323483523183,1.2758293630105828
52,3,charniere,26.368075493603666,0.6342670188500699,0.6846571874277332,0.8,42.79266653660222,1.6200960341893624,3652.695226774679,3974.807852152216,8.818491699400871
52,4,charniere,33.677927891126345,0.6342670188500699,0.6846571874277332,0.8,49.193390550789005,5.9790863551084605,3609.425300694754,3245.406054941981,10.085241151346317
52,5,charniere,53.82652355561292,0.8993026710332709,0.6846571874277332,0.8,81.99832392565673,0.6989454208868929,2363.8485089213177,2418.718044665193,2.3211950992965025
53,0,arrhenius,25.7187011514693,0.5534200996594346,0.6260503536492709,0.8,59.11027487867653,1.0415904316370737,5624.624778860742,5558.713785933047,1.1718291533936749
53,1,arrhenius,26.54540869077012,0.9668514538152684,0.6260503536492709,0.8,80.84769159730797,40.94410542685225,7396.025739278554,5092.4497347839715,31.146132878646327
53,2,arrhenius,30.45077043026887,0.5534200996594346,0.6260503536492709,0.8,49.98352876813813,24.337502067487925,5084.686413394232,4323.622295723735,14.967769018472389
53,3,arrhenius,30.540261735091384,0.9668514538152684,0.6260503536492709,0.8,93.46552464566818,3.352893698538009,4945.889333504102,4720.165244218968,4.563872623595712
53,4,arrhenius,54.25931782926327,0.5534200996594346,0.6260503536492709,0.8,45.18267144191583,8.316552720984562,1157.977062336719,1872.7201392784898,61.72342269884585
53,5,arrhenius,54.69772492170127,0.9668514538152684,0.6260503536492709,0.8,41.69001718776069,43.66325576816385,1877.0564000297227,1131.524249781443,39.71815392635376
54,0,charniere,27.145743218526235,0.5950523336718727,0.5639501222790482,0.8,42.66276395375654,2.914383586967689,2930.1321831111345,3339.8501648199585,13.982918042755212
54,1,charniere,27.34296880496929,0.8998306618384053,0.5639501222790482,0.8,60.533027226244066,41.17170208213466,3645.3742945954327,2519.1347250908284,30.895032402416046
54,2,charniere,33.52379192716527,0.5950523336718727,0.5639501222790482,0.8,89.51651027033749,4.09844376197314,2190.5076467353692,3014.224226012705,37.60391252251343
54,3,charniere,32.771772389574174,0.8998306618384053,0.5639501222790482,0.8,89.5325139932355,16.720809590924677,3181.6154291800667,2796.7791420282297,12.095625499622784
54,4,charniere,53.975583063281285,0.5950523336718727,0.5639501222790482,0.8,86.59316058915189,10.02274869584173,1362.5023525474387,4667.319020051852,242.55493293831566
54,5,charniere,53.32972417866516,0.8998306618384053,0.5639501222790482,0.8,97.91623068928239,6.653396377707539,1376.3926259015414,1265.1222337761697,8.084204320150965
55,0,arrhenius,26.614139598217104,0.5940817477797733,0.48905177357475127,0.8,67.51997645032361,3.624311759247907,2945.2749831030133,4877.619318591568,65.60828264166769
55,1,arrhenius,25.99560616422237,0.8785819969542266,0.48905177357475127,0.8,63.64015370495647,3.8211813102801946,3046.267613584638,3154.2265340654567,3.5439736154296657
55,2,arrhenius,35.71330053272822,0.5940817477797733,0.48905177357475127,0.8,85.36211029748053,3.525838465865717,3137.35391577672,3046.894213483569,2.88331201138192
55,3,arrhenius,35.74723124557943,0.8785819969542266,0.48905177357475127,0.8,62.0153197466984,3.2169384468593605,3017.7446962935815,3168.333126723247,4.990098420672216
55,4,arrhenius,52.980091446566206,0.5940817477797733,0.48905177357475127,0.8,53.37515487737214,4.1051647371559685,2528.7507191204613,4051.611808363981,60.22187468811454
55,5,arrhenius,52.9082420326159,0.8785819969542266,0.48905177357475127,0.8,55.84873889090873,6.485966986648914,3379.475710068869,4816.196319979458,42.51312135873617
56,0,arrhenius,54.53430120214206,0.5701945803591095,0.5543808884451815,0.8,40.36988435290063,2.3724773363842946,1413.5160893556604,1525.6634950910516,7.933932028075653
56,1,arrhenius,37.43699202802974,0.9925072174996976,0.5543808884451815,0.8,49.56495474993068,4.4050333574427425,4902.450989952512,5861.311077930446,19.558789877616345
56,2,arrhenius,47.982739148732044,0.5701945803591095,0.5543808884451815,0.8,68.94756873085511,1.8521646497019812,2398.5819744715895,2454.8493519673502,2.345860099618086
56,3,arrhenius,36.95866866874186,0.5701945803591095,0.5543808884451815,0.8,52.81783748915865,23.545310565082396,7098.516191524364,5878.478322342304,17.187223868542937
56,4,arrhenius,24.581885299526995,0.5701945803591095,0.5543808884451815,0.8,86.24653181327588,1.586454383211941,,,
56,5,arrhenius,49.04245337097864,0.9925072174996976,0.5543808884451815,0.8,97.26317804584619,1.7520166060135354,1712.1378249480558,2240.07921200705,30.835215446222115
57,0,arrhenius,46.40944520025853,0.8838621558382596,0.9760918589418427,0.8,65.11910363384061,1.1280731570332192,2876.4053361101196,3016.9164612855852,4.884955656683789
57,1,arrhenius,39.218220569146446,0.8838621558382596,0.9760918589418427,0.8,43.062285548007345,0.4425658137947991,3916.7415626351208,3893.4620761592864,0.5943585019219977
57,2,arrhenius,27.165101223162686,0.6197442683170631,0.9760918589418427,0.8,86.78090821749004,1.00948627628652,6294.838265807533,6326.013483659902,0.4952504978834288
57,3,arrhenius,27.448207591823095,0.8838621558382596,0.9760918589418427,0.8,59.870441578775285,2.2368279241481015,6408.079677961817,5964.044132957751,6.929307488656228
57,4,arrhenius,53.67211391270756,0.6197442683170631,0.9760918589418427,0.8,89.60986917204394,2.037710076315959,2069.0438761568707,2289.0780996701824,10.63458470112352
57,5,arrhenius,54.526405224039166,0.8838621558382596,0.9760918589418427,0.8,59.139987488676155,1.1413781241361627,2173.573527262372,2298.1617707306536,5.731954401616276
58,0,charniere,26.5249207903403,0.6259918561819857,0.8241551814913679,0.8,60.68740060527543,7.151961928965175,4163.108062234125,7229.035513109688,73.64515657636419
58,1,charniere,45.80091337125563,0.6259918561819857,0.8241551814913679,0.8,93.08889745584835,5.8074110019446605,4498.24591794233,3611.3099445704,19.717374050942254
58,2,charniere,46.566658719391256,0.958450332924398,0.8241551814913679,0.8,57.81953333786382,17.615511286738894,4836.4510076512,3321.7547737863943,31.31834130995179
58,3,charniere,54.54060319684645,0.6259918561819857,0.8241551814913679,0.8,85.0772293372667,0.5254340980753542,3290.972054159429,3269.5095072367076,0.6521643626719624
58,4,charniere,53.762144957075286,0.958450332924398,0.8241551814913679,0.8,67.96709655752217,6.873087874063762,2528.644164316356,3805.626173249229,50.50066066840675
58,5,charniere,39.64171563344252,0.958450332924398,0.8241551814913679,0.8,94.31090994411105,2.2888228781663167,4266.288074290117,3841.1128962945245,9.965927536816393
59,0,quadratique,25.84026792759531,0.5151739643970873,0.7734238663492585,0.8,78.3968613346299,7.256233979006756,5445.720219471711,4448.408670359221,18.31367585772225
59,1,quadratique,26.14858648014673,0.8685432161628422,0.7734238663492585,0.8,48.32449385118288,2.195863553656234,4604.636195131439,5993.719569319324,30.167060226312486
59,2,quadratique,37.50605723433008,0.5151739643970873,0.7734238663492585,0.8,89.74715370546795,2.0714376689878566,3600.487297228522,3856.575433089305,7.1125965659678085
59,3,quadratique,37.59168071784082,0.8685432161628422,0.7734238663492585,0.8,92.83609896564394,4.354922010926051,3242.081377283206,3858.6926676189128,19.018994854855045
59,4,quadratique,52.96365339417714,0.5151739643970873,0.7734238663492585,0.8,89.93429238959929,4.541921315815253,3053.4480819369223,2599.3829316502934,14.870570519037532
59,5,quadratique,52.91979454369334,0.8685432161628422,0.7734238663492585,0.8,87.31554674774554,3.028538379685149,2628.8379541544527,2981.1048279657375,13.400098444812242
60,0,arrhenius,26.125954358608006,0.5869032776886851,0.59769110242409,0.8,75.52278268575193,3.6996980912139117,,11500.262311073397,
60,1,arrhenius,26.033332536668333,0.8754136149958652,0.59769110242409,0.8,71.39417017775259,1.6372323682907255,,11761.184402075602,
60,2,arrhenius,33.99427754792591,0.5869032776886851,0.59769110242409,0.8,76.21031751317499,6.611852990025309,,11072.670522378194,
60,3,arrhenius,34.17512837457372,0.8754136149958652,0.59769110242409,0.8,89.94967308703379,6.480480947655619,8798.039775016166,,
60,4,arrhenius,51.84619908407097,0.5869032776886851,0.59769110242409,0.8,67.3603365862478,1.2845531979258975,9845.674616180357,10827.98417439968,9.977067052419127
60,5,arrhenius,52.88843579975198,0.8754136149958652,0.59769110242409,0.8,63.135943352776685,1.9931687997190448,11044.288585772294,10332.886673709168,6.441355697455993
61,0,charniere,26.69894378425636,0.5670731487682206,0.6256271549797303,0.8,52.108878055007935,3.1544145671935904,3801.1649211564636,4365.150390868636,14.837174429689998
61,1,charniere,27.428996554243227,0.9767058498690575,0.6256271549797303,0.8,84.44610785582259,1.4566857431597113,4214.547192083128,4355.4320105220095,3.3428221827371782
61,2,charniere,41.62022432069344,0.5670731487682206,0.6256271549797303,0.8,78.15668866866149,4.359891214419745,3225.322755869805,2788.4919144314604,13.543786916932598
61,3,charniere,41.696712003644116,0.9767058498690575,0.6256271549797303,0.8,48.31221285355357,12.479819204602224,3809.656591920185,2682.4317593164815,29.588620533263004
61,4,charniere,54.282681741253,0.5670731487682206,0.6256271549797303,0.8,89.3940080363412,4.407270470356956,1930.979237562058,2439.9549086163674,26.358422770868966
61,5,charniere,54.25483894422363,0.9767058498690575,0.6256271549797303,0.8,61.89970618672401,1.8533680240597992,2064.675780717319,2255.6017408546904,9.247261091571438
62,0,arrhenius,25.42293762547382,0.5919164528284869,0.5041031967891988,0.8,48.03241940817223,3.3487393004432087,9112.560925970922,8412.698411069443,7.680195727491503
62,1,arrhenius,26.1779512031273,0.8996895556838377,0.5041031967891988,0.8,53.85626155522426,4.161267771542802,6758.781250642129,9479.921957195724,40.2608193051827
62,2,arrhenius,41.90274617590655,0.5919164528284869,0.5041031967891988,0.8,61.07527286418505,53.2616093127294,4729.41381858119,2012.5011465906728,57.44713353938613
62,3,arrhenius,41.550029395306325,0.8996895556838377,0.5041031967891988,0.8,53.17605839550901,1.9989850799224473,2362.042742306699,2456.576328162537,4.002196241526062
62,4,arrhenius,47.74678432726221,0.5919164528284869,0.5041031967891988,0.8,94.19961098681092,5.163905062410448,1738.3621647051407,2139.153810282109,23.05570460025229
62,5,arrhenius,47.908357231199204,0.8996895556838377,0.5041031967891988,0.8,52.251806621018694,10.422383845203619,1866.482187195451,1396.5532076546413,25.17725498612543
63,0,arrhenius,40.151588295171805,0.9503468053947866,0.5927703707960393,0.8,43.54694647141323,2.0635535925055644,5164.086489014772,4593.589004454433,11.047403752317503
63,1,arrhenius,40.5289905874255,0.541049052066881,0.5927703707960393,0.8,78.54054981798545,5.576138791860153,5864.831434598995,4404.394579284875,24.90159984306482
63,2,arrhenius,25.782978870922445,0.9503468053947866,0.5927703707960393,0.8,61.663925965290375,3.503286146671864,10015.974325533885,8566.332000968485,14.473303120094904
63,3,arrhenius,54.38691880803166,0.541049052066881,0.5927703707960393,0.8,66.06884380474031,2.5293022493134694,2475.567868329264,2736.748754535129,10.550342390012256
63,4,arrhenius,35.13339806780008,0.541049052066881,0.5927703707960393,0.8,93.00267170928839,1.1838746185604108,6293.40391651765,6279.5222708226465,0.2205745234080681
63,5,arrhenius,35.442499385966094,0.9503468053947866,0.5927703707960393,0.8,88.74500575716674,2.0322691147386855,6526.251039709297,5884.530976202478,9.832904980244276
64,0,charniere,27.954456642968324,0.9470084349569997,0.9545655818549869,0.8,87.52735060209167,5.7037739778265575,3965.3795157392424,5018.634139071339,26.561256473726054
64,1,charniere,33.39078421107098,0.9470084349569997,0.9545655818549869,0.8,65.2261425766791,8.50870503327654,4111.688540777837,3505.2257809349176,14.749725175637716
64,2,charniere,55.169051662338376,0.9470084349569997,0.9545655818549869,0.8,45.54165733319824,1.4814238040890906,2301.2301882582515,2415.0358447025988,4.945426886237929
64,3,charniere,55.033534453265204,0.5997705908697013,0.9545655818549869,0.8,57.861232844556035,2.2840224436385497,2294.539871345223,2421.6209623693826,5.538412847437485
64,4,charniere,49.082922891340935,0.5997705908697013,0.9545655818549869,0.8,42.21971652987909,3.561586367653945,2896.755601134675,2639.087393754767,8.895062023146789
64,5,charniere,49.136583519035185,0.9470084349569997,0.9545655818549869,0.8,64.19645794081852,0.9846633629269111,2697.6506632349074,2674.001094895017,0.8766727531551737
65,0,charniere,25.43891689343719,0.5724937623046725,0.6154699099312467,0.8,54.85348410668643,1.1908287602779626,8603.430857230176,8240.257254232507,4.22126485380497
65,1,charniere,26.425757902495313,0.945969796676409,0.6154699099312467,0.8,49.86814297152187,5.782848491007554,6464.465736014092,9027.586198614625,39.64937811211791
65,2,charniere,34.322785893651016,0.5724937623046725,0.6154699099312467,0.8,62.13096371068496,5.540424447482675,5315.565744293907,6632.522265157285,24.77547234322309
65,3,charniere,34.20465562442194,0.945969796676409,0.6154699099312467,0.8,63.60996307987355,19.74294583282329,10003.533068370332,5765.211096442417,42.3682507266243
65,4,charniere,54.53902877948271,0.5724937623046725,0.6154699099312467,0.8,59.62832015365549,3.579288879476802,3342.0983170287295,3720.4012285777217,11.319323241373697
65,5,charniere,55.17145839943613,0.945969796676409,0.6154699099312467,0.8,51.675013652615355,0.6511113146780709,3435.8951400993406,3444.783688075785,0.2586967184390689
66,0,charniere,28.010371594731566,0.9254687484392015,0.410681550247748,0.8,86.08407775731507,46.33808474720159,8795.725501444382,4001.993266944199,54.500703025725215
66,1,charniere,38.07132395086488,0.9254687484392015,0.410681550247748,0.8,40.25044123634442,48.47998211499253,7461.644066342778,2968.085729774565,60.22209444212566
66,2,charniere,45.338409474440276,0.9254687484392015,0.410681550247748,0.8,43.08370764871705,27.744298594183068,4050.685900509097,1889.9237432304474,53.34311793978104
66,3,charniere,36.75806825122776,0.6182655952765195,0.410681550247748,0.8,94.76725779971916,5.662282301688879,6106.497949846781,5178.212896431098,15.201594449711967
66,4,charniere,27.679506241047708,0.6182655952765195,0.410681550247748,0.8,56.20101400886392,8.918350260311382,6219.28511811388,4996.6775257422505,19.65833000340736
66,5,charniere,44.36643853770541,0.6182655952765195,0.410681550247748,0.8,68.33875572532818,3.393022108591093,2709.2634201857627,2748.176589306777,1.4363006871567325
67,0,arrhenius,53.70745977499114,0.973727636700628,0.967308416927083,0.8,58.17041103447806,1.9819972324605126,2504.8443276479165,2800.0680293500463,11.78610975714203
67,1,arrhenius,32.10464391944023,0.973727636700628,0.967308416927083,0.8,95.8251742885482,10.743867045280343,7049.672789644135,5577.707724873283,20.87990618420116
67,2,arrhenius,26.564689134909255,0.973727636700628,0.967308416927083,0.8,90.58538517340365,6.330109158052968,7636.660361053655,10514.885582659435,37.689580071997106
67,3,arrhenius,38.42358896546095,0.5217865382120236,0.967308416927083,0.8,69.01062060535446,6.02609583631468,3647.902477571571,5552.8878606096805,52.221390093363155
67,4,arrhenius,37.6984755476699,0.973727636700628,0.967308416927083,0.8,52.38215507724509,3.0004335978952263,4593.367020945113,5869.950480263194,27.79188890191091
67,5,arrhenius,26.873942825627203,0.5217865382120236,0.967308416927083,0.8,45.90565237671868,7.505784792882476,6922.247865351249,11150.193245107761,61.07763636894816
68,0,arrhenius,54.26272594093667,0.881537655386322,0.4242177342601052,0.8,64.07708156638013,5.483611899351793,9121.725697377173,,
68,1,arrhenius,32.41452055864383,0.5713282618665294,0.4242177342601052,0.8,59.7140489733991,3.296678429225545,10588.951409039772,9667.396574921031,8.702984823709839
68,2,arrhenius,37.492725644339,0.881537655386322,0.4242177342601052,0.8,52.234487897274775,2.959048933429387,9328.623415075008,9847.411801779255,5.561253398501305
68,3,arrhenius,25.700709619056383,0.5713282618665294,0.4242177342601052,0.8,84.53841824968471,4.295036382041177,11555.223204009902,10878.993086949296,5.852159712725758
68,4,arrhenius,36.894436247753816,0.5713282618665294,0.4242177342601052,0.8,66.58390138998732,8.638414919709831,11485.685554946776,9433.249921785584,17.86950916723667
68,5,arrhenius,25.11348736195795,0.881537655386322,0.4242177342601052,0.8,75.30298888293152,2.410612292765859,8624.459984658844,9414.705621886316,9.162841947590431
69,0,arrhenius,32.650427668966614,0.8996854023348709,0.6734845254503377,0.8,42.18055253140094,2.6240996660863485,3801.4359695275784,3352.4320237820116,11.811429926606566
69,1,arrhenius,53.49240028647247,0.600954214278105,0.6734845254503377,0.8,53.473729294405025,5.035680622256469,2581.8429232622143,3673.8276280924547,42.29477692045239
69,2,arrhenius,38.68538638033065,0.600954214278105,0.6734845254503377,0.8,80.2954946602643,1.0259534044491343,3212.411532330746,3366.1390178988336,4.785423163281682
69,3,arrhenius,53.69948643133741,0.8996854023348709,0.6734845254503377,0.8,68.40473236226906,6.736785525229818,3742.6980359106756,2723.5755273067034,27.22962148764424
69,4,arrhenius,26.02698181558287,0.600954214278105,0.6734845254503377,0.8,55.65743559715883,4.629378968023358,2967.724606078028,3885.8568884110355,30.937246685647075
69,5,arrhenius,27.393814405738766,0.8996854023348709,0.6734845254503377,0.8,87.65638436153469,4.9241453671254085,4200.481971339214,3315.160830058387,21.076656139023154
70,0,arrhenius,24.854837118703283,0.5154490971622119,0.7784647964717393,0.8,93.61049644229877,1.2407767926343591,2793.874027929577,2717.0498934014677,2.7497350904199704
70,1,arrhenius,25.919230687616057,0.8843852780670564,0.7784647964717393,0.8,63.803248089546855,2.2959519891308724,2522.2015647165517,3129.92116604052,24.09480708542279
70,2,arrhenius,45.63493705574957,0.5154490971622119,0.7784647964717393,0.8,67.69116543412414,3.598703779224191,1798.7089263167732,1644.8112375500075,8.556008507830274
70,3,arrhenius,45.09720931648962,0.8843852780670564,0.7784647964717393,0.8,79.55173096539512,1.8359471862093977,1667.7961643095798,1699.1847987956382,1.8820426115473434
70,4,arrhenius,54.285006423534284,0.5154490971622119,0.7784647964717393,0.8,49.808940530082964,0.2677441780439789,1440.5413746271142,1444.371094594914,0.26585282694786005
70,5,arrhenius,53.144814044437545,0.8843852780670564,0.7784647964717393,0.8,43.154061602214206,3.345686668231824,1330.5687990658078,1542.4001610469302,15.92036143714246
71,0,arrhenius,43.07021119130925,0.6088326797760107,0.5358260536942112,0.8,62.850937509045366,11.868799126811783,3979.666801386782,3586.0130171969645,9.891626707357567
71,1,arrhenius,43.581068734720205,0.9900864185194542,0.5358260536942112,0.8,59.75820306321235,2.692570214324397,3348.0350710400053,3532.2405891241315,5.501899298411654
71,2,arrhenius,26.060933445757957,0.6088326797760107,0.5358260536942112,0.8,81.00952941221011,1.6584475178044287,,,
71,3,arrhenius,52.435456689191035,0.6088326797760107,0.5358260536942112,0.8,39.89223885293567,2.0310728866993104,1789.925176603845,1745.313262558725,2.4923898846858794
71,4,arrhenius,48.42731327480495,0.6088326797760107,0.5358260536942112,0.8,63.6249171990418,4.6149516321065605,2545.0358358317567,2369.239968176058,6.907402449138633
71,5,arrhenius,52.00244103859978,0.9900864185194542,0.5358260536942112,0.8,41.12944635528693,2.4524132710613986,1639.804749269739,2068.2061563883317,26.12514735729205
72,0,arrhenius,26.561872737517916,0.5278799788839046,0.432361145031503,0.8,57.961982663612964,8.35635513430515,5974.801918298488,4735.2280708977305,20.746693603421836
72,1,arrhenius,26.846688190900068,0.971986841732491,0.432361145031503,0.8,92.59694398025651,5.739108546401428,6559.530312911322,5728.324775846729,12.671723391970705
72,2,arrhenius,33.967680255634576,0.5278799788839046,0.432361145031503,0.8,48.850829123632906,6.667387670807088,5969.85656982526,5132.547016273507,14.025622621889234
72,3,arrhenius,33.686554900367184,0.971986841732491,0.432361145031503,0.8,83.93469532889254,2.426480067408462,4481.285875303556,5155.5572531265625,15.046381699032581
72,4,arrhenius,52.689024387277406,0.5278799788839046,0.432361145031503,0.8,87.01479576962856,4.014085477688356,4830.26347203634,4597.228802290106,4.82447119283106
72,5,arrhenius,52.466132012649254,0.971986841732491,0.432361145031503,0.8,61.60753169355215,2.969394041726937,4559.767723105349,4642.070755560476,1.804983004684181
73,0,charniere,26.85451149259923,0.633683479925044,0.7819988647339233,0.8,93.24494296484933,2.9908135276307144,2271.7103779653935,2641.16012239233,16.263065398232047
73,1,charniere,26.609831536712598,0.9226895024102394,0.7819988647339233,0.8,52.364996312335144,3.512053391221463,2784.3197112199045,2489.5732556714865,10.585941490867068
73,2,charniere,31.132068997623115,0.633683479925044,0.7819988647339233,0.8,40.94736529467643,2.078265746682222,2221.930272152804,2501.663244507149,12.58963775147251
73,3,charniere,31.891122292069607,0.9226895024102394,0.7819988647339233,0.8,54.17789718708126,0.9540461746293489,2477.082527578512,2400.576326003304,3.0885608663994306
73,4,charniere,42.262374978611646,0.633683479925044,0.7819988647339233,0.8,61.333669928017855,1.794548926464174,2182.8720892128354,2040.5716500661015,6.5189545392945485
73,5,charniere,41.621082110546745,0.9226895024102394,0.7819988647339233,0.8,64.57360702976887,0.4030938603843008,2147.092395757269,2118.3596307910016,1.3382174434153118
74,0,charniere,26.716030974308918,0.5804053444052325,0.9981486490193753,0.8,86.73906661048203,1.8565230231566259,4657.048555523741,4738.986053293837,1.7594297502633935
74,1,charniere,26.841291940218806,0.9584470192070841,0.9981486490193753,0.8,44.07374088675022,5.771676582094362,4434.554655165054,4579.757465057886,3.2743493131539214
74,2,charniere,46.140637823865525,0.5804053444052325,0.9981486490193753,0.8,61.15009904294996,1.5542281207103004,2970.6299715736914,3110.6394929524727,4.713125590145825
74,3,charniere,47.18578065511932,0.9584470192070841,0.9981486490193753,0.8,89.23078645168442,4.383751212831121,3022.1992709469605,2824.2745312185416,6.549030093121629
74,4,charniere,55.442350283372946,0.5804053444052325,0.9981486490193753,0.8,60.132764551419164,2.4739878539260545,2264.7236514258975,2646.864869471305,16.873635677571826
74,5,charniere,54.21550514657744,0.9584470192070841,0.9981486490193753,0.8,66.497587870479,2.3963229161499493,2431.5888845123536,2655.8841065777297,9.224224682634114
75,0,charniere,53.3459973973541,0.5189777283784571,0.9395322639558078,0.8,51.99684933409395,1.5438985199118345,2216.1906840147353,2367.0064684457657,6.805180868183254
75,1,charniere,26.962340980163834,0.5189777283784571,0.9395322639558078,0.8,81.25298146636368,2.8926613640664183,3411.465739190199,3868.2176959651415,13.388730583686423
75,2,charniere,53.167631411085665,0.8786656621360952,0.9395322639558078,0.8,60.02995760741692,0.8448039696506532,2247.902291650271,2349.2252987971133,4.507447121843421
75,3,charniere,42.38895559686493,0.5189777283784571,0.9395322639558078,0.8,63.25482657098862,1.9650741834264616,2898.50190832707,2703.5370736161144,6.726400081050265
75,4,charniere,30.26248985738306,0.8786656621360952,0.9395322639558078,0.8,59.962968303083926,1.7727111303757566,3529.789075813922,3380.4143029600486,4.231832827558669
75,5,charniere,42.26353642177012,0.8786656621360952,0.9395322639558078,0.8,83.30560873164124,3.611081549475713,3023.7989913280435,2736.769434924067,9.492349102144322
76,0,charniere,27.395375519790335,0.5268467428296988,0.7611414614994436,0.8,66.39356756313855,4.9642225656679395,5180.961204645202,4144.182622513238,20.0113172282085
76,1,charniere,26.672969566174174,0.9389935582455877,0.7611414614994436,0.8,48.34340502087911,3.524216731048958,4306.621309310994,5453.811176600555,26.637816164827772
76,2,charniere,49.387345555565034,0.5268467428296988,0.7611414614994436,0.8,90.64172009531188,0.6981075098551678,2557.0751276774486,2480.3660497916876,2.9998757977609607
76,3,charniere,50.1594869137126,0.9389935582455877,0.7611414614994436,0.8,68.1731110572681,1.232614749021417,2589.0411360052867,2410.5465126880636,6.894236666808166
76,4,charniere,53.52072352744529,0.5268467428296988,0.7611414614994436,0.8,58.89096221512721,2.5252522945705067,2030.0819871707233,2338.782845497741,15.206324684317153
76,5,charniere,53.90908247805241,0.9389935582455877,0.7611414614994436,0.8,42.85598191548524,0.27813669827612747,2258.4077514584724,2215.924122941887,1.8811318943246373
77,0,charniere,26.283801867887455,0.5721153738817563,0.970913430281986,0.8,58.35221797844576,2.329920090086509,3388.299817483959,3952.9962454282677,16.666070252414492
77,1,charniere,26.4361797304121,0.971071161764613,0.970913430281986,0.8,54.463970535864625,3.5621588050348336,4112.579943829065,3491.5891215716656,15.099787256152858
77,2,charniere,45.38315116191464,0.5721153738817563,0.970913430281986,0.8,51.88229358828173,3.098453053773974,3140.1707856860685,2773.3793254053926,11.680621383799634
77,3,charniere,45.69327073735252,0.971071161764613,0.970913430281986,0.8,48.59111834483818,0.9906893620340002,2762.9256601789425,2843.193227647419,2.9051656591903354
77,4,charniere,53.33215775234018,0.5721153738817563,0.970913430281986,0.8,89.96970522462604,0.8248508061414246,2309.9364563459626,2485.5399697672324,7.60209281683242
77,5,charniere,54.07757078049649,0.971071161764613,0.970913430281986,0.8,82.7195168810354,3.910015061560536,2213.2695745159185,2706.317621017676,22.27690888533522
78,0,charniere,24.700285879173503,0.5805620430031457,0.5289327467575864,0.8,86.90551184386031,3.2179604772611334,8326.102162578934,10231.662653334348,22.886585505998443
78,1,charniere,25.634343765248406,0.9747677583479615,0.5289327467575864,0.8,65.81732661649468,3.7893154954382315,8032.521039354752,9833.264787116686,22.418164097415012
78,2,charniere,34.601231586495366,0.5805620430031457,0.5289327467575864,0.8,51.698938659097905,2.483775281822148,6962.835922863434,7007.486109661887,0.6412643826897942
78,3,charniere,34.54641967416453,0.9747677583479615,0.5289327467575864,0.8,85.558636042222,6.342195060297381,7530.868079248111,6500.3340258043745,13.684133656297243
78,4,charniere,54.04610956703207,0.5805620430031457,0.5289327467575864,0.8,46.28967439710579,4.857151751683508,3753.0970378601983,4967.391689419158,32.35446990337562
78,5,charniere,53.07179050099284,0.9747677583479615,0.5289327467575864,0.8,52.00377676318588,1.8302668761474403,4405.9786408766,4463.005555349577,1.2943075561898432
79,0,arrhenius,26.572431541399247,0.6462483054069806,0.5884240498016932,0.8,58.84754314885355,2.910998646030138,9361.470446774045,,
79,1,arrhenius,25.99900060152056,0.8949576889071903,0.5884240498016932,0.8,84.33671666606395,13.23338045040569,,9585.354437917136,
79,2,arrhenius,35.581706136201966,0.6462483054069806,0.5884240498016932,0.8,66.20622487764012,6.429837347518652,5980.901081483995,4809.527397237168,19.585237546784224
79,3,arrhenius,35.16259895762831,0.8949576889071903,0.5884240498016932,0.8,77.50378889550318,6.352922212069125,3334.317035322742,5718.8739016868685,71.5156009792367
79,4,arrhenius,52.222639547967624,0.6462483054069806,0.5884240498016932,0.8,89.84439965002625,5.358178704141565,1272.485553922849,1682.294947633146,32.20542602208148
79,5,arrhenius,53.514834618878815,0.8949576889071903,0.5884240498016932,0.8,47.126342922673366,44.52578890048511,1844.4650040421077,745.3580857230777,59.58946989562607
80,0,arrhenius,28.011134371487167,0.563005814281613,0.65967196949216,0.8,66.84531667642553,13.504820809424219,4411.375721840948,2543.292909935815,42.34694412122185
80,1,arrhenius,27.60050122371035,0.9039895613394318,0.65967196949216,0.8,61.963892660516024,3.6833603931761862,2619.0931177472494,3251.239601784175,24.136082820172945
80,2,arrhenius,34.39602165363036,0.563005814281613,0.65967196949216,0.8,91.8967749330725,2.7951100231159334,3676.3059803193223,3210.15999431059,12.679738533848678
80,3,arrhenius,33.800089409374664,0.9039895613394318,0.65967196949216,0.8,56.009848213796595,2.794328051375356,3242.019282894865,2912.3411718649713,10.168912713422147
80,4,arrhenius,53.4216383425668,0.563005814281613,0.65967196949216,0.8,45.248567823706246,7.615554099097743,2307.9982681262695,3895.8758990806673,68.79890911891819
80,5,arrhenius,53.7020771261443,0.9039895613394318,0.65967196949216,0.8,68.55479668367833,16.209520022525886,4108.141576288697,2218.554314188182,45.99615731373045
81,0,arrhenius,27.941251029333475,0.6326281268635938,0.5237162765783323,0.8,67.05854058540929,17.2550022959963,11909.948268979397,10467.272033956679,12.113203201564753
81,1,arrhenius,26.124596625512556,0.9270681402299915,0.5237162765783323,0.8,89.31672549996036,1.4728254203888378,,,
81,2,arrhenius,34.47093826170191,0.6326281268635938,0.5237162765783323,0.8,63.89627236875115,11.152466711503234,7541.320689904487,6710.1895234295025,11.021029348183191
81,3,arrhenius,35.64320453726263,0.9270681402299915,0.5237162765783323,0.8,80.67436903927184,1.5300748227007683,5453.010532438459,6277.3286383142895,15.116752497949316
81,4,arrhenius,39.57679715762686,0.6326281268635938,0.5237162765783323,0.8,84.81000152529171,1.7868694952139121,4445.963718081803,4775.680827211252,7.416099861285078
81,5,arrhenius,39.57264626306165,0.9270681402299915,0.5237162765783323,0.8,66.17857280921855,1.765907935319936,4654.676865498522,4480.906333142775,3.7332458810142457
82,0,arrhenius,46.67617185493434,0.6039266140464525,0.48801369576803966,0.8,76.97353214699353,2.808106993343522,5691.0080836405095,5035.422072619889,11.519681599208786
82,1,arrhenius,26.44693369170521,0.6039266140464525,0.48801369576803966,0.8,89.71209856220715,1.8266403006200016,,,
82,2,arrhenius,41.042335363103554,0.6039266140464525,0.48801369576803966,0.8,66.56238888716676,2.3667879191612826,8713.450892558867,8390.64614034537,3.70467173332171
82,3,arrhenius,52.46193184813282,0.9157527449350142,0.48801369576803966,0.8,68.19085435507209,2.4272413629881857,3155.6320099211957,3388.754162809599,7.387494871248474
82,4,arrhenius,54.7281896206382,0.6039266140464525,0.48801369576803966,0.8,44.14995411589708,3.231135799120538,2523.4472344979495,2819.4450594176205,11.729899514960973
82,5,arrhenius,27.031511685486024,0.9157527449350142,0.48801369576803966,0.8,93.93111372188034,1.2691412071744088,,,
83,0,arrhenius,25.65564190898042,0.5055310721687485,0.46947496655194976,0.8,55.046650024196666,58.01197494892711,9409.473823388298,4418.5430060308,53.041550580139585
83,1,arrhenius,55.10786801562434,0.9985948384076735,0.46947496655194976,0.8,45.36629787595571,4.105735061571393,1867.1940192610227,1726.3945403197135,7.540698903750412
83,2,arrhenius,44.574062693047324,0.5055310721687485,0.46947496655194976,0.8,79.6154793495678,38.44953554909613,3406.6172792761627,2385.6380944869748,29.970469268744075
83,3,arrhenius,26.45632905582442,0.9985948384076735,0.46947496655194976,0.8,58.84005961248029,44.937203895402206,7485.223740445826,4893.10867077075,34.62976070666776
83,4,arrhenius,35.58401364292332,0.9985948384076735,0.46947496655194976,0.8,91.574361294949,2.6168144292931976,4462.677637946711,5194.934875229626,16.40847259628255
83,5,arrhenius,44.807017597955266,0.9985948384076735,0.46947496655194976,0.8,61.0800682669868,19.31231334011541,3093.142720216812,2570.6526411421873,16.891883961888475
84,0,charniere,25.49006204872251,0.5909939875323373,0.6169765956904381,0.8,63.022501217382874,2.584918614944829,3779.408024847753,3331.2148562468165,11.858819308587124
84,1,charniere,24.92723750681609,0.9161734664370791,0.6169765956904381,0.8,65.0116006283236,6.07284604161501,2845.268986229178,4405.587836251072,54.839062934776415
84,2,charniere,47.798645665190655,0.5909939875323373,0.6169765956904381,0.8,63.23796755741041,12.349454221165848,4642.101434385524,2694.1955410221467,41.9617261900961
84,3,charniere,48.06971080224804,0.9161734664370791,0.6169765956904381,0.8,46.80723147452244,4.222541383736668,3556.447904832541,2840.074048031332,20.142959378873293
84,4,charniere,55.7143280720658,0.5909939875323373,0.6169765956904381,0.8,66.76992888404907,1.8139154625830547,2900.0962011777046,2763.4857562318634,4.710548735947617
84,5,charniere,55.07435570809215,0.9161734664370791,0.6169765956904381,0.8,88.42373926324726,9.734363805731709,1968.0586376570707,3670.521497564335,86.50468168641599
85,0,arrhenius,33.31505685112826,0.5027583987883766,0.5065340183148005,0.8,88.07976201123304,8.462484434635794,5251.996011720816,4600.546686303004,12.403842728821193
85,1,arrhenius,54.66766825272724,0.5027583987883766,0.5065340183148005,0.8,93.4854143395214,4.691715642451731,2124.522354673793,1906.7691255958332,10.249514607314847
85,2,arrhenius,26.819598145358817,0.5027583987883766,0.5065340183148005,0.8,90.94012759363311,19.087449050269328,8837.280442121897,7346.291108186726,16.8715855935559
85,3,arrhenius,53.53054528247015,0.8647242682367536,0.5065340183148005,0.8,69.37769632699127,24.949039836559198,1817.7835825824939,1416.2316123505962,22.090196769266655
85,4,arrhenius,37.15412797063986,0.5027583987883766,0.5065340183148005,0.8,53.99103708078062,24.264191444839685,4877.337554778556,3410.0420425938137,30.083944277081343
85,5,arrhenius,27.125946068011658,0.8647242682367536,0.5065340183148005,0.8,50.54970913812023,29.275101825249003,7727.973651142362,6068.063921448624,21.479236403042957
86,0,charniere,53.96162821717843,0.5627812857321314,0.7180551184634218,0.8,68.8671756841533,5.3289503543842835,1572.433402348244,2168.935826344279,37.93498809585379
86,1,charniere,31.850433350832407,0.5627812857321314,0.7180551184634218,0.8,92.57578489674576,2.6366253469800487,2806.5946326415255,2416.810744223246,13.888143442055286
86,2,charniere,26.141309444535818,0.9350730285367321,0.7180551184634218,0.8,57.06614988978834,0.760043889417009,2663.913348907659,2549.5250981896806,4.293992924540257
86,3,charniere,24.896116279907332,0.5627812857321314,0.7180551184634218,0.8,91.99855553254207,1.275976802296354,2710.7721390238744,2782.736654911742,2.6547607912844087
86,4,charniere,44.804823661972776,0.9350730285367321,0.7180551184634218,0.8,64.43054300749091,1.0274134148758585,2188.4172759666003,2010.4303002439294,8.133137024521796
86,5,charniere,44.598091587760145,0.5627812857321314,0.7180551184634218,0.8,63.620171170679704,4.5081820660112175,2421.900595390457,1965.8170768828359,18.831636582264093
87,0,quadratique,53.229287607046935,0.935277151301747,0.4715726835137817,0.8,66.30511688508453,13.927098552756691,2482.674063562104,1582.365472140715,36.26366443485697
87,1,quadratique,39.595882385227526,0.935277151301747,0.4715726835137817,0.8,86.99788883628183,2.822603180026105,4241.771170458236,4664.996439003706,9.977560116703533
87,2,quadratique,26.993839254165295,0.6018625216856409,0.4715726835137817,0.8,49.036354814285616,7.1277034965765065,6841.078022546009,11488.626648768626,67.93591026013415
87,3,quadratique,26.252087080389764,0.935277151301747,0.4715726835137817,0.8,83.37407588216305,50.67925686593949,,5728.184430090342,
87,4,quadratique,53.99361273562821,0.6018625216856409,0.4715726835137817,0.8,65.30560233426975,5.66785413374429,1542.9846473615178,1891.539824147361,22.589672384742634
87,5,quadratique,48.537376412664905,0.935277151301747,0.4715726835137817,0.8,68.84773123475105,8.688040291266033,3073.518876816748,2216.356342509542,27.888637378240915
88,0,charniere,25.738578329199523,0.5735770713365461,0.6105959619348982,0.8,46.75846518619952,1.8818777455644924,3615.188923660097,3871.38219858429,7.086580544864514
88,1,charniere,25.295644489722466,0.9441100916288275,0.6105959619348982,0.8,60.96386147475513,2.7581083069073564,3495.2072335111448,4038.1581522715205,15.53415527281766
88,2,charniere,31.701352688818858,0.5735770713365461,0.6105959619348982,0.8,57.741216469238886,6.55520403267924,3905.4456369120094,3109.91389052097,20.369807196191235
88,3,charniere,31.493035226775866,0.9441100916288275,0.6105959619348982,0.8,69.6571587474014,1.9535800733007926,3414.075170262203,3222.7428716404916,5.604220442721443
88,4,charniere,54.55390937987803,0.5735770713365461,0.6105959619348982,0.8,83.84677302394613,2.008849004667027,2032.8567011385528,2105.6689250980935,3.5817686469863004
88,5,charniere,53.698146702576494,0.9441100916288275,0.6105959619348982,0.8,50.53889587774623,1.6213708336819446,2001.8352684770625,1822.6631594925977,8.950392262834576
89,0,charniere,25.292300557597734,0.5892525115754315,0.8817771140567254,0.8,52.08059525893304,9.125108814993645,7351.47651712793,4704.345431184451,36.00815536547015
89,1,charniere,24.935489684432184,0.8933995477811789,0.8817771140567254,0.8,94.49983911264432,1.8397694912915825,7316.12382516397,7766.404366081884,6.154632585210828
89,2,charniere,46.21575196508353,0.5892525115754315,0.8817771140567254,0.8,43.26547581963993,1.1045297873274371,3132.9911374602316,3344.139195577627,6.739503843236637
89,3,charniere,45.520500668128214,0.8933995477811789,0.8817771140567254,0.8,55.253781959621286,4.360953027026006,3948.3097382062792,3172.396261573313,19.65178843809413
89,4,charniere,52.12455895815651,0.5892525115754315,0.8817771140567254,0.8,46.299725171100405,3.3468182179645645,2278.6212507296177,3091.707350027419,35.683249203326355
89,5,charniere,52.776178387485565,0.8933995477811789,0.8817771140567254,0.8,44.18339486599115,2.1406324518306072,2672.414038030807,2818.0029539933944,5.447842807691046
90,0,charniere,27.42076426583709,0.5568506701818157,0.42454976982702863,0.8,83.91962571045968,3.0161524705888585,,,
90,1,charniere,28.5551371594783,0.9272645763928046,0.42454976982702863,0.8,82.67442476045365,3.1488415518629167,,,
90,2,charniere,52.22826219690673,0.5568506701818157,0.42454976982702863,0.8,81.1238986697355,2.5583211656431932,3268.8617142710555,2817.154719929738,13.818479759155142
90,3,charniere,44.10923747937987,0.5568506701818157,0.42454976982702863,0.8,45.29884965080545,8.906971655797118,6719.221933242841,4468.9868992333695,33.4895179288037
90,4,charniere,51.9687695380364,0.9272645763928046,0.42454976982702863,0.8,59.54173739477454,7.917355790267294,3446.1213670703846,2390.1057502556228,30.643599117128637
90,5,charniere,44.08618636989788,0.9272645763928046,0.42454976982702863,0.8,94.23799583572688,4.473712346974421,6959.804254622834,5719.205999890879,17.82518888958589
91,0,arrhenius,27.438580732900927,0.6070941207479117,0.7021792154209459,0.8,58.077489784629726,7.812065489815941,6392.74317318928,5570.366256983715,12.864225793624193
91,1,arrhenius,26.60412901493363,0.8568685946865766,0.7021792154209459,0.8,55.45809695872368,4.87353483367098,5738.0141433515955,6364.543988941882,10.918931705949547
91,2,arrhenius,44.451783164071195,0.6070941207479117,0.7021792154209459,0.8,58.51121129173929,1.8709486026566895,4233.050210387072,4377.07533509864,3.4023958505892087
91,3,arrhenius,45.15744677632551,0.8568685946865766,0.7021792154209459,0.8,42.15802413501956,2.6297608815546725,3960.99755877135,4270.775227740579,7.820698305739872
91,4,arrhenius,51.76225090543235,0.6070941207479117,0.7021792154209459,0.8,87.57491275778922,2.237547736358053,3657.482344196419,3806.052949978456,4.062100423199155
91,5,arrhenius,51.72537275838909,0.8568685946865766,0.7021792154209459,0.8,94.83504594164752,2.650756569894593,3746.5756373101462,3599.4104470147595,3.9279919729858706
92,0,charniere,27.488675506921847,0.6191350512141631,0.5289846829383164,0.8,49.35284528443,1.702520537620227,5862.246741859891,5865.1182164917645,0.0489824935441515
92,1,charniere,27.53286929026091,0.8529654320564596,0.5289846829383164,0.8,81.84213450391029,3.0713763963206877,5657.800519550185,6673.79711209046,17.957448111321025
92,2,charniere,39.08562196541574,0.6191350512141631,0.5289846829383164,0.8,81.09135955785952,3.9217022395187686,3207.2526674866303,2732.9099880265353,14.789688516552534
92,3,charniere,38.800763119719406,0.8529654320564596,0.5289846829383164,0.8,48.66683442454669,13.172496579408062,3959.4772540522836,2638.842094231477,33.353775639681146
92,4,charniere,53.67796604686598,0.6191350512141631,0.5289846829383164,0.8,92.59732103696182,3.2440221452559674,1566.51980709681,1328.2106843232143,15.212646638362504
92,5,charniere,54.08786941670361,0.8529654320564596,0.5289846829383164,0.8,84.86956139785671,5.3349011444913375,1381.629296454715,1056.357716105504,23.542608801352387
93,0,charniere,48.05891418420736,0.521657737615913,0.819072571584234,0.8,86.87700511709312,7.075637605975289,1108.6563198990307,1581.1856214901748,42.62180200570895
93,1,charniere,39.175005431417226,0.9088819056782159,0.819072571584234,0.8,53.44708834822201,21.64663909691331,1955.7285324339305,1719.7351862848923,12.06677420896147
93,2,charniere,47.49626108608078,0.9088819056782159,0.819072571584234,0.8,41.31948452879311,44.277921094526526,1839.164973974884,1286.793833783974,30.033800556624424
93,3,charniere,52.644703900706105,0.9088819056782159,0.819072571584234,0.8,67.69756531311664,3.6214712428353626,1251.018080745995,1203.8408562619493,3.771106525967502
93,4,charniere,25.896407248963,0.9088819056782159,0.819072571584234,0.8,63.87654483521087,19.4361142247465,2809.9648603685946,2508.1630406063114,10.740412594437023
93,5,charniere,25.481818104861045,0.521657737615913,0.819072571584234,0.8,59.51024289043577,3.8417872134314703,2456.7854325887943,2900.854405725519,18.07520377018822
94,0,quadratique,26.285755425957763,0.5918130767676074,0.4315325168469732,0.8,54.04969981797154,7.5630276323435055,8674.65300093088,,
94,1,quadratique,27.291865564376156,0.9167754403344185,0.4315325168469732,0.8,83.43390087878441,14.244956523381836,,9292.758368285673,
94,2,quadratique,33.08748091046715,0.5918130767676074,0.4315325168469732,0.8,69.41914136472319,2.882231730025746,,,
94,3,quadratique,33.83919912118575,0.9167754403344185,0.4315325168469732,0.8,53.340372159126645,4.93837176428249,10249.049822463274,,
94,4,quadratique,53.62564918507807,0.5918130767676074,0.4315325168469732,0.8,76.0007605950609,4.313897644819347,,10928.488368812126,
94,5,quadratique,52.72859335918019,0.9167754403344185,0.4315325168469732,0.8,71.99442504844126,2.887213785395225,,,
95,0,charniere,47.106061117578705,0.5790289849890525,0.5916914275711594,0.8,82.04644557616845,7.003690083053722,6638.570711156008,4916.496716164389,25.940433113075105
95,1,charniere,32.99584624444844,0.5790289849890525,0.5916914275711594,0.8,80.65638778536912,6.132061489966299,5654.221630999766,4096.197298854295,27.555062992286434
95,2,charniere,52.22115832335103,0.5790289849890525,0.5916914275711594,0.8,64.47828680650882,4.7270752292405,6028.9041879141805,6285.271193677637,4.252298556632919
95,3,charniere,47.516904441815726,0.9721056923942903,0.5916914275711594,0.8,56.10318645689776,0.9807066676004298,5063.182050906025,5499.931788602973,8.625993166072195
95,4,charniere,32.78161571319224,0.9721056923942903,0.5916914275711594,0.8,68.39215618816303,4.3392577296891375,3258.785059150806,4281.412612169217,31.380638319389302
95,5,charniere,26.007224467814208,0.9721056923942903,0.5916914275711594,0.8,69.60439046432387,6.216252686268974,4274.421265436692,2990.385772318503,30.039984675843755
96,0,charniere,25.777021192144552,0.5385478638767512,0.5577971342587096,0.8,90.41029815588078,2.037645101912864,9373.254880664444,11124.862619780506,18.687294450184574
96,1,charniere,26.926210104111547,0.949746648884814,0.5577971342587096,0.8,68.95937237580429,5.892136923174169,10327.175353950157,8781.665184414758,14.965468451586226
96,2,charniere,46.55257647183699,0.5385478638767512,0.5577971342587096,0.8,39.95082609392984,2.2352028663296837,6923.216104493574,6582.872938965888,4.9159691159544
96,3,charniere,45.782638458674256,0.949746648884814,0.5577971342587096,0.8,66.31899227970867,6.2499422566624325,7777.701912739459,6512.374528599731,16.26865362462901
96,4,charniere,54.46581223168882,0.5385478638767512,0.5577971342587096,0.8,46.5961704532472,3.756147458491361,5221.242357915836,6207.943992039737,18.89783247904553
96,5,charniere,54.559755728803175,0.949746648884814,0.5577971342587096,0.8,85.90713827183926,2.6807797206584802,6339.572775687411,5938.681556805803,6.323631466445924
97,0,charniere,25.697655650556975,0.6085287057260913,0.667141958064601,0.8,56.871842221024984,3.535182959417492,3975.510988893959,5221.557049376078,31.343041535115606
97,1,charniere,24.78830924129525,0.9896611389166209,0.667141958064601,0.8,97.53735334841912,4.254593916039708,4433.275441973581,4113.672612725452,7.209180512949354
97,2,charniere,34.52107273224241,0.6085287057260913,0.667141958064601,0.8,44.5162049619288,2.730989515617295,3232.2476870303803,3659.263074542421,13.211097318608022
97,3,charniere,34.92550920060697,0.9896611389166209,0.667141958064601,0.8,48.90045267789918,1.076830192242452,3399.427849110644,3586.918351906221,5.515354674894133
97,4,charniere,53.44890508429935,0.6085287057260913,0.667141958064601,0.8,67.2169198444964,1.567249545157648,2073.141209689818,2147.032358303251,3.5642120405531137
97,5,charniere,53.66759696334523,0.9896611389166209,0.667141958064601,0.8,55.84482698626723,3.1559266977728,2247.5813379099095,1940.0099612804152,13.684549317156808
98,0,charniere,26.92132925371515,0.5256978535945983,0.4277355805532239,0.8,90.03393138101615,2.8333537813875145,,,
98,1,charniere,26.880246907099767,0.8759883092900307,0.4277355805532239,0.8,82.032015881363,2.3562946004264878,,,
98,2,charniere,38.47373948145406,0.5256978535945983,0.4277355805532239,0.8,58.37008841479168,4.533949073322177,8822.484645784338,8393.960304116055,4.857184329281263
98,3,charniere,39.31916696546567,0.8759883092900307,0.4277355805532239,0.8,62.3313139533022,6.8694725254707665,9354.398447184025,7929.355453199412,15.233935159278964
98,4,charniere,54.021099035039924,0.5256978535945983,0.4277355805532239,0.8,53.54980465993395,6.833180768394941,4368.972216394673,3367.931158185326,22.912506846642703
98,5,charniere,54.25709253072482,0.8759883092900307,0.4277355805532239,0.8,65.30951379010035,8.027898963370204,2914.480737622958,4477.691034508274,53.63597970320663
99,0,charniere,42.462308228550846,0.5313399338297767,0.8788661445497488,0.8,54.7095616142853,2.9150680568786176,3760.374773818227,3168.4279871740873,15.741696566140027
99,1,charniere,41.9968355191371,0.8688600014995946,0.8788661445497488,0.8,41.042670122536144,4.322224759032111,4003.2695679335625,3162.0289549901386,21.013838780226376
99,2,charniere,38.901393687715455,0.8688600014995946,0.8788661445497488,0.8,48.99942857772381,9.735425539398436,5094.698563014707,3435.2158238056795,32.57273651587848
99,3,charniere,53.7396118195013,0.8688600014995946,0.8788661445497488,0.8,49.31947208481023,1.8879124191731531,1974.5177000085407,2224.1367272357816,12.642025301984436
99,4,charniere,26.455522772725214,0.8688600014995946,0.8788661445497488,0.8,48.04715239531168,11.609774342607029,4401.319639589685,11562.458199316417,162.70435110671337
99,5,charniere,55.25540410308606,0.5313399338297767,0.8788661445497488,0.8,86.82523687827982,7.550810854405469,1388.0875514263,2492.217382188602,79.54324131988483
100,0,charniere,25.904530512337722,0.6084840028990676,0.7325141151111647,0.8,89.20255822851975,11.81475237895654,1497.8441711928863,3013.7806968817927,101.20789297337996
100,1,charniere,26.315144242528113,0.9903422107373865,0.7325141151111647,0.8,59.91416766644167,11.557118722096883,3044.1451538356373,1957.7503573120055,35.68800900163283
100,2,charniere,48.51006579760075,0.6084840028990676,0.7325141151111647,0.8,83.98574893303679,1.2567862885129737,1985.2319115590865,1994.6091556265114,0.4723500570802636
100,3,charniere,49.068115411805294,0.9903422107373865,0.7325141151111647,0.8,49.35101655993928,1.789510773648226,2093.2494023255913,1886.3536922487933,9.883949320465
100,4,charniere,54.693252958950225,0.6084840028990676,0.7325141151111647,0.8,64.44375562641905,3.8251348645650247,1492.573333994566,1999.917712445843,33.991253018937044
100,5,charniere,54.197087428307654,0.9903422107373865,0.7325141151111647,0.8,51.35978306251573,3.666541330809521,2107.5601779815497,1772.9902636966988,15.874750233954169
101,0,charniere,31.161996633240946,0.6257962719951486,0.6104288568300392,0.8,63.66440263293241,2.681466274250429,2109.4895217143808,1983.2025063239337,5.986614964923538
101,1,charniere,25.811878255329834,0.6257962719951486,0.6104288568300392,0.8,83.44949788923407,3.226631196248567,2227.3979483744765,2671.487673449696,19.937601424088136
101,2,charniere,36.039602598509404,0.9591743926365102,0.6104288568300392,0.8,54.172365581701975,4.604230449118699,1864.3324185723206,1677.1148445001447,10.042070405853076
101,3,charniere,36.686264387301584,0.6257962719951486,0.6104288568300392,0.8,43.91917539677541,16.43342453906621,2026.4812328453381,1591.3471528339564,21.472396238302164
101,4,charniere,52.35011377144875,0.9591743926365102,0.6104288568300392,0.8,62.40797317808651,7.477971294272126,905.1987942690988,1740.6749076185517,92.29752830416182
101,5,charniere,31.00954015740199,0.9591743926365102,0.6104288568300392,0.8,82.30239892758686,2.9071558723192066,1738.9629171405813,2059.7278016970977,18.445757606145953
102,0,quadratique,24.57713593836442,0.5693722718095012,0.9968134236944127,0.8,66.67823503054552,2.3365745086824568,3219.8040648599567,3337.8997295467157,3.6677904092246507
102,1,quadratique,25.72875943472335,0.907192171861569,0.9968134236944127,0.8,77.77217934266888,2.2232493390739774,3398.2898886232865,3249.6156608160754,4.37497190292503
102,2,quadratique,35.54230793086756,0.5693722718095012,0.9968134236944127,0.8,58.813906414359174,1.0234289237605585,2141.243587621842,2033.8652092146763,5.014767074045263
102,3,quadratique,35.1685563450457,0.907192171861569,0.9968134236944127,0.8,51.31319882125587,2.2325774356225545,2202.51928849176,2075.9339449741315,5.747297841115011
102,4,quadratique,39.45188826653445,0.5693722718095012,0.9968134236944127,0.8,89.20118659632189,3.527413733100293,1944.0199319754945,1879.0905048497143,3.3399568624689735
102,5,quadratique,39.44337406218716,0.907192171861569,0.9968134236944127,0.8,44.68975878040962,3.270929825639875,1867.1369163120921,1655.1034848101788,11.3560730147586
103,0,arrhenius,24.656168139682336,0.5829906148950923,0.7789897326681986,0.8,98.14728341310591,10.845455794396909,,,
103,1,arrhenius,25.322444337290253,0.9803847423169236,0.7789897326681986,0.8,74.67919426316065,9.422076363735746,,,
103,2,arrhenius,38.38346667212862,0.5829906148950923,0.7789897326681986,0.8,92.24650854065962,3.5700630237742197,6327.917063778389,8844.483350721903,39.76926785827493
103,3,arrhenius,38.62112070968298,0.9803847423169236,0.7789897326681986,0.8,40.133561869876225,9.787525989466488,3992.608479321275,8482.98659893708,112.46727904508052
103,4,arrhenius,53.717551262980905,0.5829906148950923,0.7789897326681986,0.8,42.052728224660235,16.359241477452905,2490.8657828229525,1245.951530955599,49.97917834241815
103,5,arrhenius,53.762218859618216,0.9803847423169236,0.7789897326681986,0.8,66.6189457501018,11.79926299147032,2557.6164970406253,1345.3448022540417,47.3984937221543
104,0,arrhenius,43.18229941031787,0.5986798266158408,0.46020275786294884,0.8,46.242687431961095,1.951076694860415,2440.8653376257294,2343.1213546042386,4.004480768142988
104,1,arrhenius,26.204277434536827,0.5986798266158408,0.46020275786294884,0.8,55.31250811892269,2.1318239087351083,3574.559965436545,3787.439277687312,5.955399106719667
104,2,arrhenius,42.78877270778718,0.9331382073903256,0.46020275786294884,0.8,57.81486951313649,2.894391544887283,2599.7241459012557,2328.9133352901636,10.416905618161623
104,3,arrhenius,46.945165665258976,0.9331382073903256,0.46020275786294884,0.8,56.66894795711691,6.691771662163204,1529.7358568513464,2496.0955225430557,63.171668583409314
104,4,arrhenius,46.77161484340144,0.5986798266158408,0.46020275786294884,0.8,56.998095257460285,9.882955302160534,2659.997635238011,1977.3279117886855,25.664298133417006
104,5,arrhenius,27.213038746531943,0.9331382073903256,0.46020275786294884,0.8,48.77402629130997,2.311155299455202,3604.3985793481834,3602.428238538656,0.05466489807250333
105,0,charniere,44.623883124173375,0.6467928975484172,0.7697408268004837,0.8,77.18726652553744,2.063119635888838,4838.996811495088,4580.70575938095,5.337698332442882
105,1,charniere,52.115549886215824,0.6467928975484172,0.7697408268004837,0.8,65.11159983542275,3.5958706240913942,3772.239980526781,4852.076772115823,28.625877387531585
105,2,charniere,37.00904516387077,0.9332391797387154,0.7697408268004837,0.8,58.34086334371406,0.9623807783550805,5405.697022471018,5185.510545570297,4.073230075333938
105,3,charniere,36.234791363381895,0.6467928975484172,0.7697408268004837,0.8,61.94701527046919,4.695086996886409,6279.1125662163095,5093.3254374862745,18.884629256528378
105,4,charniere,28.367884603862233,0.6467928975484172,0.7697408268004837,0.8,64.99761559661002,0.9226748774720132,5767.902572771,6071.965885192171,5.271644390399153
105,5,charniere,28.041628785633957,0.9332391797387154,0.7697408268004837,0.8,58.52146624452445,2.8998349130039465,5456.5256028313825,6330.820927283617,16.022930855461645
106,0,arrhenius,31.49143645726684,0.5648464377129434,0.6253631881785586,0.8,54.83534013274574,3.2560635417980976,9009.720103615302,7804.56827075396,13.376129546774207
106,1,arrhenius,41.50089730865644,0.5648464377129434,0.6253631881785586,0.8,42.28128968412795,3.3008161059042824,5304.729752507195,5847.260230899929,10.22729721785197
106,2,arrhenius,54.617896890475436,0.5648464377129434,0.6253631881785586,0.8,65.49193199839573,1.7945695223143106,3609.994584623725,3862.6440284445803,6.998610050468791
106,3,arrhenius,26.30002935753311,0.5648464377129434,0.6253631881785586,0.8,61.889323491519775,2.331931772955418,10285.184816616986,9452.597433022853,8.09501626309121
106,4,arrhenius,26.653325532814996,0.8651716922273076,0.6253631881785586,0.8,56.45264254225572,1.7545883282919041,9451.981268330695,9769.67040970488,3.3610851773333215
106,5,arrhenius,54.96560448371654,0.8651716922273076,0.6253631881785586,0.8,47.59039763017931,1.4787757061436095,3744.699342332628,3438.3339750768014,8.181307476209483
107,0,charniere,26.455253815853144,0.5421242845367442,0.5689493832911257,0.8,67.81660257889237,22.597822447822598,8899.634213785916,5180.340284102337,41.79153704904222
107,1,charniere,26.626333262385824,0.9136127068573714,0.5689493832911257,0.8,89.32493851663199,22.52165635814592,9599.83972465105,5876.41511045345,38.78632061571158
107,2,charniere,30.616701304820864,0.5421242845367442,0.5689493832911257,0.8,92.0231766733142,9.446930179658759,7792.610691636771,5950.382704932313,23.64070347671268
107,3,charniere,30.410887264684188,0.9136127068573714,0.5689493832911257,0.8,93.16848817592223,2.0395818611891126,6075.4161569658345,6633.571252075203,9.187108844707039
107,4,charniere,48.15686374379874,0.5421242845367442,0.5689493832911257,0.8,94.3238543217588,1.5947990961826677,5812.991707694932,5610.033640047446,3.4914563421589078
107,5,charniere,49.30435971562858,0.9136127068573714,0.5689493832911257,0.8,53.0632925993792,47.1416531736827,6076.231557417116,3402.6607051874284,44.00047672584369
108,0,charniere,26.85845157680054,0.6026920848693478,0.7822550275635627,0.8,82.20922036292232,0.812474098149468,2469.385685557105,2681.9488407201834,8.607936638100474
108,1,charniere,26.27186392298158,0.9802049976021165,0.7822550275635627,0.8,82.10759440658677,1.0107500136672325,2607.1934075529375,2758.5432913163513,5.805088465050544
108,2,charniere,43.5661724975592,0.6026920848693478,0.7822550275635627,0.8,55.66652484498029,1.5584277564800852,1810.5576378813698,1743.3008535006697,3.7146999893027894
108,3,charniere,42.890630774256316,0.9802049976021165,0.7822550275635627,0.8,81.40287590357666,1.134866884702158,1761.770244676715,1772.5078685453548,0.6094792383447301
108,4,charniere,53.22500703836285,0.6026920848693478,0.7822550275635627,0.8,79.64027564788974,1.0449787830180903,1336.669745929906,1316.8477943339565,1.4829356059195893
108,5,charniere,52.02182402675881,0.9802049976021165,0.7822550275635627,0.8,88.17488475875489,1.199789871161925,1446.1013008530958,1433.9244184205743,0.8420490615241176
109,0,arrhenius,35.040651114774015,0.9197996705712823,0.7110216263879614,0.8,47.862761125782875,3.0049115053653703,2131.861525613469,2430.7450934517024,14.019839668161655
109,1,arrhenius,41.725229482301465,0.9197996705712823,0.7110216263879614,0.8,61.730889158729724,25.203422155695275,2569.342030427416,2091.070996418539,18.614533539908486
109,2,arrhenius,27.984899475461244,0.9197996705712823,0.7110216263879614,0.8,50.82530886996304,42.59325547715911,3116.387051088984,1999.5574372897017,35.83732044480867
109,3,arrhenius,41.72236645972971,0.5315255257862495,0.7110216263879614,0.8,61.67965605701296,5.4776311603804455,1469.1985600579558,2326.033452218565,58.31988374170537
109,4,arrhenius,51.59579345258842,0.5315255257862495,0.7110216263879614,0.8,80.34008804787834,3.0532044350451115,1739.3542679348388,2045.5210439488126,17.602324130177923
109,5,arrhenius,52.90104079223826,0.9197996705712823,0.7110216263879614,0.8,56.670888077743975,42.15595370795766,2395.5181017400087,1554.5792860817462,35.104673809287355
110,0,arrhenius,26.805987126300334,0.5485569142075001,0.5883117596154555,0.8,48.03100960855538,4.018280709480954,6381.846835603699,5593.993813614691,12.345219844413268
110,1,arrhenius,26.513534920950267,0.8618369392946701,0.5883117596154555,0.8,60.2088949104347,2.2674947840842017,5863.221770888541,6217.246942303541,6.038065508160869
110,2,arrhenius,47.64283206586022,0.5485569142075001,0.5883117596154555,0.8,58.93034284556652,3.4717693921688864,4290.066846415479,4844.861021335399,12.93206364333163
110,3,arrhenius,48.58778873265171,0.8618369392946701,0.5883117596154555,0.8,48.82644138089333,2.9829228939864287,4960.134928769981,4570.898376064824,7.847297670220439
110,4,arrhenius,54.01836376846948,0.5485569142075001,0.5883117596154555,0.8,64.76688308873692,2.3359777504061436,4485.443373348243,4373.82095738377,2.4885481026851073
110,5,arrhenius,53.697679048508924,0.8618369392946701,0.5883117596154555,0.8,94.64567962922932,14.727042047389975,5623.681160071565,4230.537998526689,24.772797779437887
111,0,quadratique,26.875974112058284,0.5064182456740692,0.9946691392574804,0.8,42.07639632614368,1.6984576764756116,5564.342163342532,5772.544001617475,3.7417152317943527
111,1,quadratique,27.589730305031228,0.9220837888474006,0.9946691392574804,0.8,48.36426469854885,1.874888169183351,5623.563403252121,5403.8332908828015,3.9073110163966343
111,2,quadratique,38.80274448201736,0.5064182456740692,0.9946691392574804,0.8,56.859242606417425,2.0268756934930163,3553.5087496942797,3726.704559457559,4.873937900903713
111,3,quadratique,39.04940980107615,0.9220837888474006,0.9946691392574804,0.8,55.24812858212849,1.8007114064147907,3690.0540842941414,3654.543675594573,0.9623275943490972
111,4,quadratique,42.81998452135075,0.5064182456740692,0.9946691392574804,0.8,41.27848146150521,0.6699601049192265,3273.300030176351,3264.325274464162,0.27418066261727886
111,5,quadratique,42.44312519709745,0.9220837888474006,0.9946691392574804,0.8,82.44166218454487,2.2551359623795664,3408.6659531882106,3224.026011163251,5.416780187928393
112,0,arrhenius,26.75304367533769,0.5396962534298873,0.7917543924282608,0.8,91.45649131240398,2.2836774754013396,3994.5831824337797,4388.083248081126,9.850841694266546
112,1,arrhenius,27.16312100945728,0.8594900085580756,0.7917543924282608,0.8,51.590206821829796,0.9123457097239414,4365.97748899644,4292.493265572938,1.6831104514098874
112,2,arrhenius,45.3320083227641,0.5396962534298873,0.7917543924282608,0.8,63.88872281880669,2.6211802142810523,3681.778940705649,3364.9972336503333,8.604039301572007
112,3,arrhenius,46.80032019663155,0.8594900085580756,0.7917543924282608,0.8,40.13570104517685,3.6822526010720975,2802.936263316055,3525.1579458110905,25.766610962484055
112,4,arrhenius,52.576414573780376,0.5396962534298873,0.7917543924282608,0.8,54.990876831752935,0.9035984938214497,3019.278741058968,3186.91605589362,5.552230489850555
112,5,arrhenius,52.41503390078538,0.8594900085580756,0.7917543924282608,0.8,83.1989359060039,1.4838754245272134,3159.511026326849,3001.808820750589,4.9913484796285
113,0,charniere,25.82003733614806,0.6307319688900491,0.6626923846942144,0.8,52.33950833516409,8.09243173163544,5423.453494302824,4242.800103850652,21.76940194458039
113,1,charniere,24.588879217722965,0.9673004427392488,0.6626923846942144,0.8,80.57844871942838,4.791617580518793,4565.726137312939,5510.584132192794,20.694583215539318
113,2,charniere,32.365214240618386,0.6307319688900491,0.6626923846942144,0.8,82.4194035317384,7.528813881127455,5723.353068276493,4316.9244566586685,24.573507781887564
113,3,charniere,32.18720780887308,0.9673004427392488,0.6626923846942144,0.8,94.11483826631792,1.765091387153246,4986.17785518849,4602.8594840467085,7.687619300280475
113,4,charniere,54.570718536892485,0.6307319688900491,0.6626923846942144,0.8,78.27120831751972,1.7441738216364346,3685.422659554501,3354.812130450072,8.970762912289517
113,5,charniere,54.97624485606931,0.9673004427392488,0.6626923846942144,0.8,81.95650926815395,2.6618598336051003,3413.994876484687,3808.047364960159,11.542269474089508
114,0,charniere,26.14888340002554,0.5149702954596997,0.6587671644966082,0.8,65.14646635097279,1.0614668859532355,5522.066225433616,5410.343406986187,2.023206783230056
114,1,charniere,26.421301230292475,0.980914808371774,0.6587671644966082,0.8,95.39997383007481,0.9435551996011582,5298.0915220174775,5468.854569043599,3.223104891949782
114,2,charniere,30.700821390182554,0.5149702954596997,0.6587671644966082,0.8,59.17375147264875,0.7410232674960776,5187.210784987419,5208.363612055048,0.4077880761824547
114,3,charniere,30.979771244944,0.980914808371774,0.6587671644966082,0.8,48.37607206943035,0.8190518805036928,5175.80692630174,5175.46026063614,0.006697809066979203
114,4,charniere,54.43478645011997,0.5149702954596997,0.6587671644966082,0.8,83.99519978062874,0.6630794080471207,4226.658174925227,4190.106213753581,0.8647957714795084
114,5,charniere,54.23798764984721,0.980914808371774,0.6587671644966082,0.8,80.773690476196,1.020954847072042,4176.361056522961,4274.254337375453,2.343985099171326
115,0,charniere,26.03808064208103,0.5745069476213415,0.4316470096111103,0.8,86.18766444905856,2.7284045371566403,5200.664054242792,5226.726950751099,0.5011455505772265
115,1,charniere,26.410864101164908,0.9124871171021967,0.4316470096111103,0.8,40.42805369374014,43.892872220771814,4917.665733436092,2985.3204054704524,39.29395434153397
115,2,charniere,44.893065261193755,0.5745069476213415,0.4316470096111103,0.8,50.768721481071054,14.223037398931499,3363.286184682839,2779.3249413107155,17.362817533387858
115,3,charniere,45.492935042654636,0.9124871171021967,0.4316470096111103,0.8,84.9520849171597,22.896745933794094,3430.743224542973,2663.3798481064264,22.367263482354357
115,4,charniere,52.536854140184396,0.5745069476213415,0.4316470096111103,0.8,89.67286023441184,3.7939640562837487,1682.3717692053858,2440.6996479759523,45.07492889807217
115,5,charniere,52.04903101960179,0.9124871171021967,0.4316470096111103,0.8,47.10804993269411,6.570004150428097,1703.9444101651218,3059.7904450099345,79.5710251318248
116,0,charniere,26.568374940646592,0.6195022928866094,0.7761156880736497,0.8,59.144396071847964,5.466500829430643,4148.195556509407,3566.9716038896327,14.01148872327654
116,1,charniere,27.287219205491162,0.9594231676591041,0.7761156880736497,0.8,64.42704563013244,4.652674472257244,3128.858593358665,4447.534861885923,42.14560131692397
116,2,charniere,43.83105011097445,0.6195022928866094,0.7761156880736497,0.8,63.32291999517264,8.053154233395096,3365.138799944797,2650.869698141583,21.225546530649236
116,3,charniere,43.84765664731075,0.9594231676591041,0.7761156880736497,0.8,91.53362087972316,4.494019528870617,3162.188033847832,2738.004623916524,13.414237401156392
116,4,charniere,53.88152485891185,0.6195022928866094,0.7761156880736497,0.8,63.763855738340474,1.944061972876245,2195.3445641971953,2400.656769313379,9.352163139423318
116,5,charniere,54.979840445460695,0.9594231676591041,0.7761156880736497,0.8,40.620604404423375,2.8700375197866395,2081.0205017252492,2422.1157323653797,16.390767431524527
117,0,charniere,27.913320254421002,0.6369794680897202,0.5548516261261697,0.8,66.55854278527991,3.739713763587194,6386.829435906857,5029.952511746971,21.244921878318873
117,1,charniere,26.19935064771803,0.9440355861358929,0.5548516261261697,0.8,51.32281484281749,4.914362455061865,5178.107705433384,7085.485946244208,36.83543003189011
117,2,charniere,40.34656382160268,0.6369794680897202,0.5548516261261697,0.8,45.614091772266036,2.4376947393595985,2806.667400120967,2310.5579216771184,17.676105064050926
117,3,charniere,41.00015983420025,0.9440355861358929,0.5548516261261697,0.8,54.186537592334844,4.6892521889272265,3038.7471781214354,2170.6921908949375,28.566212861549495
117,4,charniere,54.152528643102805,0.6369794680897202,0.5548516261261697,0.8,93.2565487346392,3.6726306986575974,1637.528242377497,1296.5477463579236,20.822877260700558
117,5,charniere,54.559036625354835,0.9440355861358929,0.5548516261261697,0.8,42.99290302344463,2.822824261100394,1132.9732611879,916.2897169057771,19.125212545169383
118,0,charniere,29.44542111889531,0.9485875690253097,0.4239162836657848,0.8,86.85877777076152,7.185716251312343,,,
118,1,charniere,41.613035444402726,0.9485875690253097,0.4239162836657848,0.8,78.6782434432284,31.618715489494047,11195.759955140215,7512.46708203912,32.89899826237356
118,2,charniere,29.975948106155112,0.5507596700248327,0.4239162836657848,0.8,86.22783809709915,3.1907708436782243,,,
118,3,charniere,54.08421359080429,0.5507596700248327,0.4239162836657848,0.8,54.69193099273527,7.811738406641318,3743.1566562744015,7647.891924391335,104.31664038350328
118,4,charniere,25.23749254075991,0.5507596700248327,0.4239162836657848,0.8,92.25835832946939,1.518891848347377,,,
118,5,charniere,25.049889566621314,0.9485875690253097,0.4239162836657848,0.8,90.0668570246011,2.2405203413671684,,,
119,0,arrhenius,26.484027490368558,0.5479227344691213,0.4156168402560259,0.8,77.13748168434253,3.4700596592778403,,,
119,1,arrhenius,25.95075930302391,0.9796806997183469,0.4156168402560259,0.8,79.75611251882758,6.967181928214722,,,
119,2,arrhenius,40.403392995420056,0.5479227344691213,0.4156168402560259,0.8,94.73659763840007,3.654273168425998,,,
119,3,arrhenius,40.492381059028986,0.9796806997183469,0.4156168402560259,0.8,73.74443765521812,3.567691464927459,,11696.480111039718,
119,4,arrhenius,46.50631502092666,0.5479227344691213,0.4156168402560259,0.8,69.5315206681064,7.305116190694962,,9207.666670329434,
119,5,arrhenius,46.77740065320898,0.9796806997183469,0.4156168402560259,0.8,81.32447884130902,7.858376121283902,,9466.05253207033,
120,0,charniere,55.21622573030642,0.5229925093576474,0.5805566941202149,0.8,68.4299927362075,3.7891758128345803,1412.8421779899427,1268.7638535854105,10.19776494848937
120,1,charniere,33.0367617973795,0.9782818327086722,0.5805566941202149,0.8,81.2368540072188,3.2650680619072783,3422.8246281498095,3091.3463821436762,9.684347929485133
120,2,charniere,26.315453491710855,0.5229925093576474,0.5805566941202149,0.8,47.8331699813308,2.9722629876453697,3889.5113076832113,4456.857923829415,14.586578396763784
120,3,charniere,32.77224744303613,0.5229925093576474,0.5805566941202149,0.8,89.94904312545209,12.018451220071741,3869.824518889815,3118.1603082891083,19.423728567835578
120,4,charniere,54.99046824887975,0.9782818327086722,0.5805566941202149,0.8,67.14397827465223,4.6904823591957365,1143.0117915693686,1456.0698368845965,27.388872767917427
120,5,charniere,47.0596473667535,0.5229925093576474,0.5805566941202149,0.8,78.80566814533809,7.892194354633104,2098.0745644107583,1740.328757572531,17.051148367489017
121,0,arrhenius,54.496685151088485,0.5408401008804341,0.5063261851379524,0.8,88.67232380753246,3.4090404456335284,1376.0360013682925,1305.13587280932,5.152490813355998
121,1,arrhenius,26.85816119570699,0.8780233191165996,0.5063261851379524,0.8,83.71222751015095,19.0823868229622,5706.066194953162,5006.341337335247,12.262824049198732
121,2,arrhenius,36.17972033004351,0.5408401008804341,0.5063261851379524,0.8,89.5788526875689,10.209834523999048,3323.127291541441,3048.0265458856975,8.2783691842312
121,3,arrhenius,26.307322179201698,0.5408401008804341,0.5063261851379524,0.8,56.852039171813914,60.00628166581503,8498.812758397517,3658.949659481427,56.947520041948366
121,4,arrhenius,54.614874809749914,0.8780233191165996,0.5063261851379524,0.8,56.750549358993425,58.04394836894977,1686.2874312957395,752.0325820262156,55.40306070784413
121,5,arrhenius,35.485231778584485,0.8780233191165996,0.5063261851379524,0.8,92.7254150582318,6.7865143204142955,3522.8296961137917,3276.0600101717505,7.004871288960265
122,0,charniere,26.931328955992697,0.5716161713557132,0.5928973008098937,0.8,53.456393172906076,1.5146585240407355,3805.0392826595676,4376.7256842469005,15.024454653927974
122,1,charniere,27.089448900787026,0.885501258871849,0.5928973008098937,0.8,80.67939286690894,2.8712405225086237,3682.6231167233336,4304.768760868905,16.89408946900692
122,2,charniere,38.632840606059446,0.5716161713557132,0.5928973008098937,0.8,78.6097878460378,5.7050644998821145,3213.1388604178383,2472.9947218742054,23.034925370370832
122,3,charniere,39.3002309222608,0.885501258871849,0.5928973008098937,0.8,46.2609460634059,3.926847409979444,2944.5540115686495,2432.1096592653803,17.40312285969158
122,4,charniere,50.656944408975704,0.5716161713557132,0.5928973008098937,0.8,78.91045459398693,4.031978125161912,1535.6262036066094,1856.1854034542998,20.874819607455073
122,5,charniere,52.314243972502524,0.885501258871849,0.5928973008098937,0.8,45.802271805602075,2.474994438774618,1512.9172990474904,1627.5584561478197,7.577490003750083
123,0,arrhenius,28.394199677980502,0.5565119491839398,0.8325464405638996,0.8,59.92859237429899,1.4835573582435349,5256.258076544972,4930.098433903497,6.20516797104958
123,1,arrhenius,27.66488787795216,0.9823051992697006,0.8325464405638996,0.8,58.05441822138247,1.1288131364388339,5299.272080414329,5085.666916514045,4.03083972022783
123,2,arrhenius,42.17259211953188,0.5565119491839398,0.8325464405638996,0.8,81.69093420578295,1.1774068947008287,2753.4205078254768,2907.615968619295,5.600142090740605
123,3,arrhenius,43.04288870709487,0.9823051992697006,0.8325464405638996,0.8,89.15723632221636,0.5510325447746948,2777.3652244060727,2825.4009588635504,1.7295433108819864
123,4,arrhenius,52.07062012251319,0.5565119491839398,0.8325464405638996,0.8,50.73602971252079,5.28207733287347,1570.5160763602514,2254.9559971751355,43.580573998395955
123,5,arrhenius,53.40954440501992,0.9823051992697006,0.8325464405638996,0.8,68.79153605480501,10.3695520279934,2491.547873937192,1567.7094648587058,37.07889455957428
124,0,charniere,26.77457681153105,0.6443835668437987,0.5716574393372883,0.8,78.60006604587848,16.946429629222592,8129.4668457723965,4539.206956771267,44.16353442499355
124,1,charniere,28.417295105694798,0.895265016875939,0.5716574393372883,0.8,66.31128014981863,12.239154859941705,3144.376520424771,8630.956873319266,174.48865672592282
124,2,charniere,34.02376489642606,0.6443835668437987,0.5716574393372883,0.8,62.06309606292813,4.2305854143481785,4497.935213167478,5831.215566025033,29.642053290461906
124,3,charniere,33.27633945343061,0.895265016875939,0.5716574393372883,0.8,83.57258102645194,32.90147944740784,11075.19167273866,4641.863454450134,58.08773706484938
124,4,charniere,38.23412859551649,0.6443835668437987,0.5716574393372883,0.8,59.519750211066814,1.937134552091038,4734.88523119701,5595.808647481076,18.18256144017283
124,5,charniere,39.21313912012415,0.895265016875939,0.5716574393372883,0.8,55.58827000698167,4.589938404003458,4369.229532986973,6056.165074722915,38.609451140066064
125,0,charniere,30.639378608072505,0.981376854641073,0.7779352741768348,0.8,92.57220631339958,2.3900311414847293,2302.660337507209,2075.75594487196,9.854010552024755
125,1,charniere,25.977452666215342,0.5772696250152918,0.7779352741768348,0.8,92.43261827514841,5.910768956920789,2179.9098729484813,3069.724878043255,40.818889631030316
125,2,charniere,54.253719886485,0.5772696250152918,0.7779352741768348,0.8,78.3297071171089,10.432060928609335,1876.6807624510618,4623.546413860419,146.36829589608942
125,3,charniere,31.038313464877383,0.5772696250152918,0.7779352741768348,0.8,40.21602015588345,4.176970680843053,2537.0390989910534,2179.765841199149,14.082292146541512
125,4,charniere,26.63914842357799,0.981376854641073,0.7779352741768348,0.8,49.852105001183325,8.861567789681692,2860.8232677039296,2096.8019136761386,26.706345780002955
125,5,charniere,39.72811429734104,0.5772696250152918,0.7779352741768348,0.8,44.33456262719408,3.386301164429548,2504.630194408206,2149.910266715831,14.162566932408497
126,0,arrhenius,25.437778656293688,0.6016197219237616,0.9561714334097404,0.8,59.38615588307018,4.097569385973934,3403.6818256790675,4021.0316996272118,18.13770809276443
126,1,arrhenius,26.76640421456766,0.8686042690399375,0.9561714334097404,0.8,67.19273709328293,7.947952005307577,4013.3595136981903,3390.9440220670795,15.508590484025031
126,2,arrhenius,33.73015046677526,0.6016197219237616,0.9561714334097404,0.8,44.9024446196367,3.2342261156700403,2780.706380108223,3200.3514546599404,15.09131196136519
126,3,arrhenius,34.700306921128046,0.8686042690399375,0.9561714334097404,0.8,62.83021572816371,3.9528505364280133,3360.615231388525,3013.6519558243153,10.324397518749945
126,4,arrhenius,43.78001001898148,0.6016197219237616,0.9561714334097404,0.8,57.94035778699071,1.5851844567367395,2652.359273006568,2595.3961643007633,2.1476392465201144
126,5,arrhenius,43.540487856224956,0.8686042690399375,0.9561714334097404,0.8,47.105902454998336,3.0265030197341156,2689.257006660043,2519.554640932324,6.31038109438572
127,0,arrhenius,28.48448227719606,0.588524207942583,0.7287689420020591,0.8,93.04415497947727,2.4007304406595753,2028.9779075110105,2458.4329612755164,21.166078357714962
127,1,arrhenius,27.21783667940539,0.9499828784011122,0.7287689420020591,0.8,57.71491408346082,16.913592450000127,2654.763189717772,1935.9181619941292,27.077557444966054
127,2,arrhenius,43.76753040780261,0.588524207942583,0.7287689420020591,0.8,88.61000829601552,1.4807153627896834,1897.193609203453,2095.505358998697,10.452899948282358
127,3,arrhenius,43.0700929512219,0.9499828784011122,0.7287689420020591,0.8,65.50349242161927,0.5703795974848018,2084.7334414754005,2062.2913776220316,1.0764956040368507
127,4,arrhenius,53.664913788009436,0.588524207942583,0.7287689420020591,0.8,59.96275022586449,3.352990705999005,1751.951695233793,2126.361092084242,21.37098858770105
127,5,arrhenius,54.99645554560218,0.9499828784011122,0.7287689420020591,0.8,88.96588887082441,18.983246632805464,2536.5546281891557,1783.9997738138213,29.66838742647473
128,0,charniere,25.532593049997494,0.5378380331305896,0.6077295917658276,0.8,67.77920885596825,0.6606062964894602,3914.37983524662,3820.1583856989937,2.4070594452592293
128,1,charniere,25.551984545203304,0.9233295012421454,0.6077295917658276,0.8,52.88763855207237,6.532873861170848,2841.609652603995,4402.2941856941225,54.92255178891114
128,2,charniere,30.074765256772483,0.5378380331305896,0.6077295917658276,0.8,54.269229064543985,10.500195062098914,4212.920109834953,3022.7745453759685,28.249896352903075
128,3,charniere,30.772091505440855,0.9233295012421454,0.6077295917658276,0.8,41.26114101607488,4.951923930533643,3562.721377265249,3051.1120193772613,14.360072082894677
128,4,charniere,51.913108548565205,0.5378380331305896,0.6077295917658276,0.8,69.3531217567585,2.6049203059476076,1423.1694246654263,1570.206471324806,10.331661438970748
128,5,charniere,52.122472094538196,0.9233295012421454,0.6077295917658276,0.8,48.733163373122494,4.274920588890621,1318.7685287561,1524.264328905725,15.582400980060878
129,0,arrhenius,52.26143560864789,0.8851008208102406,0.6329521221738472,0.8,41.86138419597028,4.3751492998161385,2814.2569817246,2303.80072849592,18.13822463774677
129,1,arrhenius,35.9231617487514,0.8851008208102406,0.6329521221738472,0.8,49.52121077606901,0.8837231107674941,4353.504539066079,4307.051342937219,1.067029922950891
129,2,arrhenius,42.43705201216224,0.8851008208102406,0.6329521221738472,0.8,90.9467304961259,2.2559752680780325,3631.2056022798934,3595.3083555803755,0.9885765398957126
129,3,arrhenius,52.88714735474623,0.5354303636419797,0.6329521221738472,0.8,49.705543685604965,1.6243928370398333,2514.9667067410583,2340.11729442543,6.9523549495492745
129,4,arrhenius,35.78756858378511,0.5354303636419797,0.6329521221738472,0.8,56.33774592400276,3.6907544149022455,3905.7014092468607,4477.090194887138,14.629607483242257
129,5,arrhenius,26.151758158468464,0.8851008208102406,0.6329521221738472,0.8,50.00118849254716,12.019735611666585,7191.466191227679,5304.822651105802,26.23447694745822
130,0,charniere,27.935573209753574,0.5644755606939958,0.5973666868986334,0.8,62.47636164938768,3.9520983881213274,5416.716455855252,6159.83958907339,13.719070201927435
130,1,charniere,27.74724561735888,0.9587845933331811,0.5973666868986334,0.8,61.273860128828396,2.414300425488987,5350.511374962991,6319.638035333474,18.112785721854237
130,2,charniere,34.53612684362069,0.5644755606939958,0.5973666868986334,0.8,63.25273336745152,7.942697485178648,5696.227640289018,4034.3228739954,29.175532848074443
130,3,charniere,35.1797946633014,0.9587845933331811,0.5973666868986334,0.8,86.9713957572001,9.187998340412019,5661.297291281966,4065.4766695273356,28.188249788826518
130,4,charniere,52.1776372095045,0.5644755606939958,0.5973666868986334,0.8,82.4871207893559,2.3660036080595783,2230.197733748992,2228.1395622927457,0.09228650110707959
130,5,charniere,51.90401139290395,0.9587845933331811,0.5973666868986334,0.8,41.280716001064455,1.2052645138509501,2017.7922161016413,2008.8353089860611,0.44389640539325964
131,0,arrhenius,26.9060684432033,0.615916019490238,0.9351962138439239,0.8,59.6329998387218,39.699580365820104,7778.121836435409,4820.126105704893,38.029691395090296
131,1,arrhenius,27.296087554936314,0.8726452800662843,0.9351962138439239,0.8,92.69423632250717,5.281945600202555,5970.921843042054,7101.6342428195085,18.936982085857966
131,2,arrhenius,44.37648174432837,0.615916019490238,0.9351962138439239,0.8,81.90369045815147,3.614901910114583,2762.7664709836513,2590.9975489645467,6.217279810766932
131,3,arrhenius,43.04667555993323,0.8726452800662843,0.9351962138439239,0.8,45.65213926488372,3.7147774797409694,2484.2601274983276,2963.847784092872,19.305049873239067
131,4,arrhenius,54.844813990367044,0.615916019490238,0.9351962138439239,0.8,69.375116634798,2.447694948816088,1605.6436901272004,1740.1477757581545,8.376957257578018
131,5,arrhenius,54.12598459329744,0.8726452800662843,0.9351962138439239,0.8,66.35979153270253,15.320071880658416,1911.2592077018269,1606.7370305686313,15.933065274770605
132,0,quadratique,26.072976288001005,0.5939219754533434,0.7114766501125946,0.8,54.28752375655859,2.6357454252401484,9083.824627567124,10401.115297971091,14.501498261055382
132,1,quadratique,53.669658964642494,0.5939219754533434,0.7114766501125946,0.8,88.00408148757234,10.627807799753882,4623.742817087172,3158.619483380383,31.6869556042863
132,2,quadratique,53.06378733973084,0.8746545074471963,0.7114766501125946,0.8,43.838833856252286,7.052439059312509,3013.2595004441787,4744.962587870103,57.469430932538565
132,3,quadratique,30.260608042795543,0.5939219754533434,0.7114766501125946,0.8,55.197343756249836,1.800274623872151,7867.420586868176,9306.173700125393,18.287481867420404
132,4,quadratique,26.67728467096021,0.8746545074471963,0.7114766501125946,0.8,93.0628038833589,9.738302501789425,11838.24461139242,8624.304616268459,27.148788529264355
132,5,quadratique,46.28408641838546,0.5939219754533434,0.7114766501125946,0.8,68.03011888475434,3.047755712523958,4632.495927372629,5145.247948309878,11.068590862810789
133,0,arrhenius,54.79144516009105,0.6351835494740898,0.5615151242229446,0.8,91.40910434041974,37.48339441914273,2225.7105673962647,1619.6936164886115,27.228021459079415
133,1,arrhenius,29.091276209471005,0.6351835494740898,0.5615151242229446,0.8,85.32418184050715,1.8415850197706218,,,
133,2,arrhenius,35.53731074045753,0.6351835494740898,0.5615151242229446,0.8,82.86521227357211,14.67969140571905,11835.949228044334,7520.107918214683,36.463837641374894
133,3,arrhenius,54.28372894502621,0.9864804154184343,0.5615151242229446,0.8,80.81360171857384,5.6821214556908135,2279.370911000723,1757.5518408142484,22.89311790670251
133,4,arrhenius,25.59281477448737,0.9864804154184343,0.5615151242229446,0.8,88.50330757424102,0.8721635391144984,,,
133,5,arrhenius,36.01160078436181,0.9864804154184343,0.5615151242229446,0.8,87.99812420897852,2.4352183626855783,9443.219847263143,9066.849636197914,3.985613139932446
134,0,quadratique,26.6873625317191,0.5296757717277991,0.9638848288289706,0.8,54.470711528316706,0.8807109423823656,5405.993258374259,5647.46713041781,4.466780857883811
134,1,quadratique,26.028619784676348,0.9211522252357525,0.9638848288289706,0.8,82.36623084404171,4.169381393832501,5632.211748823322,6123.758804505576,8.727424990456873
134,2,quadratique,34.26069024358184,0.5296757717277991,0.9638848288289706,0.8,79.0321231855127,6.848054821506455,5354.007181564642,4419.24507618865,17.4591119077061
134,3,quadratique,34.85693711443771,0.9211522252357525,0.9638848288289706,0.8,54.74783849658983,6.448198295869385,5108.858222215713,4290.9438150852875,16.009729993558047
134,4,quadratique,54.524195644766166,0.5296757717277991,0.9638848288289706,0.8,56.93763997597775,4.202447645402732,2874.6235146372796,2550.8910743274378,11.261733533502055
134,5,quadratique,53.92122631430666,0.9211522252357525,0.9638848288289706,0.8,51.02793376479554,6.157479413882082,2453.921949379922,3160.163693128426,28.78012252700064
135,0,charniere,26.95334522546044,0.5497621712860249,0.8038950407517589,0.8,61.90555458208196,1.158532074503335,2558.3524745823393,2422.5624400000265,5.3077140828486105
135,1,charniere,26.414864760535092,0.8867944617742184,0.8038950407517589,0.8,88.14467372172808,3.9851226884195046,3159.476411238404,2692.9232072002246,14.76678864822754
135,2,charniere,44.77012699177824,0.5497621712860249,0.8038950407517589,0.8,61.539157754204396,2.1392733742823378,1779.730643484307,1925.1031964811184,8.168233408186147
135,3,charniere,44.07949370216572,0.8867944617742184,0.8038950407517589,0.8,48.96443097009406,5.4480405531956535,2297.925083421364,1847.9001615448258,19.58396838623213
135,4,charniere,52.194611815236364,0.5497621712860249,0.8038950407517589,0.8,52.145611933140756,1.3674351884899236,1613.1639552466556,1747.047107905793,8.29941384592035
135,5,charniere,53.17937011035019,0.8867944617742184,0.8038950407517589,0.8,57.871411709161556,0.9490260811043788,1645.141275074318,1720.2166937937006,4.563463324205468
136,0,arrhenius,26.263069704911924,0.5833696878960427,0.6512314566410102,0.8,69.04546497777228,2.6513545633294133,3932.5981314250766,4570.979656800657,16.233072997576958
136,1,arrhenius,27.551564979309585,0.9038173340522887,0.6512314566410102,0.8,69.98615613320645,3.372698594481767,4684.114131359216,3825.5553578500494,18.329159995510906
136,2,arrhenius,41.92571635142383,0.5833696878960427,0.6512314566410102,0.8,53.23692357842113,1.63161658560933,2798.8889350375534,2762.336456113929,1.3059638939597218
136,3,arrhenius,41.95973019282174,0.9038173340522887,0.6512314566410102,0.8,88.02531198305955,3.580004085230775,3361.794436924091,2767.371631363374,17.681711856974523
136,4,arrhenius,53.71625136715475,0.5833696878960427,0.6512314566410102,0.8,42.8226133416193,2.207708123956506,1845.821635658249,2110.6368961775943,14.346741602956016
136,5,arrhenius,53.946699737176964,0.9038173340522887,0.6512314566410102,0.8,65.2849845493179,0.3809781833031729,1983.0378800604176,1997.3948700326307,0.7239896986625236
137,0,charniere,25.59610077642975,0.5975631319488383,0.8032475082743178,0.8,40.23054118453763,2.556619506614154,4751.022227802,5591.055747886448,17.68111113369973
137,1,charniere,25.971858516137743,0.9843284615561957,0.8032475082743178,0.8,84.62930915562758,1.9150187877908125,4689.218752297494,5161.204979078761,10.065348871814031
137,2,charniere,36.13387778619801,0.5975631319488383,0.8032475082743178,0.8,79.52821717463848,4.5585472905416236,4766.13903445471,3887.815162881982,18.42841480752599
137,3,charniere,34.86508994286287,0.9843284615561957,0.8032475082743178,0.8,39.88261237764432,0.936030802354252,4038.35696622039,4201.22493749679,4.033025624994026
137,4,charniere,53.43185501820464,0.5975631319488383,0.8032475082743178,0.8,69.16677767855279,4.670031513186483,2327.8151485548206,3150.253843636947,35.33092804180442
137,5,charniere,53.29470630623074,0.9843284615561957,0.8032475082743178,0.8,91.66748046115798,1.6576022260130534,2543.348783932523,2508.000525595334,1.3898313342039468
138,0,quadratique,27.560021795635794,0.6148669560356609,0.7027203438239641,0.8,65.89517859608742,3.0142612704590084,8715.811156976293,10365.591704491659,18.928594456694388
138,1,quadratique,28.375078140860936,0.9736145347363325,0.7027203438239641,0.8,43.118963031019696,1.9342074891600742,8816.201573165165,9606.447165649348,8.963560847900078
138,2,quadratique,35.517189800525145,0.6148669560356609,0.7027203438239641,0.8,66.7471316194438,3.7886644473162208,7617.681344902255,6787.340145712997,10.900182898106149
138,3,quadratique,35.90277564713902,0.9736145347363325,0.7027203438239641,0.8,94.19581668740672,1.1226807677973507,6805.210883513163,6595.556022721795,3.0807988816231187
138,4,quadratique,54.08261382119279,0.6148669560356609,0.7027203438239641,0.8,46.53489042274314,2.0296207830164756,3235.5765506877174,3605.889749442055,11.445045201468899
138,5,quadratique,53.48635126260097,0.9736145347363325,0.7027203438239641,0.8,51.73234837898164,1.7279598869429265,3285.6605477345356,3582.1407397186986,9.02345776981089
139,0,arrhenius,26.97479560191245,0.5265147658462487,0.6836410104948252,0.8,49.23137835860999,5.783521513797352,4054.8132601702973,3205.226425248961,20.95255145943897
139,1,arrhenius,27.345726332054898,0.9555363371465149,0.6836410104948252,0.8,69.49964328653081,2.556022135342802,3114.689469641004,3550.236714125727,13.983649051695787
139,2,arrhenius,35.15646984415844,0.5265147658462487,0.6836410104948252,0.8,76.57867732525894,1.9029699561434286,2621.712348748824,2810.8495699508408,7.214262895480507
139,3,arrhenius,33.88566079148917,0.9555363371465149,0.6836410104948252,0.8,80.31110091265768,4.212267886766061,2444.7290343797454,2874.8687457830447,17.594576141336272
139,4,arrhenius,53.77103454819687,0.5265147658462487,0.6836410104948252,0.8,66.72279293817306,0.8818519595395455,1709.170511465793,1626.5790957979407,4.832251382398441
139,5,arrhenius,53.068331550732566,0.9555363371465149,0.6836410104948252,0.8,78.62079846720474,4.863328889806885,2264.2624516864316,1711.5192438708018,24.41162275176822
140,0,charniere,26.292631868439738,0.5555442241039494,0.8174127723566829,0.8,54.71097780400241,2.0944898205902107,3015.626240131271,3332.3979624398066,10.504342948506325
140,1,charniere,27.146369230051736,0.9962043231765123,0.8174127723566829,0.8,66.63840268042046,3.39157470917527,2858.5648978886434,3350.6766877494683,17.21534432275098
140,2,charniere,39.47432879841018,0.5555442241039494,0.8174127723566829,0.8,92.61680904548305,0.8213973739192012,2519.7536124904464,2466.6641782006814,2.1069295833767274
140,3,charniere,39.869232785016244,0.9962043231765123,0.8174127723566829,0.8,49.86878448169619,3.6880952885367617,2918.6059588149506,2465.2320262199137,15.533920611164707
140,4,charniere,52.42845611935947,0.5555442241039494,0.8174127723566829,0.8,60.87807601374342,0.8605224713290293,1993.6652694441607,2131.980792845904,6.93775056031879
140,5,charniere,53.36087575573824,0.9962043231765123,0.8174127723566829,0.8,47.9811174542014,2.9774234903856223,1806.1104907529125,2210.4149875117746,22.385368936665657
141,0,charniere,54.31761310903061,0.9216277954655632,0.9111624317556598,0.8,64.8314763477294,2.296337693151993,1523.4910431446265,1710.3692781576624,12.266447896359269
141,1,charniere,25.286132257590996,0.9216277954655632,0.9111624317556598,0.8,54.538132449856626,4.685245534292725,4027.6760081048214,4950.134697706371,22.90300132744795
141,2,charniere,42.79844639805311,0.9216277954655632,0.9111624317556598,0.8,68.52640896975052,1.6092723123613117,2584.8447415129494,2364.1990575299455,8.536129092761549
141,3,charniere,55.45327792207045,0.6281137483700262,0.9111624317556598,0.8,43.04487337452589,5.63311735171348,1884.4821489844833,1456.6001836129255,22.705546221392243
141,4,charniere,48.07874811733055,0.9216277954655632,0.9111624317556598,0.8,91.00899474794949,2.923672779393915,1961.2476205237706,2237.478713075536,14.084457753376137
141,5,charniere,41.938136289567666,0.6281137483700262,0.9111624317556598,0.8,58.197686380827335,9.705684373179205,3439.640350315692,2292.5948983279686,33.34783102781217
142,0,arrhenius,45.85822569656335,0.6035236182356641,0.8806521135198557,0.8,66.933177793208,4.396482313738897,1949.7227746444728,2256.551002996194,15.737018223407192
142,1,arrhenius,25.998428401544704,0.9901487558036093,0.8806521135198557,0.8,66.04340806459378,1.2210904486719514,3889.2406569020104,3798.0363898233713,2.345040462250237
142,2,arrhenius,36.76234660696695,0.9901487558036093,0.8806521135198557,0.8,40.52569139471231,5.495319903500029,3100.16184170596,2776.4549913744963,10.441611337082128
142,3,arrhenius,45.7429903357623,0.9901487558036093,0.8806521135198557,0.8,88.06881732700171,3.9420408321778457,2163.261621445578,1966.7531744157109,9.083896514493345
142,4,arrhenius,37.63821507512426,0.6035236182356641,0.8806521135198557,0.8,48.51771403785433,3.3652090613534194,2354.4894580820555,2802.371698174116,19.022478038907884
142,5,arrhenius,27.215229804931536,0.6035236182356641,0.8806521135198557,0.8,40.43938772979938,1.344378812471953,3778.8444667782646,3775.9106097053154,0.07763900046011997
143,0,charniere,47.8984542969697,0.5736906608154145,0.9837912503019661,0.8,65.94265850145189,1.0178641457551572,3003.1418588982333,3039.8230595149103,1.2214275029330197
143,1,charniere,49.01043903583817,0.8539652158804347,0.9837912503019661,0.8,93.35762768678372,12.012177954591209,3726.047874111961,2585.154489013825,30.619396842023892
143,2,charniere,53.98722175895159,0.5736906608154145,0.9837912503019661,0.8,57.65033564993821,5.291832079219258,1990.692890086469,2674.1519389307846,34.332721649225775
143,3,charniere,39.82312253664018,0.8539652158804347,0.9837912503019661,0.8,69.67678035544353,0.9188693338225898,4007.258740531811,4005.998094954669,0.03145905115611984
143,4,charniere,53.36371631078186,0.8539652158804347,0.9837912503019661,0.8,54.23835762702276,5.638005451724592,1960.3900165494167,2815.457563619903,43.61721595458513
143,5,charniere,28.0166726432253,0.8539652158804347,0.9837912503019661,0.8,57.4644980280691,9.271498297996763,5583.445709915356,8078.649203752775,44.68931236147447
144,0,charniere,55.20205889485394,0.9086620439898164,0.6014029294749417,0.8,52.44403739835338,2.46922916579968,1932.309418565364,1717.9724785323274,11.092268038116291
144,1,charniere,26.634579697666055,0.9086620439898164,0.6014029294749417,0.8,69.24870968259621,6.095020463520329,2995.8963499616625,5028.840262533031,67.85761839181731
144,2,charniere,37.83134230577425,0.9086620439898164,0.6014029294749417,0.8,86.41802646016556,8.989543832394006,4248.581574797178,2801.3332818750055,34.064269861436344
144,3,charniere,55.571669709041394,0.5256886576385718,0.6014029294749417,0.8,55.333959514637364,3.4469962316174803,1482.4532094279307,1909.4868964386415,28.80587962540149
144,4,charniere,47.227427271148265,0.9086620439898164,0.6014029294749417,0.8,53.608715181915485,1.7381870295546784,2312.6223331529054,2213.2259202497694,4.297995893156678
144,5,charniere,26.369324938508417,0.5256886576385718,0.6014029294749417,0.8,62.71886879224785,3.736602991350409,4471.208043189185,4244.0667230033605,5.08008837861661
145,0,charniere,26.229551798511345,0.6044987149368192,0.6312062743156234,0.8,78.56326251991385,2.3597603466655186,,,
145,1,charniere,26.30417030360184,0.8838570938454156,0.6312062743156234,0.8,79.67683174237402,1.8726403836315322,,,
145,2,charniere,34.84411376481142,0.6044987149368192,0.6312062743156234,0.8,86.52846089409029,4.4334294206922475,10108.87638928424,9418.563182886708,6.828782743147277
145,3,charniere,35.023140938655594,0.8838570938454156,0.6312062743156234,0.8,61.98552604953552,25.806590972301766,11663.075689412088,8634.54791109132,25.966802059512567
145,4,charniere,51.34559993751606,0.6044987149368192,0.6312062743156234,0.8,48.53603632377391,2.5546373636734603,3340.3818769582645,4228.474313090732,26.586554137970598
145,5,charniere,52.370093185453065,0.8838570938454156,0.6312062743156234,0.8,67.92919486807075,2.7551083733088366,3739.443833793736,3517.266165095892,5.9414629172927125
146,0,arrhenius,25.063696496568557,0.5853220830748693,0.5109878057329096,0.8,68.73567878005814,3.546164655511054,11764.110535017864,10125.96240650595,13.924963758506761
146,1,arrhenius,24.845706663102426,0.8553445620921373,0.5109878057329096,0.8,76.73584578655478,6.9949771836067045,,8985.612771963228,
146,2,arrhenius,40.395978296890256,0.5853220830748693,0.5109878057329096,0.8,71.39400015997313,5.376753539680934,4892.463648972014,5697.786314971387,16.460473164038405
146,3,arrhenius,40.926440879253356,0.8553445620921373,0.5109878057329096,0.8,48.279549053215945,2.684156597930345,5040.936209363847,5294.701432172288,5.034089150683087
146,4,arrhenius,54.623511094240506,0.5853220830748693,0.5109878057329096,0.8,46.69688884745712,7.252437688533973,2359.330097719523,3660.2039393653686,55.137424089288814
146,5,arrhenius,54.29972847448546,0.8553445620921373,0.5109878057329096,0.8,44.72626002894037,13.131272829271918,4802.7247759341,2459.3907900971535,48.79176082666912
147,0,charniere,24.50347103480233,0.5822631659722175,0.8401249235223213,0.8,80.52927270249651,5.380693476135269,2029.9599009422575,2466.8778651112375,21.52347758032922
147,1,charniere,25.025811423283713,0.8973676440668416,0.8401249235223213,0.8,88.16889593981256,2.9454164652805903,2179.3381520759726,2232.4520860168846,2.4371589094752077
147,2,charniere,29.17416049284649,0.5822631659722175,0.8401249235223213,0.8,86.89270149199967,18.07216845317566,2632.1417184906395,1797.3724314987542,31.714450674432936
147,3,charniere,29.545596669579556,0.8973676440668416,0.8401249235223213,0.8,89.36561601684132,5.644630318809526,1829.0284105918315,2160.3027011352497,18.11203634809726
147,4,charniere,55.201274558364815,0.5822631659722175,0.8401249235223213,0.8,49.48637445575972,1.5088626203880642,1216.4168869536784,1213.7537741874937,0.2189309269500531
147,5,charniere,54.52218319358378,0.8973676440668416,0.8401249235223213,0.8,78.43322694572271,4.945028616760187,1045.7457848412223,1298.5999290965397,24.179312785249113
148,0,arrhenius,27.774256755864243,0.6376524507353828,0.9183202470006566,0.8,95.1610072208845,2.5919863118819255,3561.030716493005,3239.7639887676296,9.02173424782382
148,1,arrhenius,27.012161886424696,0.8672195902602119,0.9183202470006566,0.8,67.25712390393849,3.498619996834462,3018.953026760074,3595.2095825539795,19.087960318890467
148,2,arrhenius,33.37516322484074,0.6376524507353828,0.9183202470006566,0.8,59.04576825996323,0.49001104704305976,3411.6165203725445,3443.388242829457,0.9312805899252393
148,3,arrhenius,32.910217319480154,0.8672195902602119,0.9183202470006566,0.8,91.21611485838275,2.428625023235785,3123.8211705657263,3456.114316882238,10.637393377301855
148,4,arrhenius,52.89813581355758,0.6376524507353828,0.9183202470006566,0.8,45.831759310470034,10.15287400520472,3887.8412940972134,3119.526754596086,19.761983100175286
148,5,arrhenius,52.2419386359561,0.8672195902602119,0.9183202470006566,0.8,53.813713926884795,3.23251622700361,3151.3674171352586,3814.0424361090695,21.028173845124467
149,0,charniere,25.016256224321477,0.5508039991519976,0.7691798501160947,0.8,84.80507181531932,9.163093081661726,4488.392223148839,6899.6486749735495,53.72205306364892
149,1,charniere,53.546758606708075,0.9307488062665649,0.7691798501160947,0.8,59.62638761473822,11.267757497559444,1520.7894921462837,3722.783131269309,144.79279680025675
149,2,charniere,24.577541607514924,0.9307488062665649,0.7691798501160947,0.8,62.344378754505136,1.0506345060384417,5200.67452369569,5630.983386941425,8.274097163456977
149,3,charniere,33.47444531676614,0.9307488062665649,0.7691798501160947,0.8,91.5024278529244,33.94551065588649,6572.926522607268,3609.7937879080937,45.08087416628834
149,4,charniere,39.8800641643153,0.9307488062665649,0.7691798501160947,0.8,92.56468933437732,4.99151677520648,3501.146168106748,3046.3703832499446,12.989340148078549
149,5,charniere,32.98828453078614,0.5508039991519976,0.7691798501160947,0.8,63.68701637527049,10.560251121944379,5087.320908323365,3857.1783036236225,24.180558428840342
150,0,charniere,55.47843291403927,0.550947457756609,0.9489434433567372,0.8,82.82386630002608,1.8672180187463745,1718.5905653349917,1923.3030164092859,11.911647556053655
150,1,charniere,39.861542409482404,0.550947457756609,0.9489434433567372,0.8,68.29244644273707,1.0137516639455257,2169.347014956574,2150.489932325666,0.8692515536195007
150,2,charniere,54.26917608998983,0.9930909194557742,0.9489434433567372,0.8,87.48749869902656,1.9704532472182716,1725.0854389844321,1918.8658535360732,11.233090847124695
150,3,charniere,40.30059901964831,0.9930909194557742,0.9489434433567372,0.8,53.379152350617424,18.099511131690914,2527.2309768750015,2161.9568948029787,14.453529788705557
150,4,charniere,27.61568245435037,0.550947457756609,0.9489434433567372,0.8,89.6065198535585,4.27664147470323,2098.9293039888657,2906.2749691426175,38.464643073944835
150,5,charniere,46.42456373357454,0.550947457756609,0.9489434433567372,0.8,59.12415644840648,3.693677633453713,2154.086442780074,2005.2555585517637,6.909234526179385
151,0,charniere,26.741350224061705,0.5452169031162314,0.9968784044497556,0.8,45.39229638487533,6.531169735854975,2622.672341782581,3545.1281862412575,35.172363309085746
151,1,charniere,28.35528815650966,0.8580035251433275,0.9968784044497556,0.8,70.6284157323848,1.2244049273721842,2947.2808235816397,3181.2222237588353,7.937533414033543
151,2,charniere,36.35992104473101,0.5452169031162314,0.9968784044497556,0.8,85.78275502157433,5.59244675920899,2955.4214323261613,2382.990726478138,19.36883517141827
151,3,charniere,35.39262850719251,0.8580035251433275,0.9968784044497556,0.8,92.52072838670908,6.391566267522854,3083.20994456266,2428.4882277934094,21.235067625669586
151,4,charniere,54.40669837683015,0.5452169031162314,0.9968784044497556,0.8,44.03230306696648,4.210273899249761,1326.7072469717114,1821.8225195435978,37.31910515315392
151,5,charniere,55.01682275494963,0.8580035251433275,0.9968784044497556,0.8,94.71446039316473,6.939383484086372,1077.3997862677184,1634.9901119766557,51.75333546709876
152,0,charniere,26.91514971064409,0.6021639412856693,0.9954298677740606,0.8,54.508133785422984,1.040793958236735,4959.235815198241,5471.485327809236,10.329202556594268
152,1,charniere,27.494823395036473,0.888688800217957,0.9954298677740606,0.8,82.61114938310432,3.3317718096055615,4870.735863678599,4443.877863127366,8.763727134832779
152,2,charniere,45.19502724402448,0.6021639412856693,0.9954298677740606,0.8,46.46670854203095,1.1132642730451063,2738.3067239564853,2979.358984144563,8.802967836991957
152,3,charniere,44.751634678646404,0.888688800217957,0.9954298677740606,0.8,46.46603893690536,4.230347528058196,2456.969113942421,3055.993911031926,24.380640102077546
152,4,charniere,53.09924404133744,0.6021639412856693,0.9954298677740606,0.8,94.1922754835991,3.1851522871493527,1756.451155289647,2349.1404638837257,33.74356906021344
152,5,charniere,53.08916953779032,0.888688800217957,0.9954298677740606,0.8,93.59939767343279,3.610665845911476,1559.8326887483688,2125.21205360136,36.246154406897276
153,0,arrhenius,38.694443765894356,0.5912781332148326,0.6057128305007711,0.8,43.331063303338205,1.5739720031080773,7630.921246471323,8103.706586820027,6.195652203426013
153,1,arrhenius,54.75435192795444,0.5912781332148326,0.6057128305007711,0.8,53.747128113841555,17.99036733806147,4912.012249046682,4021.453586175258,18.13022072663322
153,2,arrhenius,33.67246757262389,0.8635914671476372,0.6057128305007711,0.8,40.5917801860565,3.613676144453004,9943.626395527206,9323.939259786273,6.232003406922824
153,3,arrhenius,27.182634407781087,0.8635914671476372,0.6057128305007711,0.8,73.7422398735703,10.281594852260659,,10771.595186070444,
153,4,arrhenius,33.51128623314559,0.5912781332148326,0.6057128305007711,0.8,59.81900833126241,2.9135689805962524,8699.380255229573,9569.949642266878,10.007257545892058
153,5,arrhenius,26.55191461239952,0.5912781332148326,0.6057128305007711,0.8,83.35160440841732,2.3711568168187167,11008.36457243108,,
154,0,quadratique,26.123004206074242,0.603398776400706,0.7602083765326333,0.8,64.12132874072803,3.7554918039022938,3304.4524680472855,4208.032029615896,27.34430500380497
154,1,quadratique,53.397685369612915,0.603398776400706,0.7602083765326333,0.8,42.36440867116816,2.597488778701987,1358.3197042842564,1519.48548072382,11.865084186825309
154,2,quadratique,30.942048778658155,0.9926267366558978,0.7602083765326333,0.8,42.17365774274965,13.834275396494444,4135.634913413406,3014.7331326464587,27.103499323198115
154,3,quadratique,25.970728948596328,0.9926267366558978,0.7602083765326333,0.8,60.657768882736015,5.8795891195222865,4431.583485327688,3707.179559594648,16.34639013642491
154,4,quadratique,45.04321271992021,0.9926267366558978,0.7602083765326333,0.8,53.22823758176586,0.7733693959506852,1918.9937793779839,1864.6011356592362,2.834435645558908
154,5,quadratique,29.949490666212036,0.603398776400706,0.7602083765326333,0.8,60.14240123003864,2.9133078299638604,2767.1717532849434,3505.9430066291698,26.697701451571337
155,0,charniere,26.01186903864516,0.645866622229365,0.44700504054087054,0.8,80.25937224595828,4.630266039384676,3482.484412542071,5108.454919423196,46.68995792271854
155,1,charniere,25.915916295457016,0.8760944742500898,0.44700504054087054,0.8,83.3877808162073,2.177336646234726,4070.603824200266,4323.615601383001,6.215583439453077
155,2,charniere,36.008197626486556,0.645866622229365,0.44700504054087054,0.8,60.529963370023225,8.745186585845463,3383.0852182731983,2593.3490868109725,23.343666520624172
155,3,charniere,36.04267817946253,0.8760944742500898,0.44700504054087054,0.8,62.321127551187125,25.53902737557146,3842.159220333741,2517.433478336195,34.47867894143326
155,4,charniere,53.742734514520386,0.645866622229365,0.44700504054087054,0.8,44.86790358598646,6.152786061757103,1008.0880775816142,1551.9419475834582,53.94904295530802
155,5,charniere,53.85196791966747,0.8760944742500898,0.44700504054087054,0.8,83.73108968273897,2.166051465421788,1118.5093108269446,1241.3485033477946,10.982402321714394
156,0,charniere,26.186411975917093,0.9854379658987142,0.6146560480112873,0.8,48.08067763740087,4.05643313973543,6381.150338146434,7528.61920534851,17.98216318995844
156,1,charniere,52.87620407709518,0.9854379658987142,0.6146560480112873,0.8,92.31277408666955,1.9229690614995758,2871.5225728642245,3125.4021968223433,8.841289508126152
156,2,charniere,48.81392092249178,0.561677515188609,0.6146560480112873,0.8,64.8412231800738,2.016888526643871,3040.362228061381,3318.24187058858,9.139688684541468
156,3,charniere,27.416595654884155,0.561677515188609,0.6146560480112873,0.8,64.04146459877087,1.9773489316766812,6661.45647235017,6720.163764637762,0.8812981445014273
156,4,charniere,40.74208741908759,0.9854379658987142,0.6146560480112873,0.8,80.01363122697379,7.139812793426179,5055.595044149185,3992.025099803617,21.03748292847213
156,5,charniere,48.133328916668304,0.9854379658987142,0.6146560480112873,0.8,51.934048887545565,3.3714966266562163,3635.708468734025,3163.1461206102085,12.99780640245793
157,0,arrhenius,52.550815124367766,0.9088828383381249,0.505484644556178,0.8,70.45386858596943,4.269485703714147,936.5099654314392,1239.7548190817538,32.38031252669193
157,1,arrhenius,39.8575533102646,0.9088828383381249,0.505484644556178,0.8,71.57378888516766,1.4173197071777046,2665.439193796477,2779.30300942696,4.271859432977839
157,2,arrhenius,28.343900203575533,0.5014216931056995,0.505484644556178,0.8,65.37304405154973,1.9820716925800435,7259.739251552737,7131.227886311502,1.770192575632095
157,3,arrhenius,39.25901819477635,0.5014216931056995,0.505484644556178,0.8,55.29773540511465,1.2365622914643637,2930.905129423782,2940.6960367631054,0.3340574637176447
157,4,arrhenius,32.48633974972014,0.5014216931056995,0.505484644556178,0.8,88.96915914754935,27.546672756888892,6862.551984426534,4625.322945426962,32.600540499752945
157,5,arrhenius,26.44512701040887,0.9088828383381249,0.505484644556178,0.8,66.1928931685909,5.72257335740409,6796.226087683873,9716.454349480124,42.96838015863379
158,0,arrhenius,28.15987060821534,0.6150696322954883,0.518435814871733,0.8,80.05106648367136,7.183229636347238,6432.160501306754,10526.432606757153,63.653139635097865
158,1,arrhenius,28.765131482856738,0.9165527471166368,0.518435814871733,0.8,55.41545185449124,26.110289449039126,10272.753141264397,6290.848093629406,38.76180993428299
158,2,arrhenius,38.97240698334596,0.6150696322954883,0.518435814871733,0.8,82.8493728100526,2.928478612265261,5284.280057359937,4879.4613358515,7.660811257431489
158,3,arrhenius,38.493554809788115,0.9165527471166368,0.518435814871733,0.8,45.902368381562084,22.390540039095633,7511.257134360233,4411.244690781282,41.27155265924728
158,4,arrhenius,50.883185726610584,0.6150696322954883,0.518435814871733,0.8,45.607656255097204,5.497402455834042,2402.7703429568137,3263.4265417375395,35.81932835585173
158,5,arrhenius,51.142078901508356,0.9165527471166368,0.518435814871733,0.8,55.5871625957271,2.252031143473487,3005.028847043943,2701.4608242339946,10.102000288901369
159,0,arrhenius,26.414677830022697,0.6068289176696136,0.5740704831864506,0.8,67.62428982502863,9.607976013437957,5600.606332400553,4448.359257732373,20.57361303904213
159,1,arrhenius,42.6075273537837,0.9891323131418135,0.5740704831864506,0.8,62.74958214960463,2.6576560038516326,4943.682027223424,5386.940690233566,8.96616450186815
159,2,arrhenius,47.00415794191096,0.9891323131418135,0.5740704831864506,0.8,63.774590695629755,4.615985989508808,5918.090095307489,5244.57275792611,11.38065366587469
159,3,arrhenius,54.34872878296249,0.9891323131418135,0.5740704831864506,0.8,60.509469153628416,2.699393019201706,5058.558228308891,5857.839997451161,15.800584535516471
159,4,arrhenius,46.86306436001276,0.6068289176696136,0.5740704831864506,0.8,59.805355016769674,3.2686777817974346,5806.78346792277,5285.175863728866,8.982728684052276
159,5,arrhenius,26.21081589706673,0.9891323131418135,0.5740704831864506,0.8,80.04475460043815,3.3998702104575647,4666.738800341572,5585.433876258552,19.68601876431864
160,0,charniere,27.140503313888647,0.5250616227862952,0.4622627390965821,0.8,55.163203610802455,2.6527008976415845,7522.016009997517,8875.73943276259,17.996816557766397
160,1,charniere,27.324260633557518,0.9506003393352823,0.4622627390965821,0.8,52.70852668413999,3.897098758907293,7127.257549447931,9049.244685874286,26.966713677622472
160,2,charniere,40.478462598558096,0.5250616227862952,0.4622627390965821,0.8,51.5003088322054,8.007172048643033,7861.791280094353,5666.396056583324,27.924872911211164
160,3,charniere,41.48150611320497,0.9506003393352823,0.4622627390965821,0.8,69.83710946846232,5.545799299288592,7326.817421906239,5609.0793877439255,23.444531714772893
160,4,charniere,55.02722841723418,0.5250616227862952,0.4622627390965821,0.8,54.664422614233914,3.581836533064655,3981.1955752805275,4641.345048273803,16.581689105960564
160,5,charniere,54.92804503727272,0.9506003393352823,0.4622627390965821,0.8,81.30990097947506,3.7058546628109172,3876.9066665220444,4842.373792715286,24.90302731634646
161,0,charniere,46.382582911822276,0.8843959825994062,0.7637468709550226,0.8,61.18884616916423,4.019934475585076,3287.727978370381,4246.363261452829,29.15798659101997
161,1,charniere,31.903429380826577,0.8843959825994062,0.7637468709550226,0.8,42.87504394539305,0.37949283073255236,5084.343394682629,5087.721733323672,0.06644591796408568
161,2,charniere,27.227341578157215,0.578758903986579,0.7637468709550226,0.8,54.8476919466572,1.1432271116457509,5399.592055755324,5658.340937134462,4.792007964811771
161,3,charniere,52.21744661605973,0.8843959825994062,0.7637468709550226,0.8,94.19467339156812,4.050669229217482,3461.334729481936,3146.7505389794183,9.088522639057278
161,4,charniere,27.16534250148049,0.8843959825994062,0.7637468709550226,0.8,72.7377277680842,2.7438655475982827,6134.655031511743,5246.403638937321,14.479239468425867
161,5,charniere,51.81378756437418,0.578758903986579,0.7637468709550226,0.8,46.40406923807319,2.0706264520452584,3310.835617843765,3909.04530695936,18.068238902938617
162,0,arrhenius,43.591183212051604,0.5109158682841053,0.6398697955817515,0.8,83.4740662069352,2.2338748459718154,3131.562887569872,3392.1112591645374,8.320074702279209
162,1,arrhenius,33.242398334554146,0.8989794130550428,0.6398697955817515,0.8,68.89707506375414,6.944531076382691,3885.1079853732786,2952.349965043382,24.008548123798878
162,2,arrhenius,44.092692164891716,0.8989794130550428,0.6398697955817515,0.8,53.56902471623188,2.2053475848186324,3310.6977334709563,3134.9130387730224,5.3095966122416165
162,3,arrhenius,52.657907323360725,0.8989794130550428,0.6398697955817515,0.8,61.918516623329324,0.4778742090164837,3133.1361533309964,3171.174775575737,1.214074983760272
162,4,arrhenius,26.150233052483156,0.8989794130550428,0.6398697955817515,0.8,56.348340017772934,1.244981211170916,3243.2007377055493,3219.0441236523084,0.7448386950704401
162,5,arrhenius,54.19193244899879,0.5109158682841053,0.6398697955817515,0.8,54.669007373091524,5.761610553040818,3552.7736284397765,2802.551881366835,21.11650855172572
163,0,quadratique,51.66403856917784,0.9383200324614659,0.9127068272221313,0.8,40.84997846279443,3.5557224004835084,2496.703917784324,2600.7931159879186,4.169064559964626
163,1,quadratique,38.57598492725155,0.9383200324614659,0.9127068272221313,0.8,87.94722699019133,3.485251237403329,3202.351282179753,2939.5048476049374,8.207920100380221
163,2,quadratique,32.094500551431416,0.6474193244116191,0.9127068272221313,0.8,61.40740033358759,1.5331444522208684,3199.340227224563,3030.454130919059,5.278778882857769
163,3,quadratique,25.499652628251315,0.6474193244116191,0.9127068272221313,0.8,49.59375758258592,1.6812628478248302,3292.4941756595094,3344.2945344304885,1.5732862689302434
163,4,quadratique,24.627120014655866,0.9383200324614659,0.9127068272221313,0.8,54.551337831091175,6.80876549976714,4020.625299880403,3064.404088719174,23.782897928580226
163,5,quadratique,52.319506938787455,0.6474193244116191,0.9127068272221313,0.8,85.12514054526902,1.6959202839367937,2389.998720398142,2381.3857978878464,0.3603735197339625
164,0,arrhenius,25.13232288483792,0.541530318085892,0.4664736809160198,0.8,93.81920064779104,1.526388971384716,,,
164,1,arrhenius,25.005836175239004,0.9583246592073742,0.4664736809160198,0.8,94.54432689907847,6.666939494504604,,,
164,2,arrhenius,39.01687181162926,0.541530318085892,0.4664736809160198,0.8,67.56271332004091,15.557989728148085,8460.506656491489,6363.5776315406065,24.784910763493965
164,3,arrhenius,39.69687764716004,0.9583246592073742,0.4664736809160198,0.8,54.730354453900986,3.6458237769061417,5344.247463745965,6535.711960192883,22.294336191007517
164,4,arrhenius,53.45672182217647,0.541530318085892,0.4664736809160198,0.8,78.0743822332059,2.9336656730649118,2002.054094765984,1811.2098690615016,9.53242103714434
164,5,arrhenius,52.30578136722018,0.9583246592073742,0.4664736809160198,0.8,61.74730347602816,4.332485861937018,1825.169468335655,2127.897667987309,16.586306362428218
165,0,arrhenius,25.350167589799877,0.558722257249105,0.8935362859426597,0.8,67.28132614053177,2.6353051011300814,7861.284019322261,8621.758426208915,9.673666604812684
165,1,arrhenius,25.406541144873398,0.8687189520959174,0.8935362859426597,0.8,42.5503106512344,1.3396916070769516,8217.40108746115,8395.982667836048,2.173212411980148
165,2,arrhenius,34.050453841076454,0.558722257249105,0.8935362859426597,0.8,59.61891883201723,1.306767051345285,5228.996525616908,5345.76646464277,2.233123285773954
165,3,arrhenius,33.92816092357623,0.8687189520959174,0.8935362859426597,0.8,51.01764309883539,6.982948180532142,6116.250671199738,5191.3398738730875,15.122185911736405
165,4,arrhenius,40.247626158908204,0.558722257249105,0.8935362859426597,0.8,64.5357838182355,0.5910936284894047,3966.2769433099465,3941.3290157695897,0.629001148859194
165,5,arrhenius,41.00256082877013,0.8687189520959174,0.8935362859426597,0.8,49.16339931723931,2.9047861279028955,3562.189454390812,4070.556068350927,14.271184070052595
166,0,charniere,25.11824388663591,0.6009489829190521,0.4546871654351531,0.8,85.28316992978226,4.802640605880912,,,
166,1,charniere,25.505036488653666,0.8666761536567056,0.4546871654351531,0.8,84.13189552844064,7.596443196555861,,11142.163330131814,
166,2,charniere,43.51093567046708,0.6009489829190521,0.4546871654351531,0.8,92.76764624835306,18.897118775104307,7139.588123872004,3878.616983117801,45.67449948339155
166,3,charniere,44.856964469256376,0.8666761536567056,0.4546871654351531,0.8,61.585862524085925,27.270340526946928,6370.711793190723,2516.5791233393174,60.49767741762954
166,4,charniere,52.60326996902745,0.6009489829190521,0.4546871654351531,0.8,57.51308492370412,12.853259090926318,2510.4748992052955,1433.1681978095226,42.912466551121476
166,5,charniere,52.07243647009622,0.8666761536567056,0.4546871654351531,0.8,89.19968919332744,3.48614328887456,2855.8352472714146,2494.367806527891,12.657153142461034
167,0,arrhenius,26.272920810332145,0.6254071457116598,0.4170427928882681,0.8,64.22995688533634,4.122552521970758,6872.869916316519,9381.895102642588,36.50622253695685
167,1,arrhenius,26.834210429607616,0.8561053618937047,0.4170427928882681,0.8,40.0060626601019,37.30076753313091,9618.075573404867,6779.507922800298,29.512844112532754
167,2,arrhenius,46.256129179827816,0.6254071457116598,0.4170427928882681,0.8,66.33861206460507,2.9999576657390277,4338.64676620841,5028.153723184357,15.892212344784056
167,3,arrhenius,46.86465570458427,0.8561053618937047,0.4170427928882681,0.8,64.80449108953717,2.5364637444421576,4961.022881382378,4793.2008450981875,3.382811172147367
167,4,arrhenius,54.11373277741622,0.6254071457116598,0.4170427928882681,0.8,62.191038175479555,24.249314384671298,4850.340987927726,3774.3219598541177,22.184399627815235
167,5,arrhenius,54.64343693586568,0.8561053618937047,0.4170427928882681,0.8,61.33388712133499,2.793617931190277,3662.4185675890553,4267.224500991475,16.5138397548197
168,0,charniere,28.019150767995097,0.5417824025250624,0.8070849510009006,0.8,60.53398513350339,0.6434591989913448,5085.360610443764,4965.032269538086,2.3661712535893766
168,1,charniere,26.58110168737489,0.9132593454816648,0.8070849510009006,0.8,65.97047322795984,3.223315820571807,4489.137870726664,5534.092686646983,23.277405283860666
168,2,charniere,39.95388791375239,0.5417824025250624,0.8070849510009006,0.8,50.83983058347409,3.7049998819448544,5378.069578414819,4640.991151817771,13.705260146788598
168,3,charniere,39.75314893799949,0.9132593454816648,0.8070849510009006,0.8,66.74989775421184,2.0621511686437546,5183.046237231834,4684.231151806967,9.623975218312438
168,4,charniere,54.9921304711614,0.5417824025250624,0.8070849510009006,0.8,57.288086768653244,1.8520513599946846,4194.984386632261,4629.740660914109,10.363716147960949
168,5,charniere,54.093009146254175,0.9132593454816648,0.8070849510009006,0.8,64.57694112288648,1.972637183303842,4159.12803113884,4712.325617879816,13.300806866229136
169,0,charniere,25.363149197969697,0.9466250985335449,0.6852918846401522,0.8,69.3625352403935,3.7006397771482176,6933.293667396581,9171.959069014008,32.28862801736819
169,1,charniere,42.13859729193699,0.9466250985335449,0.6852918846401522,0.8,84.53821010309939,1.466835291313281,5709.842027939761,5480.22415587035,4.0214400143792055
169,2,charniere,41.80300479352694,0.531659718667607,0.6852918846401522,0.8,93.80706248809747,6.90801140745662,6249.43398334967,5247.816590336862,16.02732976588618
169,3,charniere,26.173232056080224,0.531659718667607,0.6852918846401522,0.8,65.90052644525284,1.5005570693642833,7713.674962024253,8234.62721168553,6.753619412614811
169,4,charniere,54.069300481682234,0.9466250985335449,0.6852918846401522,0.8,67.73479045717826,2.590036318861423,4650.035552337759,4197.472751682258,9.732458936318888
169,5,charniere,53.4713350025062,0.531659718667607,0.6852918846401522,0.8,61.60232902779295,5.773335533185963,3350.029228220931,5219.883904837487,55.816070524541715
170,0,quadratique,52.7807632891965,0.5379421637290531,0.925985270259112,0.8,65.300831733148,2.672314768735212,1477.244471640252,1571.915475935231,6.4086213292686365
170,1,quadratique,32.78129506642893,0.9648620031111165,0.925985270259112,0.8,76.28900413108755,12.741381618683844,3934.2425047203756,2901.0904138491455,26.26050858917912
170,2,quadratique,40.69581773258954,0.5379421637290531,0.925985270259112,0.8,84.52271848797257,9.562833576556374,2897.702172178838,2199.024534057893,24.111437152824976
170,3,quadratique,53.47542673146651,0.9648620031111165,0.925985270259112,0.8,57.24154666932292,3.1519596566590393,1382.1110846964593,1669.7570723288836,20.81207442856139
170,4,quadratique,26.783734317740283,0.9648620031111165,0.925985270259112,0.8,86.31081692629333,3.075833027349525,3741.121708554103,4001.293891582477,6.954389707062682
170,5,quadratique,27.188835112927013,0.5379421637290531,0.925985270259112,0.8,90.07932462063985,2.505898781533907,4072.2600039228246,3752.3098961824453,7.856819246123038
171,0,arrhenius,27.730398386837628,0.5176073091459773,0.6537712491151815,0.8,82.14116790238197,1.64817300018114,4112.838887074903,4107.991618350048,0.11785700480726624
171,1,arrhenius,27.824743127229947,0.9726328386946677,0.6537712491151815,0.8,52.613203156415,1.8777380832396917,4282.276899318348,4426.397900531536,3.365522702096377
171,2,arrhenius,48.33980676860515,0.5176073091459773,0.6537712491151815,0.8,54.607332316624735,4.324734052976682,1569.048370117481,1817.0350911088112,15.804912437005525
171,3,arrhenius,47.32146313601052,0.9726328386946677,0.6537712491151815,0.8,92.04548827545055,1.2662999742601437,1835.8375742188084,1864.5208283355037,1.5624069645104983
171,4,arrhenius,53.62406141010512,0.5176073091459773,0.6537712491151815,0.8,55.87302663438339,3.471878785084996,1253.624913148595,1549.106036367858,23.57013809474597
171,5,arrhenius,53.24476145409674,0.9726328386946677,0.6537712491151815,0.8,85.52718442801431,4.713849431085318,1606.4218506950835,1342.9502311896783,16.40114764321735
172,0,arrhenius,26.838831200713578,0.5828526908352987,0.8849358204107076,0.8,95.05263196153437,6.220658478283055,5432.261186805971,4377.48076859854,19.416968034771813
172,1,arrhenius,25.745378432939948,0.8515749141361499,0.8849358204107076,0.8,50.928275544726844,4.8126897338447066,4424.5230324128925,5412.533831469679,22.330334633109135
172,2,arrhenius,31.85546887302326,0.5828526908352987,0.8849358204107076,0.8,43.548628643410595,5.200105193972124,3401.085053661376,4430.417980538951,30.264839327363056
172,3,arrhenius,31.267787070999727,0.8515749141361499,0.8849358204107076,0.8,89.10379339641092,0.4970360064890943,4167.7171149875085,4272.98485555622,2.5257890030529895
172,4,arrhenius,53.08394161670362,0.5828526908352987,0.8849358204107076,0.8,78.51663438090225,4.946637535472039,2180.6645122669493,1802.538131017877,17.339961242180443
172,5,arrhenius,52.59513948226996,0.8515749141361499,0.8849358204107076,0.8,94.37278248843519,5.139026731621851,1588.1523949599612,2203.94272739627,38.77400773317057
173,0,charniere,37.320719022335894,0.8638980085843102,0.40746965912211436,0.8,50.22627082424527,10.156980569173639,4599.717763103188,3384.620241645326,26.416784334134874
173,1,charniere,54.49402251691517,0.8638980085843102,0.40746965912211436,0.8,52.49786736137002,7.1980411602349985,1510.360023907654,2490.7491874424995,64.91095818322506
173,2,charniere,36.708014974372475,0.6265454211405446,0.40746965912211436,0.8,89.10131642826677,2.1360483792927893,4069.8426777342097,4136.115050406678,1.6283767683463397
173,3,charniere,45.28460710152924,0.8638980085843102,0.40746965912211436,0.8,59.525916041421624,14.381694583103606,3680.2341585671857,2418.245518698912,34.29098762453746
173,4,charniere,25.966090631643368,0.8638980085843102,0.40746965912211436,0.8,52.965302712326775,2.082651145189034,5822.357062449333,5716.473236203143,1.8185732188957768
173,5,charniere,44.33531907827334,0.6265454211405446,0.40746965912211436,0.8,67.51882241257552,4.573261716657341,3143.0106845272953,2646.0297664430714,15.81225671712819
174,0,arrhenius,25.85561841977133,0.5184779628589326,0.4377818529916679,0.8,86.60651604202016,21.256734548793123,6132.342474112384,5248.368445441313,14.414948812835501
174,1,arrhenius,25.644731617037632,0.8998830510606877,0.4377818529916679,0.8,54.52372360572213,1.7874299149019428,5110.336317313391,5166.7751811331045,1.1044060569654328
174,2,arrhenius,42.29644595220814,0.5184779628589326,0.4377818529916679,0.8,43.00762904025758,20.882783212373678,6038.194253268917,5181.006076835116,14.196101358775309
174,3,arrhenius,42.33951597400049,0.8998830510606877,0.4377818529916679,0.8,84.33325177099675,2.060479277087888,5162.593550944141,5439.004828373001,5.354116583094367
174,4,arrhenius,54.16644349402818,0.5184779628589326,0.4377818529916679,0.8,69.04916256505736,24.526969114823554,6138.476418161159,5140.92704934314,16.25076486189132
174,5,arrhenius,53.098200787437165,0.8998830510606877,0.4377818529916679,0.8,69.13248862902891,3.0092897913103656,4886.314430375717,5736.251441828956,17.39423493031097
175,0,charniere,55.565618140781574,0.5349366366218822,0.8925472568223279,0.8,78.40335033512208,1.0107603882726932,2231.6294116725194,2191.379167564984,1.8036258124671924
175,1,charniere,26.29470265245758,0.9354619501089562,0.8925472568223279,0.8,53.22283423481236,4.531557045882448,4552.285958567632,6061.774172001397,33.15890581506269
175,2,charniere,43.60295269681545,0.5349366366218822,0.8925472568223279,0.8,51.890313443627036,2.91161194499791,3147.1608909251618,2850.782282051708,9.417332610101422
175,3,charniere,53.73561456887002,0.9354619501089562,0.8925472568223279,0.8,63.73806425500487,2.3927229694175685,2125.4224869381337,2298.0571044934195,8.122367134827007
175,4,charniere,42.910561173998424,0.9354619501089562,0.8925472568223279,0.8,63.133887800213365,0.9658225867769051,3027.1991065310685,2916.2174430259743,3.6661501143302897
175,5,charniere,50.954645827583946,0.9354619501089562,0.8925472568223279,0.8,76.99376965042465,0.7367611849695402,2449.953199431486,2398.5847696314822,2.0967106560208584
176,0,arrhenius,37.03966325931912,0.546756802185872,0.5259353120689123,0.8,85.56579185163781,14.33390830777432,,7192.035820337658,
176,1,arrhenius,29.324849164479385,0.546756802185872,0.5259353120689123,0.8,83.12537075987294,7.516009727545337,,10049.040250737744,
176,2,arrhenius,25.818398206872082,0.546756802185872,0.5259353120689123,0.8,94.13325209128429,6.991049418316912,,,
176,3,arrhenius,37.917707755697506,0.8934469383980737,0.5259353120689123,0.8,89.75454747233246,1.3248446283557733,7061.068038170041,7881.506092512045,11.619177862427595
176,4,arrhenius,25.543768002454687,0.8934469383980737,0.5259353120689123,0.8,93.115110823241,2.7893840274208768,,,
176,5,arrhenius,54.231643555897904,0.8934469383980737,0.5259353120689123,0.8,79.26159032898933,6.021556942465934,3585.6707824671103,5752.461416643476,60.4291572101751
177,0,arrhenius,26.811344147590603,0.5186208200124593,0.4600648259538553,0.8,62.61915454136405,3.332320043490409,11733.703005079462,,
177,1,arrhenius,26.938752275549316,0.9585500691214818,0.4600648259538553,0.8,82.9845245325784,1.8952653696904875,,,
177,2,arrhenius,43.008582318634254,0.5186208200124593,0.4600648259538553,0.8,91.72149480176515,7.4206122859914325,5881.272835965938,5510.859240539269,6.29818758214151
177,3,arrhenius,42.26278330330244,0.9585500691214818,0.4600648259538553,0.8,40.90191514511479,2.456084641015677,5937.751499685167,6175.367801717303,4.001789263911355
177,4,arrhenius,54.25577275541738,0.5186208200124593,0.4600648259538553,0.8,58.54780347021427,3.568012031614045,3047.968241310861,4038.1725868325148,32.48735771261809
177,5,arrhenius,55.363932624167106,0.9585500691214818,0.4600648259538553,0.8,68.56783765906887,2.148678977524831,3333.34891604977,3559.9253256425663,6.797260511848953
178,0,charniere,26.839704603060966,0.5461911190382494,0.9374872034421093,0.8,64.62657864053322,4.2650466083426455,1988.8281102704284,2350.9784332749987,18.209231915739934
178,1,charniere,28.264564101671745,0.9404079826669981,0.9374872034421093,0.8,40.411783334200344,5.15649876010779,2442.745069149983,2141.604350561613,12.32796342080673
178,2,charniere,33.78979649612139,0.5461911190382494,0.9374872034421093,0.8,55.40279334277597,1.4922911328240045,2086.173637995035,2097.0134776359896,0.5196039027399779
178,3,charniere,33.56877664974155,0.9404079826669981,0.9374872034421093,0.8,85.82610656931462,2.2189182022368965,2231.2844718086676,2123.5861382811527,4.826741497475453
178,4,charniere,52.59405921121821,0.5461911190382494,0.9374872034421093,0.8,51.25742809326703,8.499761376863283,1345.535092030561,2182.1882524004245,62.1799583916657
178,5,charniere,52.034525787133255,0.9404079826669981,0.9374872034421093,0.8,97.8895197196958,2.9123599651501157,1559.7786069258339,1414.5947406265354,9.307979071814632
179,0,arrhenius,27.96931808341615,0.94712069470611,0.9032007474033513,0.8,58.64334703099423,8.801395919718434,3728.404684749827,2893.9149825525906,22.38195080084849
179,1,arrhenius,45.9250435514763,0.94712069470611,0.9032007474033513,0.8,81.8747825840029,2.526501008070998,2747.4408760244833,3095.9747747803194,12.68576520780898
179,2,arrhenius,53.581150713727936,0.94712069470611,0.9032007474033513,0.8,44.28512641851202,2.2227665711802627,3124.04273752826,2891.3128991345584,7.449636831083733
179,3,arrhenius,46.29580764340353,0.5293256958923099,0.9032007474033513,0.8,64.0153201816735,1.136896806755,3195.2144912134795,3075.3910582821563,3.750090432452207
179,4,arrhenius,37.19915960253614,0.5293256958923099,0.9032007474033513,0.8,49.64722233564805,3.086263715548508,2905.03764724623,3302.534776285286,13.683028494169616
179,5,arrhenius,36.710102970638545,0.94712069470611,0.9032007474033513,0.8,40.34903094951833,1.985411715239947,2991.1811283025145,3306.0223845714627,10.525649994576543
