lab,cell,structure,T,C,p_vrai,p_fit,profondeur,rmse_zone_notee,n70_vrai,n70_predit,ape_n70
0,0,charniere,25.137140330305165,0.6334786835753781,0.5720720337214792,0.5743595214570814,47.89841980695147,1.8622333613722664,5752.184730533218,6871.624365128309,19.461121070277617
0,1,charniere,25.465818014035747,0.9152650047349092,0.5720720337214792,0.5804541086831763,67.28249012954586,2.582188578893175,5492.436775959082,6804.826570007797,23.894490689327
0,2,charniere,39.526347288165155,0.6334786835753781,0.5720720337214792,0.570186974389274,55.0174879916727,13.690822093779023,5776.689864182683,3783.2412100615034,34.50849363545023
0,3,charniere,38.94310606087202,0.9152650047349092,0.5720720337214792,0.5576732854332844,65.02404393948886,2.8340846137718163,4520.18414869873,4051.3693516170847,10.371586237622802
0,4,charniere,54.067114297059476,0.6334786835753781,0.5720720337214792,0.5725808682299736,53.46642413858095,3.192076587139849,2320.6800058810613,3012.8352401489187,29.825535296283824
0,5,charniere,54.58962381174385,0.9152650047349092,0.5720720337214792,0.5773670696721289,61.364199267150205,2.754997244348537,2437.3853864890966,2913.573214640795,19.536829538377496
1,0,charniere,54.4148376283702,0.6149472226066571,0.7197834221710471,0.9376371190821123,67.38115045164469,6.125726803728528,858.6825723392669,1266.963122740118,47.54731999376584
1,1,charniere,39.298218633497754,0.6149472226066571,0.7197834221710471,0.9719620113987568,82.33835856419277,5.660958209091143,2566.180808371824,2055.927825167384,19.88375026186024
1,2,charniere,27.225580217957447,0.6149472226066571,0.7197834221710471,0.9817738186990217,52.96631616220936,2.69694553428592,3355.539540750145,4158.172249115027,23.919631958366068
1,3,charniere,39.74260319060247,0.8624716882622253,0.7197834221710471,0.9948471588320545,69.53772932627741,7.896094840615904,2587.714587681092,1928.1500477641907,25.48830319451696
1,4,charniere,28.100797966128756,0.8624716882622253,0.7197834221710471,0.9732399155016722,68.73760821782736,1.8268782721261063,3530.748650141729,3644.8752093932617,3.2323614779814944
1,5,charniere,48.804070689974935,0.6149472226066571,0.7197834221710471,0.9849493771237319,55.4718828549364,0.7794044923137559,1368.181254348738,1309.041312412629,4.3225224543995155
2,0,charniere,26.376147581008365,0.5814555596000353,0.5205453497431662,0.5315004637497047,56.906067926795835,4.492569027150276,7844.817481355341,7335.118947341486,6.497264407046412
2,1,charniere,27.273636465203428,0.9075626264333695,0.5205453497431662,0.6546022089940489,80.88783620353942,4.614002961956745,6852.08464131282,7938.56361471225,15.856181443655753
2,2,charniere,45.659196463723795,0.5814555596000353,0.5205453497431662,0.6809742865278712,78.55352634774793,8.216307286175823,4563.133036406515,3762.091809326218,17.554632325844267
2,3,charniere,45.327129144907225,0.9075626264333695,0.5205453497431662,0.6607053708122832,82.05705806380108,11.102654487571067,4782.740115066746,3798.5652446185004,20.577636391905656
2,4,charniere,53.86563162270988,0.5814555596000353,0.5205453497431662,0.7159655759656547,59.78352441372408,5.49428388419527,2503.2373501938587,3308.0303269321353,32.150086633852396
2,5,charniere,52.962758746747824,0.9075626264333695,0.5205453497431662,0.6662846127696662,79.98326394701958,2.726624391111012,2861.2941471471568,3222.745808919091,12.63245381927329
3,0,arrhenius,25.299976053796232,0.5480354576208201,0.6972556149214411,0.7181070218336723,84.08453610668467,3.3481895809650855,4268.853803823605,4997.436364689496,17.06740484326967
3,1,arrhenius,25.67430258471992,0.9033150148444105,0.6972556149214411,0.6974243036801715,53.50420293594322,4.7760113125017,4897.118210210087,4059.619632303324,17.101865667866623
3,2,arrhenius,35.00668824037724,0.5480354576208201,0.6972556149214411,0.714253373461007,57.35307219109127,2.9363353151467897,2558.0518681329863,3009.2296115479876,17.637552585839348
3,3,arrhenius,34.8611306939661,0.9033150148444105,0.6972556149214411,0.7238557907211145,68.42019975030175,5.820679875447083,3516.1967561556917,2854.5177869830445,18.81803024857091
3,4,arrhenius,43.42724741666576,0.5480354576208201,0.6972556149214411,0.7244363449344776,62.68076821478267,4.635609826230424,1729.57695518114,2292.967396469901,32.57388690344551
3,5,arrhenius,43.22224275738007,0.9033150148444105,0.6972556149214411,0.7141195116075374,80.29144377272753,6.185404655205044,2426.183529797784,1867.6844353833046,23.0196556672293
4,0,charniere,25.279090755559142,0.5672226517318468,0.9343817625940088,0.8728738720761628,59.7279905100207,0.7014207900045228,1956.709393626135,1939.9315033655673,0.8574543728987329
4,1,charniere,25.83337530073819,0.9446623495605315,0.9343817625940088,0.8560129600704026,50.85190992914007,1.111784158047188,1997.7349709863415,1945.364710392868,2.6214818959502355
4,2,charniere,46.6252866617719,0.5672226517318468,0.9343817625940088,0.8583341832466289,56.98810928794239,19.18310994524283,2010.5925059996703,1648.1474238044198,18.02677972357418
4,3,charniere,45.93755926522341,0.9446623495605315,0.9343817625940088,0.8501728452081927,67.62377666622797,3.1078945840612775,1475.8148510111225,1778.6158114994685,20.517543937228197
4,4,charniere,55.12234287296584,0.5672226517318468,0.9343817625940088,0.8586979736301279,63.4851815061695,7.767624444044049,1759.078112180106,1548.4004290956752,11.97659624241065
4,5,charniere,53.290210295722865,0.9446623495605315,0.9343817625940088,0.8442089406078864,51.34016984863166,2.976795472651517,1487.5624992488672,1718.5104633126498,15.525261236445386
5,0,arrhenius,26.380952032094992,0.5459632857797535,0.6644581083614649,0.747870788433799,54.8370142599727,3.8807259127501923,8894.52920108982,7523.410003780231,15.415309414483561
5,1,arrhenius,25.09788520032618,0.9773227721532084,0.6644581083614649,0.8058719337662497,81.28977589280757,0.8728207530292962,8513.880697851808,9093.366285121552,6.806362548819343
5,2,arrhenius,49.02964383038313,0.5459632857797535,0.6644581083614649,0.7520328840395778,89.1927825334944,1.766264594204446,4751.647483754943,4559.228167878815,4.049528432695741
5,3,arrhenius,49.12180102341482,0.9773227721532084,0.6644581083614649,0.7624709933898093,66.11530369508634,1.3890163506527489,4205.9646032916735,4893.089258913871,16.336910089172886
5,4,arrhenius,54.95139210376928,0.5459632857797535,0.6644581083614649,0.77288198503836,45.17538103328379,0.6325840417932593,4112.779886393029,4068.490975075306,1.0768607253758353
5,5,arrhenius,54.228997452782544,0.9773227721532084,0.6644581083614649,0.7623770400117721,75.9917625340991,2.448391571392899,3746.178914658083,4332.544442575856,15.652363148578848
6,0,quadratique,26.40039518831638,0.6133043133079381,0.8804190571714141,0.9975561506373024,52.54828429669505,2.8504759352939937,3112.0252400381128,3902.9698009028184,25.415750190220788
6,1,quadratique,25.985731445582328,0.8816290192052674,0.8804190571714141,0.9716622524905384,48.022804567343755,3.7829557053060126,3738.8330893065563,3451.1437661698415,7.694628678652054
6,2,quadratique,38.53763721993338,0.6133043133079381,0.8804190571714141,0.9802418347471807,80.61686241336434,4.250034614648959,2599.0143668935966,2381.4043408716284,8.372790423704386
6,3,quadratique,38.503170645936734,0.8816290192052674,0.8804190571714141,0.9886535663205889,87.26217917386593,1.4193475827191107,2279.9620064209375,2443.9058359194028,7.190638661379392
6,4,quadratique,52.94733594718837,0.6133043133079381,0.8804190571714141,0.9983654847674214,93.84777106103024,3.5893918361592028,1257.6319902542366,1736.6724522387549,38.09067085576265
6,5,quadratique,53.16709737767417,0.8816290192052674,0.8804190571714141,1.0162168893781591,54.123075883396325,1.6767799915829549,1624.7960003678581,1591.4569868464694,2.0518891918641318
7,0,charniere,25.601535760550384,0.5801088020381405,0.5371646060738111,0.5978765201191665,55.59234035897447,1.9367175857741783,4843.445085451688,5511.62747688631,13.795601677030456
7,1,charniere,26.478816281688562,0.85973246695312,0.5371646060738111,0.6003624660520169,61.93021637650418,5.2759912590170455,4141.372471648857,5506.050582390952,32.95231520672079
7,2,charniere,34.713940539452246,0.5801088020381405,0.5371646060738111,0.6075474579803511,67.31344636132035,3.366637109916827,3555.230070590607,3216.574928086122,9.525547876799614
7,3,charniere,35.138258416896406,0.85973246695312,0.5371646060738111,0.5847960914227921,82.00347347123737,13.97466374466091,4960.190641326649,3002.163184676216,39.47484276787273
7,4,charniere,54.056241364614564,0.5801088020381405,0.5371646060738111,0.5809615290181697,81.72412574004659,4.212720563971708,1150.728857823808,1521.5118076574654,32.22157394530459
7,5,charniere,54.27316374135713,0.85973246695312,0.5371646060738111,0.5884275982638089,93.89043974527914,2.8642858411807937,1213.043159987171,1405.848280469171,15.894333098917846
8,0,arrhenius,48.15734940031424,0.8844175577360693,0.7038193523770264,0.7888413829684481,64.49447465415054,2.9516289754269995,2650.8875583703166,3151.1485429221784,18.871452430045988
8,1,arrhenius,53.69788324877283,0.8844175577360693,0.7038193523770264,0.7296992585313947,63.074282116768195,3.3541906287280074,2364.6268897484583,3098.0063181162336,31.01459395337376
8,2,arrhenius,27.055320105490136,0.8844175577360693,0.7038193523770264,0.766742197693724,59.24460649108821,1.6537691027272097,4047.452136666009,4012.780390821719,0.856631398558067
8,3,arrhenius,45.192836130731884,0.8844175577360693,0.7038193523770264,0.7793175922928386,82.39167750902837,2.491692999022856,2909.858315987494,3263.8164105494434,12.164100658001619
8,4,arrhenius,44.832974144641376,0.6477884833807986,0.7038193523770264,0.7650415241368734,43.79390532579651,3.176537307064482,3770.3694885814625,3108.789300949681,17.546826369016948
8,5,arrhenius,53.838455075575105,0.6477884833807986,0.7038193523770264,0.7183943008337751,87.65248965616355,2.8076490937541245,2759.3042834731327,2719.642100324065,1.437397947976407
9,0,charniere,25.811920553776027,0.6415398874779931,0.9398454053469542,0.9641727534070194,57.18696613493078,12.37980090077193,5905.4283159131255,4713.473416262249,20.184055006458422
9,1,charniere,24.663622747736195,0.9878142707409298,0.9398454053469542,0.9812844989246066,60.47186855300638,4.73635779155565,4740.071707678991,6052.281707135756,27.683336463686075
9,2,charniere,46.99061838116889,0.6415398874779931,0.9398454053469542,0.9636192594845794,58.61049825770707,4.5083880940788505,3292.7967486785756,2981.436793684877,9.455790282793785
9,3,charniere,48.029781534671116,0.9878142707409298,0.9398454053469542,0.942837989290571,48.71723174354403,1.860828588583918,2713.3356184820495,3031.148674458799,11.713002026433692
9,4,charniere,53.06366073111672,0.6415398874779931,0.9398454053469542,1.0378819919302997,81.7354711053303,1.5747555485039397,2704.2343659543003,2645.90453312586,2.156981420057368
9,5,charniere,53.36125560588236,0.9878142707409298,0.9398454053469542,0.9492960274478368,69.79487284051207,1.0258144336085877,2684.547131772607,2574.099036815826,4.114217018192268
10,0,charniere,25.52874363534036,0.6323648068089197,0.9852598733892548,0.9470983172432399,62.409954314069246,8.226472256525666,2344.256753809013,3420.608928789303,45.914432078798676
10,1,charniere,37.35839349240428,0.6323648068089197,0.9852598733892548,0.9461901010868845,51.48332626785722,2.3190318120904228,2545.439011104332,2369.8322040876205,6.898880949440822
10,2,charniere,54.384200191978486,0.6323648068089197,0.9852598733892548,0.9587172943367023,78.0821192439801,2.037676088174087,1748.7115948661303,2009.7737729190817,14.928829820730764
10,3,charniere,43.052367212336485,0.9425200564315781,0.9852598733892548,0.9643193337194863,50.30023166662114,2.1531867901319997,2364.084748552792,2236.8198458550155,5.383263132833267
10,4,charniere,54.24600103785242,0.9425200564315781,0.9852598733892548,0.9490350931103633,65.41938895361758,4.069303914819668,1760.0151980096061,2152.638426784925,22.307945364297687
10,5,charniere,36.68680602598445,0.9425200564315781,0.9852598733892548,0.989808508370097,92.18208749842782,6.967657840873507,2874.4274247957223,2297.145250106131,20.0833797266813
11,0,charniere,46.144716419449196,0.6033521258166092,0.8200005612829586,0.6785597568180939,51.34470343004384,7.636216629911592,3693.269763280687,6355.359771524209,72.07948996064721
11,1,charniere,52.19628267685321,0.9738253268978391,0.8200005612829586,0.6711598595901752,94.9078706079966,24.917221232341447,4207.0571889943185,3278.357453633356,22.07480653675081
11,2,charniere,46.78548988255636,0.9738253268978391,0.8200005612829586,0.7378966543565646,89.41460219389667,3.4535198754404055,4568.663168320167,5538.7217470482565,21.232875854246146
11,3,charniere,52.4064480091615,0.6033521258166092,0.8200005612829586,0.7371009316348539,67.27278031867304,3.3098896974588916,3793.451496510815,4809.828355788699,26.792931456029915
11,4,charniere,41.38287265185173,0.6033521258166092,0.8200005612829586,0.6922939178511761,44.92633679171204,5.971751390430156,5065.724027217717,7695.736727726862,51.91780457005365
11,5,charniere,27.380974954521825,0.6033521258166092,0.8200005612829586,0.7130662021735423,97.5630657305149,49.14912218499313,6352.706556159312,3644.86627261425,42.62498605290773
12,0,quadratique,25.953561539312442,0.5814830596234758,0.9601986147438886,1.0153679372224342,62.21996419756741,2.8944178916079095,3418.394313855128,3200.262143787686,6.3811295608387955
12,1,quadratique,25.897170609284487,0.9781481441914223,0.9601986147438886,0.9383480683758009,60.78968975483139,5.211230884640213,2810.603003788087,3673.2884264256427,30.693962166653982
12,2,quadratique,38.324968895075834,0.5814830596234758,0.9601986147438886,0.9700078862413081,59.422817012488004,1.9506034847384803,2741.4038417684033,2480.2671965132413,9.52565401990208
12,3,quadratique,38.398572151388294,0.9781481441914223,0.9601986147438886,0.9398373706789882,40.82195639125792,2.597483909173604,2793.932733432857,2461.630042630182,11.89372552983337
12,4,quadratique,52.68689258695088,0.5814830596234758,0.9601986147438886,0.9098383062642769,60.35763030940789,0.6135913133187276,1846.3170771471982,1912.8876051001162,3.605584803222322
12,5,quadratique,51.794111523830196,0.9781481441914223,0.9601986147438886,0.9823695246985232,48.47827320247218,2.440816508611944,1779.5021208715798,1993.7116849675447,12.037612182841766
13,0,charniere,32.065277977627886,0.9565693907308177,0.7467029331384227,0.6121657124721409,95.07221596617556,4.710032164403293,3349.616108421795,3186.064213760449,4.882705640510105
13,1,charniere,27.55495286768154,0.6058587625546991,0.7467029331384227,0.5854142004600896,41.78311201823354,13.20571985244852,3324.9476130176186,,
13,2,charniere,53.48089205167617,0.9565693907308177,0.7467029331384227,0.6101649022769872,43.09713495078354,3.0490839132621037,1507.0340439270185,1714.7961387732305,13.78615802897372
13,3,charniere,43.36593001168603,0.6058587625546991,0.7467029331384227,0.6230917630490245,76.43175915187993,5.763265699559314,3149.6813446532014,2455.017881383054,22.055039455003474
13,4,charniere,44.41793002445019,0.9565693907308177,0.7467029331384227,0.605982274773547,62.21302959621015,7.066738222917761,1732.5606210030833,2695.591573739715,55.58425725843147
13,5,charniere,53.077155516203874,0.6058587625546991,0.7467029331384227,0.576528575701742,57.08677186020302,3.753793077708484,1765.3701596076376,1522.319180596122,13.767706318630365
14,0,charniere,51.84194876807666,0.5473554824200957,0.799773212241712,0.8523565215792998,60.28426201278027,4.0838875587230365,1279.2018697898136,1564.9955442236842,22.34156165522409
14,1,charniere,46.42765196015432,0.5473554824200957,0.799773212241712,0.7542652718807851,60.42230086690171,3.7818593911755993,2029.3394719493265,1691.8922896772283,16.628424516276517
14,2,charniere,34.271134630974565,0.5473554824200957,0.799773212241712,0.7691164292272857,79.83620306965935,0.9715045324796933,3471.1547463578668,3255.4693106645936,6.213650829585819
14,3,charniere,26.14172842035174,0.5473554824200957,0.799773212241712,0.8189333477482541,78.79950450430864,1.0407666214999753,5251.623452600648,4985.453659510782,5.068333544707147
14,4,charniere,34.46121891446822,0.8794207412413886,0.799773212241712,0.7779476912331214,48.83723004180653,1.6573776030383354,2952.6709057575354,3257.0708627442305,10.309308646389715
14,5,charniere,27.109450273603453,0.8794207412413886,0.799773212241712,0.7675002797925016,86.75432904923082,1.475105181342602,5063.876775950065,4700.857842877407,7.168794762083241
15,0,quadratique,27.42906667484394,0.6219970161442719,0.45425790271746946,0.5220068139093057,59.80385816561877,1.9173454240331025,11229.721869368715,,
15,1,quadratique,27.71967050648798,0.8648316812191821,0.45425790271746946,0.4447282459123527,68.44545272928718,2.0391270468100204,10177.597246657244,,
15,2,quadratique,39.15616156076106,0.6219970161442719,0.45425790271746946,0.47841101747048476,85.05233933404185,7.721786024443195,9140.476345808247,7700.596605022953,15.752786685407399
15,3,quadratique,38.67028758531991,0.8648316812191821,0.45425790271746946,0.4857366348260847,94.5187896463669,8.42451464390594,5982.7870505897545,9038.846147112097,51.080860319457486
15,4,quadratique,44.32051095920791,0.6219970161442719,0.45425790271746946,0.5190633924443941,51.901609039244754,4.0864361786119066,5265.873793415242,7376.717704102898,40.0853494310323
15,5,quadratique,43.444656293744885,0.8648316812191821,0.45425790271746946,0.4894245891386014,86.37791713831491,3.7490146630798775,6590.076639521827,6965.138171338967,5.6913075876512815
16,0,charniere,27.590079563593036,0.6094288696552506,0.6115423695506362,0.6167661954548256,50.2139732263548,4.182634259740871,3878.721477747776,4574.519358697435,17.938846213667333
16,1,charniere,27.443961265487363,0.8847108414372605,0.6115423695506362,0.6296326590070821,53.43542809200624,1.440370596740597,4223.632272173243,4136.915314868656,2.0531370090125534
16,2,charniere,42.89649322512855,0.6094288696552506,0.6115423695506362,0.6237505915675922,85.75641830310818,2.2416025243327695,3415.9350353211607,3308.657591435946,3.1405001200536216
16,3,charniere,42.38504407994977,0.8847108414372605,0.6115423695506362,0.6340051652512473,52.154455843608766,3.3048569962994643,3713.610280591639,3399.571734919723,8.45642170136077
16,4,charniere,47.65638799426184,0.6094288696552506,0.6115423695506362,0.6131246157269415,80.1329518520357,8.549990357811032,2572.960293363734,3826.9253783063837,48.73627813755692
16,5,charniere,48.33187472664115,0.8847108414372605,0.6115423695506362,0.6010159696300655,64.12326734493342,12.486412497744233,3963.2669999385466,2935.376728961104,25.93542829674056
17,0,quadratique,25.963438763055002,0.6011711382851874,0.7731853950207046,0.5912070474373046,62.921323222215385,18.27911020511667,11387.920098043329,7159.667260199168,37.12928086464761
17,1,quadratique,25.46770045856346,0.9100387352783905,0.7731853950207046,0.5424244467721376,67.07939559108043,3.749984127758876,9264.242587861305,8241.623182403288,11.038348745292236
17,2,quadratique,42.928676244319796,0.6011711382851874,0.7731853950207046,0.5536008216265411,80.69464215365525,5.482961274005573,3775.499418065633,6700.2564230656635,77.46675819906554
17,3,quadratique,42.66346209819488,0.9100387352783905,0.7731853950207046,0.5520930008116365,62.72001199351138,7.010314954522222,3812.7181854594082,6725.156033626692,76.38744083615909
17,4,quadratique,53.45217381186588,0.6011711382851874,0.7731853950207046,0.563462626072089,89.3478007969016,6.856902774307577,2662.471212053355,6245.782565134054,134.5859191588093
17,5,quadratique,53.723030667603716,0.9100387352783905,0.7731853950207046,0.5625839254730935,97.82241405306016,3.798424224643786,2878.857051435897,3011.598035463232,4.610891810731874
18,0,arrhenius,27.105729870905243,0.6404013747305871,0.935672512144129,0.7937710722327302,84.0892892527811,2.2396471643671187,3950.2413005122385,3682.769092207233,6.7710346775606265
18,1,arrhenius,28.49322549657407,0.8710136167460347,0.935672512144129,0.7870048016816296,56.70652889827138,2.5065527945479196,3610.9259005192234,4009.696336048759,11.04344000723458
18,2,arrhenius,47.43521442636282,0.6404013747305871,0.935672512144129,0.7730098576317584,79.92666833136532,3.691240517060006,2585.2168461131464,2997.167940098962,15.934875815356875
18,3,arrhenius,48.40973545485942,0.8710136167460347,0.935672512144129,0.7805506520641282,87.69117699216967,1.6617252246853889,2633.9281810943958,2766.641661616233,5.038614244473995
18,4,arrhenius,54.728277392332615,0.6404013747305871,0.935672512144129,0.8338675302063389,85.23224168993943,1.331688962665537,2535.3286422013134,2525.6111136234376,0.3832847709020667
18,5,arrhenius,54.481265605252915,0.8710136167460347,0.935672512144129,0.8038398623157058,58.4187516002185,0.8291166460310078,2559.4673438463747,2608.9671933468007,1.9339902741653099
19,0,arrhenius,27.494798412576845,0.5392062708576902,0.5123728002523842,0.5654669928423113,78.21316809017,3.3436130591182867,4376.995396456415,5760.694438608446,31.612988290375277
19,1,arrhenius,27.641836775246315,0.9016331884597214,0.5123728002523842,0.568034024472812,65.43511478955581,24.804229636345745,6137.309156610012,4905.869945518804,20.064806573495186
19,2,arrhenius,32.35783130896666,0.5392062708576902,0.5123728002523842,0.5431253416573919,46.14878737919391,8.18879223953893,4887.9419273366475,4359.901812034166,10.80291302867833
19,3,arrhenius,32.68220706213815,0.9016331884597214,0.5123728002523842,0.5323773480654109,83.34107476521741,11.76229966039933,4910.275508258807,4282.92880702122,12.77620166490507
19,4,arrhenius,53.37279881983968,0.5392062708576902,0.5123728002523842,0.5944482233679366,69.1217258056711,34.38890098190148,2295.9502906849707,1700.6374264079445,25.92882200857325
19,5,arrhenius,53.66948355415035,0.9016331884597214,0.5123728002523842,0.5596148453861781,42.65386911475193,6.1855969622081135,1480.4466253636517,2658.0226821973424,79.5419461032197
20,0,charniere,47.19848074862298,0.9201682342912931,0.5598666562965614,0.8574779019142955,45.59455314850384,11.339747882206298,2904.2232711351267,1994.2956456431737,31.33118705216849
20,1,charniere,35.310927686705966,0.9201682342912931,0.5598666562965614,0.786394706806269,89.13230050136778,10.502393752596268,6239.843791649558,4543.9618232624325,27.178276011598747
20,2,charniere,26.417353509751923,0.9201682342912931,0.5598666562965614,0.7924570377780216,48.48557461276286,9.7703932186919,7522.03364447844,5883.130324354906,21.788034959489615
20,3,charniere,47.2636872181329,0.6224821185422258,0.5598666562965614,0.8755863578681536,54.232923625850106,3.1552104328988495,2400.929185690834,2031.6093725026697,15.38237010026173
20,4,charniere,53.78745440419307,0.6224821185422258,0.5598666562965614,0.9206482820246423,57.76177454165332,1.4821043131902278,1496.6922896221697,1450.1307427872339,3.110963232575347
20,5,charniere,54.670171712876105,0.9201682342912931,0.5598666562965614,0.7696411773333162,89.79874434124247,5.526401336694248,1463.5741051469893,1687.4873769266653,15.299073069975371
21,0,charniere,26.474489329543662,0.8944094634825732,0.6368503454658759,0.5915189615461452,85.11034785235982,3.5969433352724844,7007.823335029579,8500.414129475485,21.29892154936303
21,1,charniere,45.21615312988079,0.5499810996664717,0.6368503454658759,0.6133780830327403,48.983946980848124,2.3700182310060236,3831.2774412024473,4294.800604242801,12.098397209649123
21,2,charniere,30.829070484456533,0.8944094634825732,0.6368503454658759,0.622544173948788,86.10480999934978,33.09379655206445,8709.286734830328,6121.273961679177,29.715553660681838
21,3,charniere,25.482159086319594,0.5499810996664717,0.6368503454658759,0.6032662342375684,46.39899573546907,2.5105151896583626,7362.170429006174,7986.8579260324905,8.485099646228146
21,4,charniere,52.47710412279791,0.8944094634825732,0.6368503454658759,0.6181652822839169,65.47971154660787,0.9352090799277621,3182.105360850709,3332.9619035584437,4.740777743053877
21,5,charniere,31.732729630974433,0.5499810996664717,0.6368503454658759,0.5993548678932857,52.529716623734494,8.67071844780341,7188.373110928418,6218.718167882233,13.489212761814324
22,0,arrhenius,27.669075655249387,0.5763764652113135,0.8044928993305478,0.7851808859246401,65.07458434578827,2.09751300536548,5716.655687226892,6347.57332338403,11.036481304389904
22,1,arrhenius,26.73368433406888,0.9762773767484892,0.8044928993305478,0.795269893316261,61.74611408163388,3.5742068164372753,6588.790221871809,5576.775431865909,15.3596450323531
22,2,arrhenius,49.08602491430627,0.5763764652113135,0.8044928993305478,0.7774696257404707,64.92469790927208,4.160356503398973,4733.152614433361,6407.177539909069,35.368074132469474
22,3,arrhenius,47.895091977496676,0.9762773767484892,0.8044928993305478,0.7836245866510311,44.6261682547035,1.3318557302236416,6398.155114150306,5943.618292305131,7.104185718159769
22,4,arrhenius,54.5730313707545,0.5763764652113135,0.8044928993305478,0.7992654877925806,46.5800548066832,1.9110522783008963,5695.872153001007,6235.7025921770855,9.477572962933444
22,5,arrhenius,54.71400027820363,0.9762773767484892,0.8044928993305478,0.7862489113283613,61.707114120958366,7.090236089515471,7236.338941399375,5541.058824584286,23.42731774373261
23,0,quadratique,25.71548676685303,0.6274560788382955,0.48560561672055047,0.48224146031108006,64.2107033039273,2.771465206878163,7332.181177171956,7900.57250466284,7.752008764602225
23,1,quadratique,25.195717930901058,0.8670770128891612,0.48560561672055047,0.45557603830349064,55.98385993449413,2.939298842163017,8138.327102421258,7564.645588907424,7.049133148545435
23,2,quadratique,38.99498956447723,0.6274560788382955,0.48560561672055047,0.4767448482699627,49.066422309300314,1.4069857529864676,3406.759228650102,3559.3442636751306,4.478891074597277
23,3,quadratique,37.43138770416692,0.8670770128891612,0.48560561672055047,0.47928086034158524,54.717613767440355,4.0917611006654875,4372.645824873921,3733.1668633445506,14.62453139679587
23,4,quadratique,54.83388702929646,0.6274560788382955,0.48560561672055047,0.4947493558383993,42.22910057050028,1.947272023605298,1342.410820393183,1524.5717298865186,13.56968423719811
23,5,quadratique,55.3774833756663,0.8670770128891612,0.48560561672055047,0.4672265310181949,78.81236846271712,2.9943783517025904,1261.4265111727636,1488.0800984496261,17.96803739808353
24,0,charniere,49.77429755783888,0.5190063524225975,0.44622576657837265,0.5048260433904277,42.8006264508265,30.85096577030793,5162.311777060597,4016.8737296637464,22.18847091891569
24,1,charniere,48.95968928193787,0.9154198281448541,0.44622576657837265,0.4997565483362483,48.651605970587106,5.953972325488021,4601.060830849284,4259.520690045457,7.423073794501082
24,2,charniere,54.36235643075201,0.9154198281448541,0.44622576657837265,0.49630203403351164,77.34444975808039,5.066993310261895,2470.0960705820744,4349.622517308433,76.0912285603309
24,3,charniere,25.415772830439003,0.9154198281448541,0.44622576657837265,0.5044202772145302,80.78692072323751,3.7096084775187874,7733.9781691693715,,
24,4,charniere,31.631704653698314,0.9154198281448541,0.44622576657837265,0.4985878856072503,67.92005892872247,36.103796949184776,9248.824166546243,6747.80464241786,27.041486345634898
24,5,charniere,53.729212984820016,0.5190063524225975,0.44622576657837265,0.5101464656639308,42.198322347147595,16.441325793635908,4112.664014206324,3619.064497431898,12.001941200871057
25,0,arrhenius,26.381533283214175,0.6268212994447303,0.4824154783537682,0.694024773176138,80.56959015104938,3.758582526296101,,,
25,1,arrhenius,25.9658845509958,0.9811676446164185,0.4824154783537682,0.7196641612531895,83.44575965617179,0.7929618656042648,,,
25,2,arrhenius,34.076895162971,0.6268212994447303,0.4824154783537682,0.7426661310115821,88.44727555966179,11.16378326896401,8875.35099559405,7916.020538692113,10.808929780672027
25,3,arrhenius,35.01504432025232,0.9811676446164185,0.4824154783537682,0.704033896226301,61.18727820406781,17.8052455296452,8939.491386810012,7564.438690334538,15.381777743019354
25,4,arrhenius,52.05754862205702,0.6268212994447303,0.4824154783537682,0.661973951431149,68.09077176799886,4.409999207003859,2476.4101314378718,3093.6871389828307,24.926283401471586
25,5,arrhenius,52.204221245884156,0.9811676446164185,0.4824154783537682,0.6963651195481758,60.66478659338868,2.9630085972770157,2718.3122364665464,2707.1024439760467,0.4123806066175449
26,0,charniere,25.864474650958368,0.5953174156944352,0.8349882880984554,0.8767635393119421,84.09770413083524,3.6483922889230214,2799.2533491278487,3450.6764139592315,23.271315010995483
26,1,charniere,26.47088606883776,0.9623853540739153,0.8349882880984554,0.8704348727383211,59.768686140084014,1.456242754858882,3382.417722620197,3356.912854699543,0.754042522604111
26,2,charniere,32.13385956109639,0.5953174156944352,0.8349882880984554,0.8868047608155033,52.911348977085126,0.9674617849890439,3089.6726659678584,3080.1675902904562,0.3076402164571898
26,3,charniere,31.466301885867235,0.9623853540739153,0.8349882880984554,0.9600438293440082,47.397905232297255,1.5037421076541997,3026.876521628857,3113.348992052876,2.8568218692147154
26,4,charniere,44.91725255099862,0.5953174156944352,0.8349882880984554,0.8998375223295487,66.23510600887225,1.497560151179705,2558.9577353234527,2651.229507880535,3.6058341755073666
26,5,charniere,45.68075058432436,0.9623853540739153,0.8349882880984554,0.8995076731778842,57.884763831764865,1.1975577769346606,2641.355233870392,2480.272864559431,6.0984742697757515
27,0,charniere,27.695904871885947,0.5169813558858932,0.5749383662805994,0.5794679993036118,44.92226315821571,4.727637715780752,3513.33530403786,4479.096900977749,27.48845508226737
27,1,charniere,26.73418524049155,0.8955313849362,0.5749383662805994,0.5503511500890251,54.90534858342291,2.009319374254897,4306.700062312541,4092.134607736912,4.9821313644121155
27,2,charniere,38.81131365527816,0.5169813558858932,0.5749383662805994,0.5822444351977455,79.30674791498238,1.316399925333972,3221.7862945779934,3049.2184222741816,5.356279297426698
27,3,charniere,38.47259742663253,0.8955313849362,0.5749383662805994,0.5744435533158364,47.91997832107837,11.279805453944999,4000.297103303305,2942.4908035750473,26.443193403178938
27,4,charniere,54.68053738436952,0.5169813558858932,0.5749383662805994,0.6202290001574693,86.69208442477635,2.163027658244543,1980.6088781999933,2148.2270880592687,8.462963672646426
27,5,charniere,54.76972294809018,0.8955313849362,0.5749383662805994,0.5396130616864105,63.86800963656326,2.342630050164431,1900.7699248348652,2361.3901056263485,24.233347485835303
28,0,charniere,26.558399858220305,0.5331333426977959,0.7586402763106894,0.8975431300116103,40.805615941898985,3.453564562500686,4191.975355479303,4952.233158874598,18.136027503157123
28,1,charniere,26.172514227556512,0.9673529779496304,0.7586402763106894,0.8496232281045254,78.53665107280474,2.999463392631619,4208.193870225982,4899.774603596232,16.434146208504206
28,2,charniere,36.10377075107016,0.5331333426977959,0.7586402763106894,0.9500143984730253,54.00069270686949,14.635179380492213,4067.131172690285,2887.8413195526387,28.995618854298755
28,3,charniere,36.50147166992165,0.9673529779496304,0.7586402763106894,0.9434329118084223,84.8153873011339,3.490446883845564,3379.4262035676793,3064.463052192191,9.320018618633544
28,4,charniere,54.913228127967585,0.5331333426977959,0.7586402763106894,0.8747712772537926,88.70576686444646,1.1752001274468742,1469.9381841887378,1541.8079224336427,4.889303442686608
28,5,charniere,53.875176089115115,0.9673529779496304,0.7586402763106894,0.9000068832981887,55.77651173908974,2.973843503985447,1432.9689074169373,1678.9156220953607,17.16343693191262
29,0,charniere,26.015358475744453,0.568627839354186,0.5439204350863254,0.49294292376874993,80.82411756208037,1.790339662186799,,,
29,1,charniere,25.810176443670326,0.9007330227159985,0.5439204350863254,0.43254552519739686,79.4429618434701,5.029190140634028,,,
29,2,charniere,33.8894202794556,0.568627839354186,0.5439204350863254,0.573426021720489,70.11807164427756,1.7733872857713824,,11829.752670680104,
29,3,charniere,32.989445273085735,0.9007330227159985,0.5439204350863254,0.35042054525474337,86.74758258317672,9.223230437395827,,11047.094858858287,
29,4,charniere,52.675610397524586,0.568627839354186,0.5439204350863254,0.5770046101954827,89.01138682891408,4.31298878144012,4349.322730709339,5852.907139115238,34.57054124288166
29,5,charniere,52.224531255651435,0.9007330227159985,0.5439204350863254,0.5284372753134375,54.816925699111366,4.020251007133484,5038.531116108592,7714.587814257898,53.11184225088411
30,0,arrhenius,25.40489682717732,0.5734492505007338,0.46332532437435703,0.6180299040875754,70.40675532560604,3.5415374031963056,,10500.688181949678,
30,1,arrhenius,25.58013130116073,0.9226324252970456,0.46332532437435703,0.5172235405885506,83.97682471558555,6.6709416700946464,,10148.777040207793,
30,2,arrhenius,30.880689800833714,0.5734492505007338,0.46332532437435703,0.5990005026073699,59.88447937215366,3.6743481102687454,7038.88935769162,8767.593237547419,24.559327359887945
30,3,arrhenius,31.802410016458158,0.9226324252970456,0.46332532437435703,0.612101882615847,66.10998455123509,2.6072044361471645,7156.168777129269,8346.71903021968,16.63669891206794
30,4,arrhenius,53.124185701100046,0.5734492505007338,0.46332532437435703,0.5863578698374491,54.01418475534316,9.916190700623982,3223.004600037347,2154.3716312495176,33.156420837111014
30,5,arrhenius,52.953419703601526,0.9226324252970456,0.46332532437435703,0.5552190694557732,92.37082372199505,8.483426590994023,1973.8176728917972,3333.4486225986443,68.88331016485841
31,0,charniere,26.220183695207684,0.5605882263215513,0.8415099010964986,0.9550268373749087,55.70295673612214,1.7786754495797508,6039.648936438507,6627.088388051113,9.726384062961948
31,1,charniere,54.54766392016245,0.5605882263215513,0.8415099010964986,0.956114279187833,43.08813372079597,5.646719179969192,1430.5076338708125,1126.9090633431663,21.223135294017162
31,2,charniere,42.33791316453481,0.8856952997445185,0.8415099010964986,0.9830650073352865,57.149455350665704,8.544147233094476,3114.758008031499,2286.0063576011607,26.607256431908244
31,3,charniere,26.732473327572883,0.8856952997445185,0.8415099010964986,0.9664204270917995,48.6361084975162,1.6759809001866177,5815.373941781399,6447.411309382818,10.868387380224261
31,4,charniere,53.853932547621106,0.8856952997445185,0.8415099010964986,0.9457671636707559,91.76385048927945,4.56316522546048,1372.1553258281538,1608.3603725372984,17.214162439415155
31,5,charniere,36.41139452828061,0.8856952997445185,0.8415099010964986,0.924225698664376,60.67349897311911,1.2468364569037556,3617.8353746807807,3412.910801896066,5.664286833471413
32,0,charniere,41.462789993492066,0.5873318272750158,0.5146913804080859,0.5220590641888535,40.0399745239853,39.22866399295527,9211.520352695743,5206.461886333906,43.47879951423829
32,1,charniere,31.057316454181564,0.5873318272750158,0.5146913804080859,0.5137975801995949,53.66433753243041,5.627721269596826,4793.075595792604,8400.436547205652,75.26192481878682
32,2,charniere,24.292867751259912,0.5873318272750158,0.5146913804080859,0.5148553765298237,86.66340403538399,5.891328643964503,5352.795005314507,11494.044561366076,114.72977294953846
32,3,charniere,54.414898633280956,0.5873318272750158,0.5146913804080859,0.5011222696767745,55.81500975404026,4.696959269514033,3748.516978850138,5189.455326155794,38.440224639122896
32,4,charniere,54.904157104547735,0.8590662805607973,0.5146913804080859,0.5148055039035488,64.93649976282644,6.432700063508851,3023.955778277984,5863.885694341239,93.91439969008
32,5,charniere,41.323914505738216,0.8590662805607973,0.5146913804080859,0.5061748193261586,87.5576071469219,55.785589484342196,,4938.763733891593,
33,0,arrhenius,52.04427532747624,0.586265569924947,0.5171628869550728,0.6539051614047207,94.69587860904322,1.4760475991785658,2070.5983567714998,1907.810621887672,7.861869220144089
33,1,arrhenius,44.3210818192499,0.9378203649299643,0.5171628869550728,0.6596787275287194,91.7680359840061,0.8865310620518988,2803.396093367596,2658.322254282411,5.174931913061005
33,2,arrhenius,25.958880990613057,0.586265569924947,0.5171628869550728,0.6305189710920932,86.20337980419566,7.194698737710062,6522.817605759097,8796.26062410602,34.85369599081944
33,3,arrhenius,43.69173113771384,0.586265569924947,0.5171628869550728,0.6774705878707511,47.391773446303425,0.9981309158999576,2859.495671613215,2852.9980316766046,0.22723027704199414
33,4,arrhenius,39.30387344340026,0.586265569924947,0.5171628869550728,0.6510611300516841,95.03928998577946,1.1522443272582745,3484.40690086367,3235.7216471180996,7.137089921499403
33,5,arrhenius,52.39374532654095,0.9378203649299643,0.5171628869550728,0.6754118968224929,58.49105308120115,7.083127868484581,1372.9256110261929,2248.185114418342,63.75141496107255
34,0,arrhenius,25.64200741082321,0.5829116683136271,0.5501238105860418,0.404222809089396,84.07238816613477,1.432238594066728,,,
34,1,arrhenius,25.683633219819633,0.8924432676797819,0.5501238105860418,0.4302181906177222,93.48713327742769,2.8922450247413054,,,
34,2,arrhenius,35.11430878137982,0.5829116683136271,0.5501238105860418,0.411523573443744,94.59407625753596,7.4397428510085035,10863.221287937533,9470.4370154294,12.821098232203687
34,3,arrhenius,35.34666561550798,0.8924432676797819,0.5501238105860418,0.426787915718956,81.53025264252419,3.1149186962479347,8850.155788463408,10462.92775590652,18.22309127648844
34,4,arrhenius,52.417245530807136,0.5829116683136271,0.5501238105860418,0.4083286978143765,66.48857186245428,0.6844378712036485,3398.916342733048,3425.250420422121,0.7747786362961101
34,5,arrhenius,53.136118897251265,0.8924432676797819,0.5501238105860418,0.39757995370149335,57.33190952147738,4.107803207824639,2932.3972876558873,3887.13022001473,32.55810310485048
35,0,arrhenius,27.376194010025635,0.9168418424052841,0.9576797032416808,0.9641165563576838,60.60520564737085,4.38637728791435,2944.495963788082,3370.909723582707,14.48172335906501
35,1,arrhenius,27.34670687546471,0.5219296419091901,0.9576797032416808,0.9892570793990638,67.4109537377878,4.406283123778897,3380.8664120010812,3068.8421070921613,9.229122564598395
35,2,arrhenius,46.56452150211392,0.5219296419091901,0.9576797032416808,0.9902563309529385,48.16008231606575,1.5088822796036852,1462.0956386054777,1498.395402768201,2.4827215952401964
35,3,arrhenius,39.20061817247809,0.5219296419091901,0.9576797032416808,1.00841763781315,65.70681979928968,1.0675330996092303,1945.8402948326773,1973.2847799098051,1.4104181699807905
35,4,arrhenius,46.30874939750576,0.9168418424052841,0.9576797032416808,0.9710254564224304,50.15681969430375,4.4281719110402,1648.4907425500576,1469.9599624815307,10.829953451382856
35,5,arrhenius,53.92412480219009,0.9168418424052841,0.9576797032416808,0.9367761644363762,67.77885795503416,2.312760269799132,1081.3753329641104,1199.0659795204028,10.883422523953437
36,0,arrhenius,27.78082528380741,0.5039792614391746,0.6476918929171678,0.6738254640108051,83.084237160425,1.1702091118957294,2604.1640804594913,2644.4422085133033,1.5466816532814296
36,1,arrhenius,27.309377751900577,0.914034220865746,0.6476918929171678,0.7347106501727952,52.99560455915104,4.614673544101786,2952.6981749978886,2292.156905579042,22.370768370841667
36,2,arrhenius,37.518345371463774,0.5039792614391746,0.6476918929171678,0.7265644253653255,52.490811874331804,0.6861455596205359,2514.257823291728,2640.6659351403164,5.0276511293933925
36,3,arrhenius,37.29906156903381,0.914034220865746,0.6476918929171678,0.7449143745825398,67.49759732310562,1.6637135625673296,2527.3894226152884,2625.691232184157,3.8894603534087717
36,4,arrhenius,53.11499676280044,0.5039792614391746,0.6476918929171678,0.7321952506315289,43.80566751677925,1.0570685707790515,2763.5715715266947,2722.314851967079,1.4928768259410061
36,5,arrhenius,53.28835635140892,0.914034220865746,0.6476918929171678,0.7304606638861318,49.40608971012609,0.7715368734049803,2781.0378340725074,2731.616132143631,1.7770956339886932
37,0,charniere,26.850821239252095,0.5274520479219154,0.4650097471115185,0.4933283981351405,52.61704415746306,3.2148680679048587,10761.057119730898,10069.663453847465,6.424960468016951
37,1,charniere,27.483910412034774,0.8975467486600467,0.4650097471115185,0.47992101251336095,88.99679684518424,4.2338050542396894,8098.723440115059,11896.613789847564,46.89492582152612
37,2,charniere,44.81011765095572,0.5274520479219154,0.4650097471115185,0.48492337008529945,87.0121410719054,6.252726177589472,7813.847339722164,6820.398388503422,12.713953933659342
37,3,charniere,45.46685013947734,0.8975467486600467,0.4650097471115185,0.4921330107903541,92.42559873284267,2.348970085855128,7115.043128697615,6746.0551259626,5.186026227258547
37,4,charniere,52.65689245465965,0.5274520479219154,0.4650097471115185,0.48966559317012665,44.614924845705794,3.7908455642783077,6590.937808309609,5959.357231755633,9.582560098772332
37,5,charniere,53.27516311821474,0.8975467486600467,0.4650097471115185,0.48048382261285216,91.83481539182819,5.764820434839035,4275.1825200385965,7283.841443083056,70.37498186199772
38,0,arrhenius,53.06441318345698,0.6066561040977387,0.9873574693947583,0.8954081545065068,80.35562434075293,1.4384148787147382,1894.7072188838863,2133.599036545966,12.60837639088131
38,1,arrhenius,41.97043820800731,0.6066561040977387,0.9873574693947583,0.8724907325106648,57.38169252186429,1.1947118512836647,2608.4670031442724,2799.6004716819143,7.32742520059666
38,2,arrhenius,36.534807898045784,0.6066561040977387,0.9873574693947583,0.8743267235792502,55.86637755981006,0.6979040893960338,3052.5055902655113,3167.7560591329807,3.7756022211721736
38,3,arrhenius,36.28408213560531,0.9928864433598759,0.9873574693947583,0.8809161501911498,67.57418918140695,4.32217720292593,3420.5240925366875,3071.484754283504,10.20426486732719
38,4,arrhenius,27.103827875157307,0.6066561040977387,0.9873574693947583,0.8515729713993053,40.71855658125474,1.4427543318353904,3938.7718742644083,3945.350382878333,0.16701928479047737
38,5,arrhenius,53.871334136020366,0.9928864433598759,0.9873574693947583,0.8568212216315372,40.41535698605154,1.0260200998777513,2181.930162760079,2133.9647202922633,2.1983032860749625
39,0,charniere,40.126276821662714,0.8922438599072413,0.8606000488774084,0.9509373707877516,59.20919119829853,3.3638258224480047,3867.023984362621,4712.189025226352,21.855696894598772
39,1,charniere,34.6266373664123,0.8922438599072413,0.8606000488774084,0.8985818452828934,96.19203057144733,5.942565775537992,5753.8114434701565,4679.6496194673655,18.66870047022184
39,2,charniere,24.22099252274243,0.5334349624737863,0.8606000488774084,0.801578625858769,88.33505034837187,13.133951313685367,4914.258904960614,,
39,3,charniere,52.978897568388184,0.8922438599072413,0.8606000488774084,0.9812071305635568,89.51517629551753,4.312423596708951,2756.930483123323,3594.9783791196487,30.397860995279878
39,4,charniere,54.64869727886167,0.5334349624737863,0.8606000488774084,1.0057552632471025,44.35742593923576,2.472758060338217,2960.264151592445,3226.269318074645,8.985859128115477
39,5,charniere,40.583509499179016,0.5334349624737863,0.8606000488774084,0.9591784745511197,70.3503658222152,3.3533900282855273,4963.961397020377,4604.143298822937,7.248607904433369
40,0,arrhenius,26.469265511122373,0.6498059931366145,0.4975761241620327,0.5790188884481811,45.113210825339564,23.42313489110516,9274.674997763723,7811.861967609295,15.772121724018753
40,1,arrhenius,27.356597507317566,0.8961801557650945,0.4975761241620327,0.559732345674381,50.25572352176277,2.011482280397234,7211.347947954702,8958.801436566704,24.23199520011537
40,2,arrhenius,49.91306579358819,0.6498059931366145,0.4975761241620327,0.5665195479258452,81.76051860652912,5.147988021501209,3429.0010879180068,3186.4984387593495,7.07210767628826
40,3,arrhenius,49.056589558933084,0.8961801557650945,0.4975761241620327,0.5680103730905567,82.7426604969781,1.4882356164483288,3088.895061434724,3324.031823366621,7.61232600186428
40,4,arrhenius,54.92716484363225,0.6498059931366145,0.4975761241620327,0.5671528500783769,41.72034654660508,26.67883825975083,3167.8403417970617,2557.2350057647177,19.275129746152487
40,5,arrhenius,55.30107578240347,0.8961801557650945,0.4975761241620327,0.5546604133785649,65.39371161255433,3.8352832231785,2117.707653175298,2928.025871479993,38.26393209136779
41,0,arrhenius,26.740642987478896,0.5606874848201471,0.4170060513557118,0.48983369367227736,72.39809098995048,2.8687045910265345,,,
41,1,arrhenius,26.590591100302163,0.9067456639476156,0.4170060513557118,0.4532393019500883,82.42217527024881,4.09436495682588,,,
41,2,arrhenius,31.13970900513166,0.5606874848201471,0.4170060513557118,0.4894860564444607,61.48072484535328,3.5950964385519737,8776.385957116032,10829.816064112332,23.397217454085947
41,3,arrhenius,31.680140380240886,0.9067456639476156,0.4170060513557118,0.49228643062306016,70.03900130812477,7.062059412268356,,9388.168177523125,
41,4,arrhenius,52.85682501836173,0.5606874848201471,0.4170060513557118,0.487373197456639,88.94651300704795,2.9655839232656422,2194.237505629861,2646.0311131565163,20.590004790614806
41,5,arrhenius,50.83488540843715,0.9067456639476156,0.4170060513557118,0.48621811919476926,44.711631324827394,1.4092217631072983,2689.425049684557,2868.060236954872,6.6421329455255504
42,0,arrhenius,28.111384916839864,0.6268234783850306,0.7416398018562358,0.7972273074566161,56.695496561566465,10.521681612887145,9943.111910765449,7124.314037744551,28.34925220914967
42,1,arrhenius,26.990209044655636,0.9010461978447649,0.7416398018562358,0.7863645171196774,55.831932353988094,4.991539997760568,7260.049912838405,9368.185456904801,29.037480036307272
42,2,arrhenius,40.30250396533377,0.6268234783850306,0.7416398018562358,0.7749182929375072,44.46622284222627,0.8155244964751508,6802.207586198229,6779.18179522377,0.33850467929234085
42,3,arrhenius,40.5993407669041,0.9010461978447649,0.7416398018562358,0.776692563695048,94.21661281901284,4.913236011472417,5378.0542895695,6883.592503710191,27.994105917833817
42,4,arrhenius,52.488535314730655,0.6268234783850306,0.7416398018562358,0.7905564927498961,51.79532845863567,1.525321784645804,5861.2484248713645,5419.812150208757,7.531437718787625
42,5,arrhenius,53.97357694107485,0.9010461978447649,0.7416398018562358,0.780647993617327,83.02276964642523,0.4506991101526167,5499.377671618146,5417.538903609647,1.4881459847877545
43,0,quadratique,27.827224163995247,0.5638373200269999,0.9480993036344877,0.7028000306232755,56.190991445008684,4.981831550522503,4983.369929628918,5912.583043222746,18.646280061793867
43,1,quadratique,27.363345768885964,0.9101688902803833,0.9480993036344877,0.7438253118336098,95.76357246904612,4.278224971696034,3855.567940153402,4839.641013280195,25.52342711635991
43,2,quadratique,48.3125472483347,0.5638373200269999,0.9480993036344877,0.7224601625087106,67.18481536176627,4.674645524418021,2307.92602205355,3051.746593750924,32.2289607461307
43,3,quadratique,47.465313081094564,0.9101688902803833,0.9480993036344877,0.6769462019656556,46.03973664723329,5.076233724343561,2530.902844452441,3178.2712827163964,25.578557457586363
43,4,quadratique,52.89612664761037,0.5638373200269999,0.9480993036344877,0.7399445463984468,95.48104474674415,8.120096268394974,2520.4422502630982,2007.942075755208,20.333740019410982
43,5,quadratique,53.528672377294015,0.9101688902803833,0.9480993036344877,0.6579092879288273,50.14343728839777,6.115061271009281,1989.4317122867335,2882.14508385531,44.87278281808706
44,0,arrhenius,27.562974081765184,0.545551182684923,0.6355712118088002,0.7494776334476887,85.55390129319028,2.214992592721518,3252.083388624016,3576.2809946295115,9.9689204507965
44,1,arrhenius,27.233649311309094,0.9366197612160968,0.6355712118088002,0.7631338591293194,44.91229591574796,13.902179324959015,4106.376292177418,3122.6298494852094,23.95655859805712
44,2,arrhenius,36.09377873797645,0.545551182684923,0.6355712118088002,0.7775227474160549,68.27642317070891,0.5041952854041467,2144.316909417886,2199.5106083181404,2.5739525094374978
44,3,arrhenius,36.81082972710278,0.9366197612160968,0.6355712118088002,0.7505717658374238,90.83607246816656,0.5890546347516927,2195.8930127831177,2166.8914862194883,1.3207167377827864
44,4,arrhenius,52.39631605173174,0.545551182684923,0.6355712118088002,0.7652655100043115,80.48025298040712,3.2163379949719557,925.0132238322566,1087.6150082111003,17.57831998392384
44,5,arrhenius,51.89820850161875,0.9366197612160968,0.6355712118088002,0.754963762005927,85.02720438747411,11.307660759155816,1261.2688339358842,918.9809599753904,27.138375638154695
45,0,charniere,38.919647712829445,0.6394080386468906,0.7128054716060777,0.9116336858858036,62.444803580121174,19.909232889018657,1942.16780531107,1650.0825717517296,15.039134762743025
45,1,charniere,39.22294157189473,0.9236882417602815,0.7128054716060777,0.9084261375500918,46.87843799437226,0.7099946407631021,1655.5402326311903,1685.3395239924246,1.7999738558979956
45,2,charniere,45.643266820922655,0.6394080386468906,0.7128054716060777,0.9026659778650598,62.4402048044501,1.0815420797225703,1382.1522635767494,1357.7021201496925,1.7689905860143469
45,3,charniere,27.70254244942095,0.6394080386468906,0.7128054716060777,0.8947439315216441,55.53202658215978,3.422858307564385,2382.9276715058973,2816.2982890510107,18.18647803402458
45,4,charniere,44.98090197072327,0.9236882417602815,0.7128054716060777,0.8946486820540523,88.30940434928095,1.1898205222013862,1363.318979160679,1382.1503527162295,1.3812888871497957
45,5,charniere,54.03211628599771,0.6394080386468906,0.7128054716060777,0.9202202774708939,48.58322960996564,2.29604999953124,927.7098842378634,1118.0488045847083,20.517073665029766
46,0,quadratique,26.496342119536273,0.5972267777560653,0.8657876399589921,0.6503652270087036,94.69143298754985,4.676484612736248,7897.561691040306,6786.949020016534,14.062728655652665
46,1,quadratique,25.87755793594094,0.994361346543999,0.8657876399589921,0.670199895160787,66.32640411022082,7.739368235828161,6214.4651649345415,10800.7805947302,73.80064588138966
46,2,quadratique,34.82028556045543,0.5972267777560653,0.8657876399589921,0.6604620944793101,70.34961901021983,1.796179901593943,5734.6609672178665,5466.639756189934,4.6737063020826035
46,3,quadratique,34.53213685422681,0.994361346543999,0.8657876399589921,0.6269244762409195,55.987587087791646,5.240266423839494,4562.7147647100965,5889.850528029409,29.086537987952347
46,4,quadratique,54.399767023297784,0.5972267777560653,0.8657876399589921,0.6290059698996336,65.24893427397504,4.0031784619035085,2250.053367309448,1916.4135624592202,14.828084066698603
46,5,quadratique,53.95798427715474,0.994361346543999,0.8657876399589921,0.6483627904604592,69.05574483236686,1.7238795581149136,1981.5070039187658,2199.9061907055993,11.021873067060179
47,0,charniere,26.56772638897187,0.6267789442937158,0.9609544169256111,0.869991939951553,91.20728546760905,1.8108897834975684,4155.555935051787,3916.31403598821,5.757157473097411
47,1,charniere,26.210560228675305,0.9553827974688089,0.9609544169256111,0.8679310432500439,58.245472971419765,1.5113649838246972,3918.6386178656558,4115.568741271708,5.025472941245934
47,2,charniere,46.50298042060788,0.6267789442937158,0.9609544169256111,0.856741368342171,60.882971880665494,2.0963257595264886,1997.5874244117683,1902.8354526252615,4.743320398826026
47,3,charniere,45.90241313092018,0.9553827974688089,0.9609544169256111,0.8741478945095132,51.04891425338578,0.6585379843952418,1982.3313260821747,1944.8621043857231,1.8901593897779279
47,4,charniere,53.89849461313761,0.6267789442937158,0.9609544169256111,0.8401086868172775,80.41976440546473,0.9597550713894415,1434.4341013306478,1506.9843209524367,5.057758983454732
47,5,charniere,53.668083473305636,0.9553827974688089,0.9609544169256111,0.8694149427858756,55.43021583840403,0.881953301510503,1474.7358155007005,1512.3702084981142,2.551941344466235
48,0,arrhenius,53.28976836317666,0.5644449977618514,0.5712687203217012,0.6385452701618183,41.62701115479201,3.72037134580029,1835.4574686084313,2442.198935703752,33.05668899837418
48,1,arrhenius,45.08367498488395,0.5644449977618514,0.5712687203217012,0.6478361719574345,51.39228756051457,4.369653173939219,2493.150436407238,3456.740149848116,38.649481369823064
48,2,arrhenius,32.27314607906453,0.5644449977618514,0.5712687203217012,0.6505043575295315,59.446852942660946,5.480039273944403,7022.567382823437,5740.659426564782,18.254121126613686
48,3,arrhenius,52.49236638150746,0.8982290275321172,0.5712687203217012,0.6565747529571027,62.654212196828304,3.9170791099321116,2589.9812224872157,2142.2400745802934,17.28742834193009
48,4,arrhenius,27.763688312689755,0.8982290275321172,0.5712687203217012,0.6508531998724539,83.65696990578252,3.2860720038507116,7607.79765186414,9276.224661829974,21.93048614479145
48,5,arrhenius,44.59893647985396,0.8982290275321172,0.5712687203217012,0.6465437664121306,90.11395045705548,10.061817692749463,4279.972339833979,3117.791032424692,27.153944351293834
49,0,charniere,25.910866685524184,0.5475435456131015,0.4551191462874415,0.4774768562072377,56.99193647353364,1.5965484562213048,9354.843532326198,8729.460423408567,6.685126338634994
49,1,charniere,27.408084824220033,0.8942566935439064,0.4551191462874415,0.47453022904934267,68.45766480431904,2.099633169292337,8304.124527883227,7782.600481280894,6.2803013713388065
49,2,charniere,48.939352843858096,0.5475435456131015,0.4551191462874415,0.4733085487057258,42.72670026956239,5.385742381621214,1264.1134219392552,1986.5315028165062,57.14820112968989
49,3,charniere,48.5705918121401,0.8942566935439064,0.4551191462874415,0.46709068257177255,63.45196876851695,6.366718488733457,2441.808812178486,1727.4210081566182,29.25650036394614
49,4,charniere,53.186346304739295,0.5475435456131015,0.4551191462874415,0.46929792102136103,56.494329980428034,0.8940633374251099,1490.0075431003195,1352.644726350625,9.218934319210096
49,5,charniere,54.237834135047684,0.8942566935439064,0.4551191462874415,0.46290728718221497,78.68646687271372,2.906362727943302,1051.2527477588944,1358.3390193892776,29.21145959285651
50,0,arrhenius,27.547387494660075,0.9846003602666062,0.4905821628524351,0.4738953929411328,65.33984935722852,2.680730061790549,6241.047546956096,5608.516801971912,10.135009230825101
50,1,arrhenius,37.394898888453426,0.6211310060357543,0.4905821628524351,0.4657975681513941,51.94741563704442,1.1113111118015093,3511.5729797494705,3865.234427700295,10.071311346519586
50,2,arrhenius,42.291528024947254,0.6211310060357543,0.4905821628524351,0.46836148298107233,63.86200825241896,5.856884974916294,2377.4801852757,3327.1632794037005,39.94494254924241
50,3,arrhenius,27.402866901130533,0.6211310060357543,0.4905821628524351,0.4907215307301956,60.88148649517198,1.7343511368745455,5966.861179872392,6002.373134351553,0.5951530194627385
50,4,arrhenius,52.44384500938005,0.6211310060357543,0.4905821628524351,0.4772945774350031,48.74405484644251,3.1955717532154484,2197.6671437288533,1724.1573688263795,21.54601875236913
50,5,arrhenius,37.28777386768001,0.9846003602666062,0.4905821628524351,0.45983695052439066,57.48103809617849,6.287036169902813,4767.621157631641,3644.9342088689486,23.548157700524953
51,0,charniere,25.922973721491957,0.5214094171877899,0.7058477896217347,0.609940180985572,46.05391507397869,5.3691833871868555,3965.5170383745076,5019.895003710946,26.588663095711606
51,1,charniere,26.07320192130834,0.8964189428365988,0.7058477896217347,0.6305009639084372,68.32237012154859,2.669583647547481,4398.796845054011,4145.319098229975,5.762433587016997
51,2,charniere,46.66608937915859,0.5214094171877899,0.7058477896217347,0.6174005260598224,55.71037629914067,1.3186827869628954,4126.677524544735,3902.2465986093002,5.438538015160143
51,3,charniere,46.97192276068181,0.8964189428365988,0.7058477896217347,0.6237573927009782,94.18298230612344,0.854845895883079,3730.254783369228,3752.378348980788,0.5930845718687788
51,4,charniere,53.96421235897789,0.5214094171877899,0.7058477896217347,0.6133926296373184,64.93029391455022,10.26677450221669,4817.4692815575045,3444.731247050211,28.49500337786238
51,5,charniere,54.11623795471986,0.8964189428365988,0.7058477896217347,0.6261828472698266,62.51152940075267,8.327252737631083,2629.814139322329,4564.966966456085,73.58515562747797
52,0,charniere,48.58822032018762,0.6342670188500699,0.6846571874277332,0.7047800977152396,88.1161547192514,13.08030530928199,2985.6094848032167,2566.4474162695215,14.03941375009808
52,1,charniere,54.81106549181827,0.6342670188500699,0.6846571874277332,0.6980821392397096,44.86686823803004,2.7351260393337027,2144.3219197605677,2768.098831747785,29.089704593276156
52,2,charniere,26.80338784670007,0.8993026710332709,0.6846571874277332,0.7087385086856826,87.21343106182357,0.4941213243958121,3793.7308166400435,3844.382642126556,1.3351454790715236
52,3,charniere,26.368075493603666,0.6342670188500699,0.6846571874277332,0.7129363824821274,42.79266653660222,2.2752698594040233,3652.695226774679,4175.039414594669,14.300240107391021
52,4,charniere,33.677927891126345,0.6342670188500699,0.6846571874277332,0.7112928453189202,49.193390550789005,2.142557240210971,3609.425300694754,3402.602131382334,5.730085874685089
52,5,charniere,53.82652355561292,0.8993026710332709,0.6846571874277332,0.7030372662695523,81.99832392565673,0.8961840636472256,2363.8485089213177,2506.9222484050106,6.052576505800744
53,0,arrhenius,25.7187011514693,0.5534200996594346,0.6260503536492709,0.6301404830095589,59.11027487867653,2.8674793426735747,5624.624778860742,7085.025605800751,25.964413349468103
53,1,arrhenius,26.54540869077012,0.9668514538152684,0.6260503536492709,0.6184793751733534,80.84769159730797,25.061052372706627,7396.025739278554,6192.109751313905,16.277877206009908
53,2,arrhenius,30.45077043026887,0.5534200996594346,0.6260503536492709,0.7256015461218828,49.98352876813813,13.848336240510786,5084.686413394232,4628.945689619388,8.963005517396672
53,3,arrhenius,30.540261735091384,0.9668514538152684,0.6260503536492709,0.66196618880958,93.46552464566818,1.5847896871743858,4945.889333504102,4836.066079103807,2.220495587241263
53,4,arrhenius,54.25931782926327,0.5534200996594346,0.6260503536492709,0.6902321420301177,45.18267144191583,7.879534891924887,1157.977062336719,1933.0030281395564,66.92930205706215
53,5,arrhenius,54.69772492170127,0.9668514538152684,0.6260503536492709,0.7024423027283379,41.69001718776069,42.260750091424775,1877.0564000297227,1178.9258809574958,37.19283656373736
54,0,charniere,27.145743218526235,0.5950523336718727,0.5639501222790482,0.3502822151462471,42.66276395375654,3.768491799841886,2930.1321831111345,3720.1356927445586,26.96136079412704
54,1,charniere,27.34296880496929,0.8998306618384053,0.5639501222790482,0.3357519727186624,60.533027226244066,54.688699409439494,3645.3742945954327,1925.9629914460097,47.16693442696931
54,2,charniere,33.52379192716527,0.5950523336718727,0.5639501222790482,0.33854888313575043,89.51651027033749,4.466516395015316,2190.5076467353692,3644.411866438706,66.3729351445163
54,3,charniere,32.771772389574174,0.8998306618384053,0.5639501222790482,0.35761327070346477,89.5325139932355,3.4675186574008805,3181.6154291800667,4220.752442862259,32.66067307040902
54,4,charniere,53.975583063281285,0.5950523336718727,0.5639501222790482,0.34789860958769897,86.59316058915189,12.738621369512169,1362.5023525474387,,
54,5,charniere,53.32972417866516,0.8998306618384053,0.5639501222790482,0.3616480789510578,97.91623068928239,4.7650394988106495,1376.3926259015414,2015.9995360803293,46.46980070529247
55,0,arrhenius,26.614139598217104,0.5940817477797733,0.48905177357475127,0.3803974451605389,67.51997645032361,3.6054690322404364,2945.2749831030133,3545.0384784500825,20.363582306844048
55,1,arrhenius,25.99560616422237,0.8785819969542266,0.48905177357475127,0.3000000000038242,63.64015370495647,2.520738094445393,3046.267613584638,2998.758809023457,1.5595742261552632
55,2,arrhenius,35.71330053272822,0.5940817477797733,0.48905177357475127,0.3000000000005204,85.36211029748053,4.2494574859121945,3137.35391577672,2996.176867571482,4.49987639250086
55,3,arrhenius,35.74723124557943,0.8785819969542266,0.48905177357475127,0.3000001320474711,62.0153197466984,3.356387521831883,3017.7446962935815,3186.8091516855716,5.602344545568632
55,4,arrhenius,52.980091446566206,0.5940817477797733,0.48905177357475127,0.30123424652996156,53.37515487737214,3.240888972516356,2528.7507191204613,3437.2853614730325,35.92820104737621
55,5,arrhenius,52.9082420326159,0.8785819969542266,0.48905177357475127,0.3000004132248958,55.84873889090873,22.5006452165937,3379.475710068869,2954.595368980971,12.572374460985229
56,0,arrhenius,54.53430120214206,0.5701945803591095,0.5543808884451815,0.5169541593401735,40.36988435290063,6.003717751355976,1413.5160893556604,2778.1792889521,96.5438745177998
56,1,arrhenius,37.43699202802974,0.9925072174996976,0.5543808884451815,0.5319958497516702,49.56495474993068,5.0438886003127,4902.450989952512,7094.9374287972205,44.72225104010568
56,2,arrhenius,47.982739148732044,0.5701945803591095,0.5543808884451815,0.5143856053677922,68.94756873085511,3.0056273079976976,2398.5819744715895,3631.4109366400517,51.39824176491011
56,3,arrhenius,36.95866866874186,0.5701945803591095,0.5543808884451815,0.515331397278338,52.81783748915865,0.8926111839644912,7098.516191524364,7215.10276050254,1.642407593820527
56,4,arrhenius,24.581885299526995,0.5701945803591095,0.5543808884451815,0.5275405797767644,86.24653181327588,3.1353936865280985,,,
56,5,arrhenius,49.04245337097864,0.9925072174996976,0.5543808884451815,0.523526109593666,97.26317804584619,2.459401898862851,1712.1378249480558,2227.8501709992765,30.120959804557017
57,0,arrhenius,46.40944520025853,0.8838621558382596,0.9760918589418427,0.8635157566508718,65.11910363384061,0.6848024975993595,2876.4053361101196,2965.632225202956,3.1020276583654725
57,1,arrhenius,39.218220569146446,0.8838621558382596,0.9760918589418427,0.8635242800294318,43.062285548007345,0.542305517579814,3916.7415626351208,3852.9284642543653,1.6292394420280072
57,2,arrhenius,27.165101223162686,0.6197442683170631,0.9760918589418427,0.872730488749343,86.78090821749004,0.7819042407634784,6294.838265807533,6382.424721006974,1.391401200491446
57,3,arrhenius,27.448207591823095,0.8838621558382596,0.9760918589418427,0.8785368770420845,59.870441578775285,2.0733008791222547,6408.079677961817,5997.763572506637,6.403105549175805
57,4,arrhenius,53.67211391270756,0.6197442683170631,0.9760918589418427,0.8782318966198188,89.60986917204394,2.0430722927123806,2069.0438761568707,2286.1337977991693,10.49228216684948
57,5,arrhenius,54.526405224039166,0.8838621558382596,0.9760918589418427,0.853329712622405,59.139987488676155,0.5604373848521031,2173.573527262372,2235.209944488909,2.835718067663831
58,0,charniere,26.5249207903403,0.6259918561819857,0.8241551814913679,0.8377670421909631,60.68740060527543,6.028570270333659,4163.108062234125,6434.8968035421385,54.56953572540372
58,1,charniere,45.80091337125563,0.6259918561819857,0.8241551814913679,0.84732536315267,93.08889745584835,6.479346675928636,4498.24591794233,3529.0993614003264,21.544988295911768
58,2,charniere,46.566658719391256,0.958450332924398,0.8241551814913679,0.8679775998626748,57.81953333786382,15.653155083893035,4836.4510076512,3236.042390818521,33.09055781400151
58,3,charniere,54.54060319684645,0.6259918561819857,0.8241551814913679,0.8597376030621715,85.0772293372667,0.8290867708531227,3290.972054159429,3135.561994725147,4.722314771341203
58,4,charniere,53.762144957075286,0.958450332924398,0.8241551814913679,0.8392000930520499,67.96709655752217,6.55051902645993,2528.644164316356,3658.162542217256,44.66893340867817
58,5,charniere,39.64171563344252,0.958450332924398,0.8241551814913679,0.8396788917763025,94.31090994411105,2.538144629416809,4266.288074290117,3789.900952124592,11.16631399169623
59,0,quadratique,25.84026792759531,0.5151739643970873,0.7734238663492585,0.9517960540453385,78.3968613346299,9.180143451127131,5445.720219471711,4240.876401819214,22.12460003627176
59,1,quadratique,26.14858648014673,0.8685432161628422,0.7734238663492585,0.9726241665950296,48.32449385118288,0.885121072300096,4604.636195131439,4456.252310019222,3.2224887879113253
59,2,quadratique,37.50605723433008,0.5151739643970873,0.7734238663492585,0.9406151649364506,89.74715370546795,0.9270768675639618,3600.487297228522,3672.1948693908416,1.9916074198488787
59,3,quadratique,37.59168071784082,0.8685432161628422,0.7734238663492585,0.9305155783180111,92.83609896564394,3.709834618992524,3242.081377283206,3725.535336886396,14.91183913490518
59,4,quadratique,52.96365339417714,0.5151739643970873,0.7734238663492585,0.9168412462683501,89.93429238959929,6.912448859495503,3053.4480819369223,2407.728697577345,21.1472200290359
59,5,quadratique,52.91979454369334,0.8685432161628422,0.7734238663492585,0.9424264678871275,87.31554674774554,0.3728749114325779,2628.8379541544527,2642.5917586759347,0.5231895142013704
60,0,arrhenius,26.125954358608006,0.5869032776886851,0.59769110242409,0.678626568510183,75.52278268575193,1.9079701382033796,,,
60,1,arrhenius,26.033332536668333,0.8754136149958652,0.59769110242409,0.6485563124357927,71.39417017775259,2.7727774209663987,,,
60,2,arrhenius,33.99427754792591,0.5869032776886851,0.59769110242409,0.7061395291948088,76.21031751317499,5.537833628093537,,11282.823938075682,
60,3,arrhenius,34.17512837457372,0.8754136149958652,0.59769110242409,0.6538408032552414,89.94967308703379,5.893065669541934,8798.039775016166,,
60,4,arrhenius,51.84619908407097,0.5869032776886851,0.59769110242409,0.6708664654632686,67.3603365862478,1.0376296309269177,9845.674616180357,11359.687293800685,15.377439704661825
60,5,arrhenius,52.88843579975198,0.8754136149958652,0.59769110242409,0.6633724371856907,63.135943352776685,1.3492697700128489,11044.288585772294,10739.199290370932,2.7624169092646684
61,0,charniere,26.69894378425636,0.5670731487682206,0.6256271549797303,0.7076667002120441,52.108878055007935,3.3016147550597776,3801.1649211564636,4362.643428731913,14.771221960151784
61,1,charniere,27.428996554243227,0.9767058498690575,0.6256271549797303,0.7142123524569299,84.44610785582259,1.2058714481062325,4214.547192083128,4317.1147590370565,2.43365567590744
61,2,charniere,41.62022432069344,0.5670731487682206,0.6256271549797303,0.7036540366223075,78.15668866866149,3.593506303266403,3225.322755869805,2854.172957452658,11.507369231240093
61,3,charniere,41.696712003644116,0.9767058498690575,0.6256271549797303,0.7153092275642617,48.31221285355357,11.558660008321272,3809.656591920185,2742.6433636052734,28.008121009592195
61,4,charniere,54.282681741253,0.5670731487682206,0.6256271549797303,0.7067524303663975,89.3940080363412,4.3604582341379565,1930.979237562058,2436.374646794671,26.173011050636468
61,5,charniere,54.25483894422363,0.9767058498690575,0.6256271549797303,0.700787652106155,61.89970618672401,3.0549989412640044,2064.675780717319,2413.147169248269,16.8777777017311
62,0,arrhenius,25.42293762547382,0.5919164528284869,0.5041031967891988,0.5814862770164909,48.03241940817223,8.527332158902174,9112.560925970922,7581.770418356433,16.79868612183119
62,1,arrhenius,26.1779512031273,0.8996895556838377,0.5041031967891988,0.5942216235445152,53.85626155522426,2.582840878020588,6758.781250642129,8749.076910146485,29.44755253493764
62,2,arrhenius,41.90274617590655,0.5919164528284869,0.5041031967891988,0.5778681345645614,61.07527286418505,45.40256385925672,4729.41381858119,2464.0595503148365,47.89926099014852
62,3,arrhenius,41.550029395306325,0.8996895556838377,0.5041031967891988,0.5548106977496968,53.17605839550901,4.056134110938415,2362.042742306699,3064.6875784254917,29.74733790941527
62,4,arrhenius,47.74678432726221,0.5919164528284869,0.5041031967891988,0.5697036814908105,94.19961098681092,4.063011599284757,1738.3621647051407,2189.760164592051,25.966855989613407
62,5,arrhenius,47.908357231199204,0.8996895556838377,0.5041031967891988,0.5630996582827064,52.251806621018694,2.3563699235092033,1866.482187195451,2041.3159540909153,9.367020381703565
63,0,arrhenius,40.151588295171805,0.9503468053947866,0.5927703707960393,0.6047068984773093,43.54694647141323,0.8802103956688307,5164.086489014772,5381.855382496597,4.216987727550071
63,1,arrhenius,40.5289905874255,0.541049052066881,0.5927703707960393,0.6201948952444608,78.54054981798545,2.875250925832075,5864.831434598995,5045.081172507092,13.977388288704553
63,2,arrhenius,25.782978870922445,0.9503468053947866,0.5927703707960393,0.6073247332752796,61.663925965290375,3.4602203263678635,10015.974325533885,,
63,3,arrhenius,54.38691880803166,0.541049052066881,0.5927703707960393,0.6022278224284624,66.06884380474031,3.7321780968833136,2475.567868329264,3376.2701374673516,36.383662942998306
63,4,arrhenius,35.13339806780008,0.541049052066881,0.5927703707960393,0.6061254813513036,93.00267170928839,1.224224931543703,6293.40391651765,6786.209884364243,7.830515479122137
63,5,arrhenius,35.442499385966094,0.9503468053947866,0.5927703707960393,0.6083735575043522,88.74500575716674,0.45532997842586215,6526.251039709297,6611.681025298798,1.3090208309440994
64,0,charniere,27.954456642968324,0.9470084349569997,0.9545655818549869,0.9027489932750848,87.52735060209167,5.4895124809653435,3965.3795157392424,4987.700617609451,25.78116666544648
64,1,charniere,33.39078421107098,0.9470084349569997,0.9545655818549869,0.965448232488401,65.2261425766791,12.094319321702162,4111.688540777837,3410.425469277993,17.055354863215907
64,2,charniere,55.169051662338376,0.9470084349569997,0.9545655818549869,0.8945860699010597,45.54165733319824,1.501478072503526,2301.2301882582515,2432.426113858019,5.701121351057316
64,3,charniere,55.033534453265204,0.5997705908697013,0.9545655818549869,0.8967935587970436,57.861232844556035,2.380558191067869,2294.539871345223,2437.7210142635477,6.2400808417585445
64,4,charniere,49.082922891340935,0.5997705908697013,0.9545655818549869,0.8728293586528048,42.21971652987909,3.599682195276938,2896.755601134675,2633.0902122911434,9.102093001572259
64,5,charniere,49.136583519035185,0.9470084349569997,0.9545655818549869,0.874189273828999,64.19645794081852,0.7685197095950733,2697.6506632349074,2668.135180569975,1.0941180437921705
65,0,charniere,25.43891689343719,0.5724937623046725,0.6154699099312467,0.6556259916245306,54.85348410668643,1.036497729059089,8603.430857230176,8270.10259208297,3.874364432964346
65,1,charniere,26.425757902495313,0.945969796676409,0.6154699099312467,0.6700449291295213,49.86814297152187,6.127196849669701,6464.465736014092,9051.193848421704,40.01456915452005
65,2,charniere,34.322785893651016,0.5724937623046725,0.6154699099312467,0.6628030849769253,62.13096371068496,5.490168161996359,5315.565744293907,6640.477611196811,24.925133666630973
65,3,charniere,34.20465562442194,0.945969796676409,0.6154699099312467,0.6554841902834655,63.60996307987355,20.293208917963494,10003.533068370332,5784.91428027383,42.171288476419804
65,4,charniere,54.53902877948271,0.5724937623046725,0.6154699099312467,0.699425899068029,59.62832015365549,3.3171249080810363,3342.0983170287295,3729.9748775440294,11.605779475097517
65,5,charniere,55.17145839943613,0.945969796676409,0.6154699099312467,0.6523662054643838,51.675013652615355,0.902433549514681,3435.8951400993406,3463.414924426219,0.8009494820055163
66,0,charniere,28.010371594731566,0.9254687484392015,0.410681550247748,0.4044409366399395,86.08407775731507,14.977279541987546,8795.725501444382,6485.8510714286085,26.261329206288437
66,1,charniere,38.07132395086488,0.9254687484392015,0.410681550247748,0.3651146410463577,40.25044123634442,23.948552880394736,7461.644066342778,4574.049192511328,38.69917739518718
66,2,charniere,45.338409474440276,0.9254687484392015,0.410681550247748,0.39058192098571864,43.08370764871705,6.11062970594588,4050.685900509097,3391.518125606579,16.272991564704455
66,3,charniere,36.75806825122776,0.6182655952765195,0.410681550247748,0.36771988985545967,94.76725779971916,3.9335221452624807,6106.497949846781,5351.536014453214,12.36325536492663
66,4,charniere,27.679506241047708,0.6182655952765195,0.410681550247748,0.3862330312077249,56.20101400886392,4.191617191234043,6219.28511811388,9835.50644433113,58.14528933051937
66,5,charniere,44.36643853770541,0.6182655952765195,0.410681550247748,0.33742674752093654,68.33875572532818,7.344808323572804,2709.2634201857627,5251.539975648519,93.83644781534176
67,0,arrhenius,53.70745977499114,0.973727636700628,0.967308416927083,0.7533983485110812,58.17041103447806,2.0301850326266693,2504.8443276479165,2803.249722388332,11.913131344997483
67,1,arrhenius,32.10464391944023,0.973727636700628,0.967308416927083,0.6979700019125118,95.8251742885482,10.56952229078251,7049.672789644135,5584.348869824822,20.785701174270844
67,2,arrhenius,26.564689134909255,0.973727636700628,0.967308416927083,0.7056583103217979,90.58538517340365,6.338671636049468,7636.660361053655,10533.93604331772,37.93904069689855
67,3,arrhenius,38.42358896546095,0.5217865382120236,0.967308416927083,0.7559242743779238,69.01062060535446,6.086603628333743,3647.902477571571,5574.597400453964,52.81651400300055
67,4,arrhenius,37.6984755476699,0.973727636700628,0.967308416927083,0.7291791189674826,52.38215507724509,2.6988560160505872,4593.367020945113,5904.83818729615,28.551412512235824
67,5,arrhenius,26.873942825627203,0.5217865382120236,0.967308416927083,0.8224395681527698,45.90565237671868,7.309172381939952,6922.247865351249,10921.406824486838,57.77254783309703
68,0,arrhenius,54.26272594093667,0.881537655386322,0.4242177342601052,0.5226058337257027,64.07708156638013,1.3700120342597497,9121.725697377173,8471.99286683178,7.122915686142742
68,1,arrhenius,32.41452055864383,0.5713282618665294,0.4242177342601052,0.4874325444565776,59.7140489733991,0.6210700709074309,10588.951409039772,10831.012513120002,2.285978041920027
68,2,arrhenius,37.492725644339,0.881537655386322,0.4242177342601052,0.5414584906042423,52.234487897274775,1.6890067402564273,9328.623415075008,10779.975792160336,15.558055165352158
68,3,arrhenius,25.700709619056383,0.5713282618665294,0.4242177342601052,0.49752720494743613,84.53841824968471,4.071959937656048,11555.223204009902,11487.726788832611,0.5841203928788533
68,4,arrhenius,36.894436247753816,0.5713282618665294,0.4242177342601052,0.5010253403086629,66.58390138998732,2.47229959329895,11485.685554946776,10377.6856745686,9.646789258486807
68,5,arrhenius,25.11348736195795,0.881537655386322,0.4242177342601052,0.49107162566743867,75.30298888293152,2.785112504925633,8624.459984658844,,
69,0,arrhenius,32.650427668966614,0.8996854023348709,0.6734845254503377,0.7042183225670307,42.18055253140094,1.9807162937458958,3801.4359695275784,3449.3632039641734,9.261572952579778
69,1,arrhenius,53.49240028647247,0.600954214278105,0.6734845254503377,0.6902478405186393,53.473729294405025,4.838043121742906,2581.8429232622143,3652.937374153932,41.485655120272256
69,2,arrhenius,38.68538638033065,0.600954214278105,0.6734845254503377,0.6987626331289257,80.2954946602643,1.1454092955476756,3212.411532330746,3414.621358263057,6.294642635204307
69,3,arrhenius,53.69948643133741,0.8996854023348709,0.6734845254503377,0.7057426283579381,68.40473236226906,6.766244385390825,3742.6980359106756,2722.0281949875607,27.270964184925617
69,4,arrhenius,26.02698181558287,0.600954214278105,0.6734845254503377,0.6997328826912766,55.65743559715883,5.244461760163629,2967.724606078028,4074.3206445648107,37.28769294227727
69,5,arrhenius,27.393814405738766,0.8996854023348709,0.6734845254503377,0.7085226479544456,87.65638436153469,4.742516970992379,4200.481971339214,3341.1735817581266,20.457375973622373
70,0,arrhenius,24.854837118703283,0.5154490971622119,0.7784647964717393,0.7930726444075699,93.61049644229877,1.2265511587700508,2793.874027929577,2716.026335047178,2.7863708994814265
70,1,arrhenius,25.919230687616057,0.8843852780670564,0.7784647964717393,0.7671249550947594,63.803248089546855,2.7982073356203676,2522.2015647165517,3310.6951934494086,31.262117975153537
70,2,arrhenius,45.63493705574957,0.5154490971622119,0.7784647964717393,0.8498121824058902,67.69116543412414,3.7124270606191714,1798.7089263167732,1636.7497890183765,9.00418822238467
70,3,arrhenius,45.09720931648962,0.8843852780670564,0.7784647964717393,0.7842246274060314,79.55173096539512,1.79470588350798,1667.7961643095798,1703.274963554465,2.1272862957789873
70,4,arrhenius,54.285006423534284,0.5154490971622119,0.7784647964717393,0.7981409619877164,49.808940530082964,0.2742017629047612,1440.5413746271142,1443.7377674941001,0.22188830694385842
70,5,arrhenius,53.144814044437545,0.8843852780670564,0.7784647964717393,0.7732267250965267,43.154061602214206,2.8454923652806587,1330.5687990658078,1523.6443168859357,14.510750436631783
71,0,arrhenius,43.07021119130925,0.6088326797760107,0.5358260536942112,0.6888181060994448,62.850937509045366,9.82732283587386,3979.666801386782,3596.3156861432863,9.632744005350162
71,1,arrhenius,43.581068734720205,0.9900864185194542,0.5358260536942112,0.6780500261239221,59.75820306321235,2.3413868488806906,3348.0350710400053,3540.6497481707033,5.7530662924288265
71,2,arrhenius,26.060933445757957,0.6088326797760107,0.5358260536942112,0.6622195493979343,81.00952941221011,1.0945286364404927,,,
71,3,arrhenius,52.435456689191035,0.6088326797760107,0.5358260536942112,0.6384522321429703,39.89223885293567,2.3920873688341757,1789.925176603845,1741.0533334276604,2.7303847007120603
71,4,arrhenius,48.42731327480495,0.6088326797760107,0.5358260536942112,0.641983477570864,63.6249171990418,3.581936573850697,2545.0358358317567,2389.129044093911,6.125917346342312
71,5,arrhenius,52.00244103859978,0.9900864185194542,0.5358260536942112,0.6368997637963257,41.12944635528693,2.7977021018151365,1639.804749269739,1938.4955563577587,18.21502268614827
72,0,arrhenius,26.561872737517916,0.5278799788839046,0.432361145031503,0.41244020423232836,57.961982663612964,4.008813457202558,5974.801918298488,9067.533913945119,51.7629209794353
72,1,arrhenius,26.846688190900068,0.971986841732491,0.432361145031503,0.41177848963528824,92.59694398025651,3.736182852876091,6559.530312911322,6021.17874106705,8.207166461059227
72,2,arrhenius,33.967680255634576,0.5278799788839046,0.432361145031503,0.41420993731987954,48.850829123632906,2.695942648130661,5969.85656982526,7582.2984419773,27.009725498300163
72,3,arrhenius,33.686554900367184,0.971986841732491,0.432361145031503,0.41428205273736407,83.93469532889254,3.912005412748098,4481.285875303556,7280.110205331115,62.45583093575726
72,4,arrhenius,52.689024387277406,0.5278799788839046,0.432361145031503,0.43392478401492546,87.01479576962856,5.246445187661733,4830.26347203634,4256.916176864535,11.869896921587458
72,5,arrhenius,52.466132012649254,0.971986841732491,0.432361145031503,0.39533436598596483,61.60753169355215,4.16337358611127,4559.767723105349,5909.696326977825,29.60520548079872
73,0,charniere,26.85451149259923,0.633683479925044,0.7819988647339233,0.7610374902933577,93.24494296484933,3.039075759147029,2271.7103779653935,2642.382379256911,16.316868773716728
73,1,charniere,26.609831536712598,0.9226895024102394,0.7819988647339233,0.7499073867565899,52.364996312335144,2.145750348430281,2784.3197112199045,2590.1920828652037,6.972174480266384
73,2,charniere,31.132068997623115,0.633683479925044,0.7819988647339233,0.747262363192328,40.94736529467643,2.4686229811488665,2221.930272152804,2554.9550882486446,14.988085822026123
73,3,charniere,31.891122292069607,0.9226895024102394,0.7819988647339233,0.7608948283755458,54.17789718708126,0.5889946645035381,2477.082527578512,2432.577905803266,1.7966547856099018
73,4,charniere,42.262374978611646,0.633683479925044,0.7819988647339233,0.7556048191167944,61.333669928017855,2.105234322611275,2182.8720892128354,2019.7232176900013,7.474046341472398
73,5,charniere,41.621082110546745,0.9226895024102394,0.7819988647339233,0.7491854341346326,64.57360702976887,0.6660904784817148,2147.092395757269,2100.0993382027063,2.1886835260290924
74,0,charniere,26.716030974308918,0.5804053444052325,0.9981486490193753,1.2999999999999998,86.73906661048203,2.8619869747046476,4657.048555523741,4476.879617761695,3.8687365101303697
74,1,charniere,26.841291940218806,0.9584470192070841,0.9981486490193753,1.2999999999999998,44.07374088675022,5.223189030492316,4434.554655165054,4761.58881927957,7.374678847031682
74,2,charniere,46.140637823865525,0.5804053444052325,0.9981486490193753,1.2999987223497333,61.15009904294996,1.116071685479917,2970.6299715736914,3052.1366895045007,2.743751955334618
74,3,charniere,47.18578065511932,0.9584470192070841,0.9981486490193753,1.2999999999999998,89.23078645168442,4.045537083438965,3022.1992709469605,2803.636024859914,7.231927033671841
74,4,charniere,55.442350283372946,0.5804053444052325,0.9981486490193753,1.299999999999992,60.132764551419164,2.6285961001070373,2264.7236514258975,2623.7591310341036,15.853390296964179
74,5,charniere,54.21550514657744,0.9584470192070841,0.9981486490193753,1.299999999214104,66.497587870479,2.4690033631886803,2431.5888845123536,2645.278652234171,8.788071416302444
75,0,charniere,53.3459973973541,0.5189777283784571,0.9395322639558078,0.9142920868946358,51.99684933409395,1.4376457519908812,2216.1906840147353,2362.4442400303433,6.59932184854521
75,1,charniere,26.962340980163834,0.5189777283784571,0.9395322639558078,0.9270364447390713,81.25298146636368,3.0487508212589804,3411.465739190199,3895.7727327599723,14.196448992764502
75,2,charniere,53.167631411085665,0.8786656621360952,0.9395322639558078,0.9351698917261685,60.02995760741692,0.854757895020397,2247.902291650271,2347.6700537156644,4.438260614617294
75,3,charniere,42.38895559686493,0.5189777283784571,0.9395322639558078,0.9294393647739171,63.25482657098862,1.8965462771994193,2898.50190832707,2703.886111022362,6.714358087727962
75,4,charniere,30.26248985738306,0.8786656621360952,0.9395322639558078,0.9340666509592551,59.962968303083926,1.9450121936300582,3529.789075813922,3353.073000022059,5.006420270341915
75,5,charniere,42.26353642177012,0.8786656621360952,0.9395322639558078,0.9414804840721394,83.30560873164124,3.777471749674813,3023.7989913280435,2725.8408659247475,9.853767603528224
76,0,charniere,27.395375519790335,0.5268467428296988,0.7611414614994436,0.7603229229383492,66.39356756313855,4.80797017947706,5180.961204645202,4160.791096689015,19.690749798348463
76,1,charniere,26.672969566174174,0.9389935582455877,0.7611414614994436,0.7524949638165489,48.34340502087911,3.69738574596494,4306.621309310994,5434.795481512538,26.19627060690038
76,2,charniere,49.387345555565034,0.5268467428296988,0.7611414614994436,0.7504034940119771,90.64172009531188,0.5975596397300865,2557.0751276774486,2491.379292303508,2.5691789288025753
76,3,charniere,50.1594869137126,0.9389935582455877,0.7611414614994436,0.7429610574627649,68.1731110572681,0.8121615813592495,2589.0411360052867,2479.959109768096,4.213221053934157
76,4,charniere,53.52072352744529,0.5268467428296988,0.7611414614994436,0.7476369209377598,58.89096221512721,2.7854592035177546,2030.0819871707233,2418.176903572828,19.117204076224688
76,5,charniere,53.90908247805241,0.9389935582455877,0.7611414614994436,0.7538881890819974,42.85598191548524,0.3762851372485911,2258.4077514584724,2287.054311225184,1.268440552783779
77,0,charniere,26.283801867887455,0.5721153738817563,0.970913430281986,0.878398235321364,58.35221797844576,2.472896585048057,3388.299817483959,4001.051072826001,18.084328080419137
77,1,charniere,26.4361797304121,0.971071161764613,0.970913430281986,0.8279021152315017,54.463970535864625,3.5152936995070436,4112.579943829065,3499.9721175169284,14.895949371910838
77,2,charniere,45.38315116191464,0.5721153738817563,0.970913430281986,0.887127043164421,51.88229358828173,3.352910674662499,3140.1707856860685,2732.0239023664444,12.99760144193723
77,3,charniere,45.69327073735252,0.971071161764613,0.970913430281986,1.0634026311244484,48.59111834483818,0.6095374083675007,2762.9256601789425,2724.797713251408,1.3799845387467
77,4,charniere,53.33215775234018,0.5721153738817563,0.970913430281986,0.9034524725413687,89.96970522462604,0.6500902322187835,2309.9364563459626,2433.045926997187,5.329560919869138
77,5,charniere,54.07757078049649,0.971071161764613,0.970913430281986,0.817713111171832,82.7195168810354,3.884645051031278,2213.2695745159185,2696.8257662878154,21.848047672984404
78,0,charniere,24.700285879173503,0.5805620430031457,0.5289327467575864,0.49624139857948096,86.90551184386031,4.417863531995443,8326.102162578934,11188.908913847481,34.383516985117296
78,1,charniere,25.634343765248406,0.9747677583479615,0.5289327467575864,0.4417132892399582,65.81732661649468,4.139813275655845,8032.521039354752,11286.135250982572,40.50551745444517
78,2,charniere,34.601231586495366,0.5805620430031457,0.5289327467575864,0.497525525743696,51.698938659097905,3.7203127817309656,6962.835922863434,7803.070392397044,12.067417340319404
78,3,charniere,34.54641967416453,0.9747677583479615,0.5289327467575864,0.47503101715700313,85.558636042222,4.815003327419331,7530.868079248111,6886.410871380782,8.557542119788032
78,4,charniere,54.04610956703207,0.5805620430031457,0.5289327467575864,0.4936409145476976,46.28967439710579,4.620037841206357,3753.0970378601983,5164.375332532579,37.60303238727371
78,5,charniere,53.07179050099284,0.9747677583479615,0.5289327467575864,0.5052304313528936,52.00377676318588,1.5269696475990229,4405.9786408766,4647.419904463387,5.47985551602107
79,0,arrhenius,26.572431541399247,0.6462483054069806,0.5884240498016932,0.6410841435876602,58.84754314885355,2.4091971594350454,9361.470446774045,11897.975888551304,27.095160489999053
79,1,arrhenius,25.99900060152056,0.8949576889071903,0.5884240498016932,0.6816518341690436,84.33671666606395,15.92770090223132,,9231.700475678299,
79,2,arrhenius,35.581706136201966,0.6462483054069806,0.5884240498016932,0.6144098543975522,66.20622487764012,5.758051904005402,5980.901081483995,4929.095273966794,17.586075963928575
79,3,arrhenius,35.16259895762831,0.8949576889071903,0.5884240498016932,0.6272607647060631,77.50378889550318,5.993545936901698,3334.317035322742,5880.265974946014,76.35593474322513
79,4,arrhenius,52.222639547967624,0.6462483054069806,0.5884240498016932,0.6395836578149633,89.84439965002625,4.737678431133912,1272.485553922849,1720.30503934272,35.19250053875443
79,5,arrhenius,53.514834618878815,0.8949576889071903,0.5884240498016932,0.6386498853213958,47.126342922673366,17.544589185685254,1844.4650040421077,992.9017725496863,46.16857623355487
80,0,arrhenius,28.011134371487167,0.563005814281613,0.65967196949216,0.6780675159033225,66.84531667642553,10.555080552664112,4411.375721840948,2847.4644540813474,35.45178117603077
80,1,arrhenius,27.60050122371035,0.9039895613394318,0.65967196949216,0.685459152012381,61.963892660516024,4.570372563312377,2619.0931177472494,3627.0484667072565,38.48489930083036
80,2,arrhenius,34.39602165363036,0.563005814281613,0.65967196949216,0.6834816076148379,91.8967749330725,2.2470958611475798,3676.3059803193223,3243.983504097437,11.759697874341073
80,3,arrhenius,33.800089409374664,0.9039895613394318,0.65967196949216,0.6809298073481092,56.009848213796595,1.549438425288139,3242.019282894865,3219.7106652359457,0.6881087283046395
80,4,arrhenius,53.4216383425668,0.563005814281613,0.65967196949216,0.6934983550109027,45.248567823706246,7.253610900755177,2307.9982681262695,3965.626837623219,71.8210491051487
80,5,arrhenius,53.7020771261443,0.9039895613394318,0.65967196949216,0.6985956698667614,68.55479668367833,14.959494454579808,4108.141576288697,2312.852827885706,43.700751667493854
81,0,arrhenius,27.941251029333475,0.6326281268635938,0.5237162765783323,0.6479968393173847,67.05854058540929,2.404894422316926,11909.948268979397,,
81,1,arrhenius,26.124596625512556,0.9270681402299915,0.5237162765783323,0.6457649736094406,89.31672549996036,0.6770182070059158,,,
81,2,arrhenius,34.47093826170191,0.6326281268635938,0.5237162765783323,0.6314503508850334,63.89627236875115,3.3385366411868977,7541.320689904487,6757.891841400799,10.388483406526637
81,3,arrhenius,35.64320453726263,0.9270681402299915,0.5237162765783323,0.6569346709213242,80.67436903927184,1.349052108966494,5453.010532438459,6625.019463192426,21.492878544466546
81,4,arrhenius,39.57679715762686,0.6326281268635938,0.5237162765783323,0.6451784978120858,84.81000152529171,1.3056751210546982,4445.963718081803,4742.802084097702,6.676580935841954
81,5,arrhenius,39.57264626306165,0.9270681402299915,0.5237162765783323,0.6611400317071577,66.17857280921855,0.9822304646009897,4654.676865498522,4643.895246201458,0.23162981252210516
82,0,arrhenius,46.67617185493434,0.6039266140464525,0.48801369576803966,0.5857207872709709,76.97353214699353,2.2342880283951607,5691.0080836405095,5137.407849557133,9.727630429392068
82,1,arrhenius,26.44693369170521,0.6039266140464525,0.48801369576803966,0.5934951747516451,89.71209856220715,0.6632010602565611,,,
82,2,arrhenius,41.042335363103554,0.6039266140464525,0.48801369576803966,0.5838500480693406,66.56238888716676,1.1086576050218813,8713.450892558867,8225.168252288433,5.603780250685968
82,3,arrhenius,52.46193184813282,0.9157527449350142,0.48801369576803966,0.5742219793050057,68.19085435507209,1.4158975167331354,3155.6320099211957,3355.1182265969233,6.321593140408954
82,4,arrhenius,54.7281896206382,0.6039266140464525,0.48801369576803966,0.5863970826495873,44.14995411589708,1.6511032932737308,2523.4472344979495,2787.796815379867,10.475732453130172
82,5,arrhenius,27.031511685486024,0.9157527449350142,0.48801369576803966,0.5895633550491755,93.93111372188034,1.0972040578442048,,,
83,0,arrhenius,25.65564190898042,0.5055310721687485,0.46947496655194976,0.391419718024927,55.046650024196666,38.22248598796869,9409.473823388298,6699.871558328805,28.79653332287799
83,1,arrhenius,55.10786801562434,0.9985948384076735,0.46947496655194976,0.35258297459770177,45.36629787595571,3.3740494831834145,1867.1940192610227,2836.842701284651,51.93079412322588
83,2,arrhenius,44.574062693047324,0.5055310721687485,0.46947496655194976,0.3979054432975956,79.6154793495678,12.394623520072255,3406.6172792761627,2949.638407088841,13.41444708119429
83,3,arrhenius,26.45632905582442,0.9985948384076735,0.46947496655194976,0.40807437998745727,58.84005961248029,8.968704040739418,7485.223740445826,6792.640948443891,9.252666533661744
83,4,arrhenius,35.58401364292332,0.9985948384076735,0.46947496655194976,0.36880188216625814,91.574361294949,2.1929843110581997,4462.677637946711,5282.766235822394,18.37660401240651
83,5,arrhenius,44.807017597955266,0.9985948384076735,0.46947496655194976,0.35655349431295075,61.0800682669868,2.754617697923897,3093.142720216812,3534.721971288573,14.276071006539551
84,0,charniere,25.49006204872251,0.5909939875323373,0.6169765956904381,0.6495418225753912,63.022501217382874,2.935947391547839,3779.408024847753,3263.127201818818,13.660362142289006
84,1,charniere,24.92723750681609,0.9161734664370791,0.6169765956904381,0.645214255421404,65.0116006283236,5.889101058666397,2845.268986229178,4284.812415476557,50.5942825165082
84,2,charniere,47.798645665190655,0.5909939875323373,0.6169765956904381,0.6654755615244995,63.23796755741041,10.530958394466783,4642.101434385524,2898.2063780800813,37.56693129081275
84,3,charniere,48.06971080224804,0.9161734664370791,0.6169765956904381,0.6531190056736726,46.80723147452244,2.724778666769305,3556.447904832541,3070.229133610736,13.671471767128251
84,4,charniere,55.7143280720658,0.5909939875323373,0.6169765956904381,0.683706001804755,66.76992888404907,1.08787799432692,2900.0962011777046,3029.0382823274863,4.446131169628764
84,5,charniere,55.07435570809215,0.9161734664370791,0.6169765956904381,0.6055525133887362,88.42373926324726,9.270955388668696,1968.0586376570707,3684.48887689173,87.21438509972602
85,0,arrhenius,33.31505685112826,0.5027583987883766,0.5065340183148005,0.49873075522923804,88.07976201123304,3.2023576334040755,5251.996011720816,5532.327266448716,5.337613625415714
85,1,arrhenius,54.66766825272724,0.5027583987883766,0.5065340183148005,0.47860339511316785,93.4854143395214,4.125255420631657,2124.522354673793,1940.3015333598628,8.671164175263108
85,2,arrhenius,26.819598145358817,0.5027583987883766,0.5065340183148005,0.483209933518054,90.94012759363311,19.494335398412662,8837.280442121897,7347.291631000624,16.86026397916954
85,3,arrhenius,53.53054528247015,0.8647242682367536,0.5065340183148005,0.4965309039253548,69.37769632699127,5.402598236644704,1817.7835825824939,2481.4938886466953,36.51206405557254
85,4,arrhenius,37.15412797063986,0.5027583987883766,0.5065340183148005,0.44133144702851607,53.99103708078062,1.1230161704753159,4877.337554778556,4855.957586881764,0.43835325434561306
85,5,arrhenius,27.125946068011658,0.8647242682367536,0.5065340183148005,0.494555979169277,50.54970913812023,1.9601472271558673,7727.973651142362,7981.705158814498,3.2832863972644253
86,0,charniere,53.96162821717843,0.5627812857321314,0.7180551184634218,0.8139045110481736,68.8671756841533,5.381920136142678,1572.433402348244,2175.120812283565,38.328326594644864
86,1,charniere,31.850433350832407,0.5627812857321314,0.7180551184634218,0.8019479997493718,92.57578489674576,2.652065828936396,2806.5946326415255,2415.0513529778123,13.950831199844435
86,2,charniere,26.141309444535818,0.9350730285367321,0.7180551184634218,0.8267242799724824,57.06614988978834,1.1055414272302482,2663.913348907659,2503.014624444012,6.039938368476723
86,3,charniere,24.896116279907332,0.5627812857321314,0.7180551184634218,0.7967377879409374,91.99855553254207,1.2973239934309075,2710.7721390238744,2786.079875221818,2.7780917146751114
86,4,charniere,44.804823661972776,0.9350730285367321,0.7180551184634218,0.8206965681133692,64.43054300749091,1.1199953594044474,2188.4172759666003,1999.8233686823517,8.617822083356966
86,5,charniere,44.598091587760145,0.5627812857321314,0.7180551184634218,0.8220664490131081,63.620171170679704,4.618116058093735,2421.900595390457,1955.040813762495,19.276587260291553
87,0,quadratique,53.229287607046935,0.935277151301747,0.4715726835137817,0.49378030307433585,66.30511688508453,7.899027274804423,2482.674063562104,1862.0217368980354,24.999347911725707
87,1,quadratique,39.595882385227526,0.935277151301747,0.4715726835137817,0.5089816742250474,86.99788883628183,1.3805915102788693,4241.771170458236,4820.05895154609,13.633167793570095
87,2,quadratique,26.993839254165295,0.6018625216856409,0.4715726835137817,0.5084187757893004,49.036354814285616,6.917160422557198,6841.078022546009,,
87,3,quadratique,26.252087080389764,0.935277151301747,0.4715726835137817,0.544818085221626,83.37407588216305,44.06583799666209,,6702.034969818699,
87,4,quadratique,53.99361273562821,0.6018625216856409,0.4715726835137817,0.5095877790257161,65.30560233426975,4.605143215942248,1542.9846473615178,2173.2320468720127,40.845992900072545
87,5,quadratique,48.537376412664905,0.935277151301747,0.4715726835137817,0.49279052717178745,68.84773123475105,4.296232765818791,3073.518876816748,2575.1824658297583,16.21387181793132
88,0,charniere,25.738578329199523,0.5735770713365461,0.6105959619348982,0.6778899065626964,46.75846518619952,1.7273321541555458,3615.188923660097,3831.435490347126,5.981611784429129
88,1,charniere,25.295644489722466,0.9441100916288275,0.6105959619348982,0.696556423952005,60.96386147475513,2.6886900003608654,3495.2072335111448,4006.741996219393,14.635319983427165
88,2,charniere,31.701352688818858,0.5735770713365461,0.6105959619348982,0.6929741265610025,57.741216469238886,6.450428527525167,3905.4456369120094,3114.7500064609208,20.24597712941877
88,3,charniere,31.493035226775866,0.9441100916288275,0.6105959619348982,0.6730203779743118,69.6571587474014,1.912813858393527,3414.075170262203,3233.8621074994894,5.278532363095947
88,4,charniere,54.55390937987803,0.5735770713365461,0.6105959619348982,0.6745993600534944,83.84677302394613,1.6890719745750904,2032.8567011385528,2121.91829046476,4.381105135267333
88,5,charniere,53.698146702576494,0.9441100916288275,0.6105959619348982,0.6804934570129245,50.53889587774623,0.4764312833814276,2001.8352684770625,1935.1964023673827,3.3288886033253244
89,0,charniere,25.292300557597734,0.5892525115754315,0.8817771140567254,0.8528453149054829,52.08059525893304,10.319999328188084,7351.47651712793,4487.882424002575,38.952638785604144
89,1,charniere,24.935489684432184,0.8933995477811789,0.8817771140567254,0.8505761769860086,94.49983911264432,1.9751937895492029,7316.12382516397,7801.442537896554,6.633549736587565
89,2,charniere,46.21575196508353,0.5892525115754315,0.8817771140567254,0.844786767609641,43.26547581963993,0.9187065230936203,3132.9911374602316,3341.5721881377667,6.657569125670173
89,3,charniere,45.520500668128214,0.8933995477811789,0.8817771140567254,0.8769320777404648,55.253781959621286,4.285874154363446,3948.3097382062792,3164.7174830522044,19.846271116259018
89,4,charniere,52.12455895815651,0.5892525115754315,0.8817771140567254,0.837476051772635,46.299725171100405,3.62096511904018,2278.6212507296177,3128.642506401887,37.30419241021699
89,5,charniere,52.776178387485565,0.8933995477811789,0.8817771140567254,0.845430036451207,44.18339486599115,1.7307805165876797,2672.414038030807,2866.7427944560395,7.271656025591949
90,0,charniere,27.42076426583709,0.5568506701818157,0.42454976982702863,0.5083887325390524,83.91962571045968,1.5474397159292783,,,
90,1,charniere,28.5551371594783,0.9272645763928046,0.42454976982702863,0.5329982722311617,82.67442476045365,1.0832354946482323,,,
90,2,charniere,52.22826219690673,0.5568506701818157,0.42454976982702863,0.4815255792790038,81.1238986697355,3.4053075576766334,3268.8617142710555,3930.3407151645542,20.235759683734624
90,3,charniere,44.10923747937987,0.5568506701818157,0.42454976982702863,0.4923802623893245,45.29884965080545,6.187816899381388,6719.221933242841,5009.425378589133,25.446347384280006
90,4,charniere,51.9687695380364,0.9272645763928046,0.42454976982702863,0.48763615573702185,59.54173739477454,1.4771362785646727,3446.1213670703846,3750.332841435532,8.827648302583244
90,5,charniere,44.08618636989788,0.9272645763928046,0.42454976982702863,0.519995337230698,94.23799583572688,3.5570687807961257,6959.804254622834,5806.5453037254565,16.57027854097134
91,0,arrhenius,27.438580732900927,0.6070941207479117,0.7021792154209459,0.5262075514588048,58.077489784629726,10.148709613173917,6392.74317318928,5360.480499305943,16.147413495548747
91,1,arrhenius,26.60412901493363,0.8568685946865766,0.7021792154209459,0.578983092600656,55.45809695872368,3.629283138680112,5738.0141433515955,6059.247118878935,5.598330145274025
91,2,arrhenius,44.451783164071195,0.6070941207479117,0.7021792154209459,0.5397755983530313,58.51121129173929,4.033002694798649,4233.050210387072,4874.552441911133,15.154609551994943
91,3,arrhenius,45.15744677632551,0.8568685946865766,0.7021792154209459,0.5135362518549965,42.15802413501956,5.132680292845793,3960.99755877135,4896.310841003792,23.613073937934058
91,4,arrhenius,51.76225090543235,0.6070941207479117,0.7021792154209459,0.5764148199348165,87.57491275778922,5.113154853202765,3657.482344196419,4415.569483974015,20.72702117019118
91,5,arrhenius,51.72537275838909,0.8568685946865766,0.7021792154209459,0.5451922929640718,94.83504594164752,2.5670765003766105,3746.5756373101462,3636.576815764025,2.9359829400133206
92,0,charniere,27.488675506921847,0.6191350512141631,0.5289846829383164,0.5370516700474777,49.35284528443,1.88899642996885,5862.246741859891,5530.422150980862,5.660365479153339
92,1,charniere,27.53286929026091,0.8529654320564596,0.5289846829383164,0.5384027642374087,81.84213450391029,1.8664995075671813,5657.800519550185,6049.783003288164,6.928177873778117
92,2,charniere,39.08562196541574,0.6191350512141631,0.5289846829383164,0.5451338663341788,81.09135955785952,0.8108982258506868,3207.2526674866303,3194.8641131762347,0.386266864347297
92,3,charniere,38.800763119719406,0.8529654320564596,0.5289846829383164,0.5394886368299979,48.66683442454669,7.152076398955215,3959.4772540522836,3100.4437383027075,21.695629514487237
92,4,charniere,53.67796604686598,0.6191350512141631,0.5289846829383164,0.5356126055183494,92.59732103696182,1.4647150758640997,1566.51980709681,1645.190844302392,5.022026331820278
92,5,charniere,54.08786941670361,0.8529654320564596,0.5289846829383164,0.5235845622122455,84.86956139785671,4.320025147564751,1381.629296454715,1860.0619562147685,34.62814960479778
93,0,charniere,48.05891418420736,0.521657737615913,0.819072571584234,0.604736891499247,86.87700511709312,7.067204589506087,1108.6563198990307,1583.983152750097,42.87413730653301
93,1,charniere,39.175005431417226,0.9088819056782159,0.819072571584234,0.6328300345940651,53.44708834822201,23.847274846297196,1955.7285324339305,1684.6229045158157,13.862129811069442
93,2,charniere,47.49626108608078,0.9088819056782159,0.819072571584234,0.6024219090550079,41.31948452879311,45.335279142564985,1839.164973974884,1261.1790789630556,31.426538847282416
93,3,charniere,52.644703900706105,0.9088819056782159,0.819072571584234,0.6560442173403188,67.69756531311664,4.879918396676501,1251.018080745995,1192.5146922576757,4.676462266111533
93,4,charniere,25.896407248963,0.9088819056782159,0.819072571584234,0.6425790986221268,63.87654483521087,20.15822759677123,2809.9648603685946,2488.8622631548956,11.427281591399641
93,5,charniere,25.481818104861045,0.521657737615913,0.819072571584234,0.6260914058130427,59.51024289043577,3.935921612315192,2456.7854325887943,2889.391176052869,17.608609108701206
94,0,quadratique,26.285755425957763,0.5918130767676074,0.4315325168469732,0.52025770435004,54.04969981797154,6.148182355293175,8674.65300093088,,
94,1,quadratique,27.291865564376156,0.9167754403344185,0.4315325168469732,0.5207439084430657,83.43390087878441,14.4554825607968,,9659.711384202754,
94,2,quadratique,33.08748091046715,0.5918130767676074,0.4315325168469732,0.5234838085341418,69.41914136472319,1.9670961529211584,,,
94,3,quadratique,33.83919912118575,0.9167754403344185,0.4315325168469732,0.5296709942911072,53.340372159126645,3.832690094863453,10249.049822463274,,
94,4,quadratique,53.62564918507807,0.5918130767676074,0.4315325168469732,0.5208638326686783,76.0007605950609,4.241924938788399,,11269.835293053031,
94,5,quadratique,52.72859335918019,0.9167754403344185,0.4315325168469732,0.5191932150505013,71.99442504844126,1.6081472707238704,,,
95,0,charniere,47.106061117578705,0.5790289849890525,0.5916914275711594,0.8322559769596841,82.04644557616845,7.418230715411313,6638.570711156008,4820.042697688526,27.3933666235034
95,1,charniere,32.99584624444844,0.5790289849890525,0.5916914275711594,0.790236843707902,80.65638778536912,6.074990027095801,5654.221630999766,4109.8093593064705,27.314321448347894
95,2,charniere,52.22115832335103,0.5790289849890525,0.5916914275711594,0.8338163058457234,64.47828680650882,4.774691224515548,6028.9041879141805,6430.126035296658,6.654971365887446
95,3,charniere,47.516904441815726,0.9721056923942903,0.5916914275711594,0.7929275158003649,56.10318645689776,1.0151054691491637,5063.182050906025,5527.940167630997,9.179170570053001
95,4,charniere,32.78161571319224,0.9721056923942903,0.5916914275711594,0.8126718563086979,68.39215618816303,4.345439729031079,3258.785059150806,4246.613022613502,30.312768271992457
95,5,charniere,26.007224467814208,0.9721056923942903,0.5916914275711594,0.8168296385111902,69.60439046432387,6.514312792275487,4274.421265436692,2946.507655442762,31.06651234242035
96,0,charniere,25.777021192144552,0.5385478638767512,0.5577971342587096,0.5295614985431061,90.41029815588078,2.1954056445738424,9373.254880664444,10618.637761137024,13.286557298698979
96,1,charniere,26.926210104111547,0.949746648884814,0.5577971342587096,0.5252971963780522,68.95937237580429,1.924142039377341,10327.175353950157,11563.042579016661,11.967137021584353
96,2,charniere,46.55257647183699,0.5385478638767512,0.5577971342587096,0.5185405854840885,39.95082609392984,1.3801157623807176,6923.216104493574,7161.1744773613245,3.43710739743198
96,3,charniere,45.782638458674256,0.949746648884814,0.5577971342587096,0.5378277556164431,66.31899227970867,3.1032255155941018,7777.701912739459,7172.704794919828,7.778610245124955
96,4,charniere,54.46581223168882,0.5385478638767512,0.5577971342587096,0.523181692239612,46.5961704532472,4.232306905019961,5221.242357915836,6700.941640280003,28.339984642176606
96,5,charniere,54.559755728803175,0.949746648884814,0.5577971342587096,0.53384330117707,85.90713827183926,2.533925081676897,6339.572775687411,5788.027688215526,8.700035585790406
97,0,charniere,25.697655650556975,0.6085287057260913,0.667141958064601,0.7081015059985856,56.871842221024984,4.811428769821853,3975.510988893959,5701.044878138141,43.40407796795573
97,1,charniere,24.78830924129525,0.9896611389166209,0.667141958064601,0.6948363338814524,97.53735334841912,4.136081472618998,4433.275441973581,4100.988237954049,7.495297965776896
97,2,charniere,34.52107273224241,0.6085287057260913,0.667141958064601,0.6656569306734647,44.5162049619288,3.990237208336028,3232.2476870303803,3896.269547362165,20.543656446757435
97,3,charniere,34.92550920060697,0.9896611389166209,0.667141958064601,0.6696186950235357,48.90045267789918,1.9690913911094812,3399.427849110644,3833.234266014582,12.761159705667241
97,4,charniere,53.44890508429935,0.6085287057260913,0.667141958064601,0.6692598119549206,67.2169198444964,0.6662631913739673,2073.141209689818,2063.3568424304226,0.4719585532168983
97,5,charniere,53.66759696334523,0.9896611389166209,0.667141958064601,0.6872620818409189,55.84482698626723,3.717775302119595,2247.5813379099095,1890.9339725010068,15.86805155361182
98,0,charniere,26.92132925371515,0.5256978535945983,0.4277355805532239,0.4029478685205801,90.03393138101615,2.2924422226920993,,,
98,1,charniere,26.880246907099767,0.8759883092900307,0.4277355805532239,0.3831587317019001,82.032015881363,0.8845003248932474,,,
98,2,charniere,38.47373948145406,0.5256978535945983,0.4277355805532239,0.41159306195990886,58.37008841479168,2.022806884991243,8822.484645784338,9702.14388887267,9.970652014777503
98,3,charniere,39.31916696546567,0.8759883092900307,0.4277355805532239,0.4010417538370812,62.3313139533022,1.4118165926339254,9354.398447184025,9133.362866586285,2.362905341756941
98,4,charniere,54.021099035039924,0.5256978535945983,0.4277355805532239,0.38052248754991447,53.54980465993395,8.077090186789558,4368.972216394673,3196.8146811134816,26.829136859297066
98,5,charniere,54.25709253072482,0.8759883092900307,0.4277355805532239,0.39238616453116026,65.30951379010035,4.954890978993022,2914.480737622958,4072.521996237539,39.73405086077448
99,0,charniere,42.462308228550846,0.5313399338297767,0.8788661445497488,0.8579042930572223,54.7095616142853,3.212928252246296,3760.374773818227,3114.4209512483553,17.177910751538736
99,1,charniere,41.9968355191371,0.8688600014995946,0.8788661445497488,0.8585583045949535,41.042670122536144,4.598341992826827,4003.2695679335625,3125.058978192844,21.937333343106342
99,2,charniere,38.901393687715455,0.8688600014995946,0.8788661445497488,0.8511952548834162,48.99942857772381,9.89989409585188,5094.698563014707,3392.9461286512205,33.40241651817182
99,3,charniere,53.7396118195013,0.8688600014995946,0.8788661445497488,0.8346408792285254,49.31947208481023,1.5623883721895995,1974.5177000085407,2168.8432065098,9.841669512530514
99,4,charniere,26.455522772725214,0.8688600014995946,0.8788661445497488,0.8370030750550967,48.04715239531168,11.77126803035867,4401.319639589685,11993.238433004355,172.4918755076473
99,5,charniere,55.25540410308606,0.5313399338297767,0.8788661445497488,0.8770408934963818,86.82523687827982,7.957910165109049,1388.0875514263,2469.3510211069956,77.89591287449169
100,0,charniere,25.904530512337722,0.6084840028990676,0.7325141151111647,0.7873451289739444,89.20255822851975,11.826219771151203,1497.8441711928863,3011.2065149312016,101.03603384409945
100,1,charniere,26.315144242528113,0.9903422107373865,0.7325141151111647,0.885663041195806,59.91416766644167,13.837592356179924,3044.1451538356373,1813.6096939296467,40.42302182455097
100,2,charniere,48.51006579760075,0.6084840028990676,0.7325141151111647,0.922782127598572,83.98574893303679,1.3800850876326962,1985.2319115590865,1974.220933144796,0.5546444397845268
100,3,charniere,49.068115411805294,0.9903422107373865,0.7325141151111647,0.8803859141246109,49.35101655993928,2.0114087498331696,2093.2494023255913,1865.4984663961704,10.880258017816248
100,4,charniere,54.693252958950225,0.6084840028990676,0.7325141151111647,0.7983961945072348,64.44375562641905,3.8227914566138153,1492.573333994566,1999.8615335273544,33.98748912223534
100,5,charniere,54.197087428307654,0.9903422107373865,0.7325141151111647,0.8764170622850692,51.35978306251573,3.7238053803135114,2107.5601779815497,1764.3626485540221,16.284115301334566
101,0,charniere,31.161996633240946,0.6257962719951486,0.6104288568300392,0.6350850289783738,63.66440263293241,1.7428583402069473,2109.4895217143808,2025.5588215980908,3.978720882580137
101,1,charniere,25.811878255329834,0.6257962719951486,0.6104288568300392,0.6295071932871964,83.44949788923407,3.4334064653463536,2227.3979483744765,2700.0722352157327,21.220917761292146
101,2,charniere,36.039602598509404,0.9591743926365102,0.6104288568300392,0.6388406275551769,54.172365581701975,4.163696302031479,1864.3324185723206,1688.4326964873835,9.434997768243427
101,3,charniere,36.686264387301584,0.6257962719951486,0.6104288568300392,0.6420339997969048,43.91917539677541,15.55769816486718,2026.4812328453381,1599.8475700540835,21.052929377106917
101,4,charniere,52.35011377144875,0.9591743926365102,0.6104288568300392,0.6311676066194231,62.40797317808651,6.460687545449731,905.1987942690988,1654.8784342742395,82.81933700657082
101,5,charniere,31.00954015740199,0.9591743926365102,0.6104288568300392,0.6408746096119732,82.30239892758686,3.0624108994096746,1738.9629171405813,2077.1279552434903,19.44636281600311
102,0,quadratique,24.57713593836442,0.5693722718095012,0.9968134236944127,1.1423458673600968,66.67823503054552,2.6471664647604998,3219.8040648599567,3423.71425204483,6.332999868230875
102,1,quadratique,25.72875943472335,0.907192171861569,0.9968134236944127,1.1489897420678208,77.77217934266888,1.8597513073324512,3398.2898886232865,3206.1570197580054,5.653810450618088
102,2,quadratique,35.54230793086756,0.5693722718095012,0.9968134236944127,1.1876905690923265,58.813906414359174,1.6866205903522837,2141.243587621842,1952.0320514394973,8.8365255254537
102,3,quadratique,35.1685563450457,0.907192171861569,0.9968134236944127,1.1945483380706707,51.31319882125587,2.9372757278410537,2202.51928849176,1980.9383017233727,10.06034262338386
102,4,quadratique,39.45188826653445,0.5693722718095012,0.9968134236944127,1.1871312068604523,89.20118659632189,4.327752667173175,1944.0199319754945,1918.7121301503482,1.3018283099303785
102,5,quadratique,39.44337406218716,0.907192171861569,0.9968134236944127,1.2145157905371136,44.68975878040962,4.479728818299604,1867.1369163120921,1562.0901423409932,16.337675684417256
103,0,arrhenius,24.656168139682336,0.5829906148950923,0.7789897326681986,0.7257106091659408,98.14728341310591,9.948729717502038,,,
103,1,arrhenius,25.322444337290253,0.9803847423169236,0.7789897326681986,0.7389769961781988,74.67919426316065,9.909429270666802,,,
103,2,arrhenius,38.38346667212862,0.5829906148950923,0.7789897326681986,0.720381354790484,92.24650854065962,3.916900787261379,6327.917063778389,9892.027836996722,56.323601230800705
103,3,arrhenius,38.62112070968298,0.9803847423169236,0.7789897326681986,0.7149695001088182,40.133561869876225,9.93946104988742,3992.608479321275,9924.340346601992,148.56783223305393
103,4,arrhenius,53.717551262980905,0.5829906148950923,0.7789897326681986,0.6774058868483411,42.052728224660235,15.254347950437662,2490.8657828229525,1285.0618462259597,48.409028897190474
103,5,arrhenius,53.762218859618216,0.9803847423169236,0.7789897326681986,0.7343357936455865,66.6189457501018,11.01020174699794,2557.6164970406253,1370.6005175869466,46.41102295153143
104,0,arrhenius,43.18229941031787,0.5986798266158408,0.46020275786294884,0.49898274434086787,46.242687431961095,1.5210333052632834,2440.8653376257294,2348.5494515003934,3.7820966483605023
104,1,arrhenius,26.204277434536827,0.5986798266158408,0.46020275786294884,0.5146377042351845,55.31250811892269,1.3082899850277165,3574.559965436545,3741.9450582828426,4.6826768739311255
104,2,arrhenius,42.78877270778718,0.9331382073903256,0.46020275786294884,0.5083966574911245,57.81486951313649,2.515674748253288,2599.7241459012557,2333.0055768477914,10.259495011190891
104,3,arrhenius,46.945165665258976,0.9331382073903256,0.46020275786294884,0.4883244361741898,56.66894795711691,6.3777062595310925,1529.7358568513464,2511.90459987366,64.20512002927816
104,4,arrhenius,46.77161484340144,0.5986798266158408,0.46020275786294884,0.4922184667259021,56.998095257460285,9.599616131802145,2659.997635238011,1997.7198853377738,24.897681904930636
104,5,arrhenius,27.213038746531943,0.9331382073903256,0.46020275786294884,0.5421417777072826,48.77402629130997,1.342949377225575,3604.3985793481834,3597.5246169351367,0.19071038515084993
105,0,charniere,44.623883124173375,0.6467928975484172,0.7697408268004837,0.8660152923034612,77.18726652553744,2.125472145139251,4838.996811495088,4570.948659469501,5.539333098728974
105,1,charniere,52.115549886215824,0.6467928975484172,0.7697408268004837,0.793454617459459,65.11159983542275,3.597590980152638,3772.239980526781,4853.1715968283,28.654900586430088
105,2,charniere,37.00904516387077,0.9332391797387154,0.7697408268004837,0.8033455701613875,58.34086334371406,0.9549312806428215,5405.697022471018,5185.336337470596,4.076452751317753
105,3,charniere,36.234791363381895,0.6467928975484172,0.7697408268004837,0.7921495025826877,61.94701527046919,4.698424201841062,6279.1125662163095,5093.738638392941,18.878048694350063
105,4,charniere,28.367884603862233,0.6467928975484172,0.7697408268004837,0.8290551815811497,64.99761559661002,1.0129061210194352,5767.902572771,6069.779988993319,5.233746798141422
105,5,charniere,28.041628785633957,0.9332391797387154,0.7697408268004837,0.7914748459366759,58.52146624452445,2.9110494053452323,5456.5256028313825,6329.899719296417,16.00604817123633
106,0,arrhenius,31.49143645726684,0.5648464377129434,0.6253631881785586,0.5876015063580554,54.83534013274574,2.791096471119873,9009.720103615302,7873.352822303582,12.612681284690892
106,1,arrhenius,41.50089730865644,0.5648464377129434,0.6253631881785586,0.5653754117815827,42.28128968412795,2.489649886428477,5304.729752507195,5935.4897575728055,11.890520997181648
106,2,arrhenius,54.617896890475436,0.5648464377129434,0.6253631881785586,0.52960889290254,65.49193199839573,1.1261868870433611,3609.994584623725,3837.568817498732,6.304004827163126
106,3,arrhenius,26.30002935753311,0.5648464377129434,0.6253631881785586,0.5732752137280027,61.889323491519775,1.658578046895674,10285.184816616986,9506.679899763247,7.569187435465118
106,4,arrhenius,26.653325532814996,0.8651716922273076,0.6253631881785586,0.5845302506307524,56.45264254225572,0.5138612615587316,9451.981268330695,9759.753670704718,3.2561681369939732
106,5,arrhenius,54.96560448371654,0.8651716922273076,0.6253631881785586,0.5844158012153228,47.59039763017931,0.5267126946144434,3744.699342332628,3587.4597670195067,4.198990651547863
107,0,charniere,26.455253815853144,0.5421242845367442,0.5689493832911257,0.6866181624482153,67.81660257889237,14.020370097749392,8899.634213785916,6095.41850934816,31.509336643228604
107,1,charniere,26.626333262385824,0.9136127068573714,0.5689493832911257,0.6489644349446356,89.32493851663199,12.94377152769388,9599.83972465105,6913.128888086435,27.987038467585208
107,2,charniere,30.616701304820864,0.5421242845367442,0.5689493832911257,0.6435483929500102,92.0231766733142,3.3724625305578533,7792.610691636771,7051.755711225201,9.507147344171505
107,3,charniere,30.410887264684188,0.9136127068573714,0.5689493832911257,0.6578865371339371,93.16848817592223,3.3602361974002997,6075.4161569658345,7586.353140323493,24.869687019304465
107,4,charniere,48.15686374379874,0.5421242845367442,0.5689493832911257,0.6485750977027017,94.3238543217588,0.6703137758318819,5812.991707694932,5916.043313986657,1.7727808927597586
107,5,charniere,49.30435971562858,0.9136127068573714,0.5689493832911257,0.6504148531170524,53.0632925993792,10.313058237813246,6076.231557417116,5109.474844759704,15.910465286289401
108,0,charniere,26.85845157680054,0.6026920848693478,0.7822550275635627,0.8028872186251252,82.20922036292232,0.8128540609560354,2469.385685557105,2681.786917418196,8.601379407979055
108,1,charniere,26.27186392298158,0.9802049976021165,0.7822550275635627,0.7919742101115463,82.10759440658677,1.0047264506818707,2607.1934075529375,2755.78179903323,5.699170266764169
108,2,charniere,43.5661724975592,0.6026920848693478,0.7822550275635627,0.7744480356917368,55.66652484498029,1.0224569000975907,1810.5576378813698,1902.4106490231438,5.0731890120469245
108,3,charniere,42.890630774256316,0.9802049976021165,0.7822550275635627,0.8216430067736414,81.40287590357666,1.1433775910276243,1761.770244676715,1773.8283033257499,0.6844285561905079
108,4,charniere,53.22500703836285,0.6026920848693478,0.7822550275635627,0.7899881427579171,79.64027564788974,0.9202471466965539,1336.669745929906,1323.8562921175455,0.9586102963261315
108,5,charniere,52.02182402675881,0.9802049976021165,0.7822550275635627,0.7879703529692756,88.17488475875489,1.1901061864443105,1446.1013008530958,1434.658312627819,0.7912992138604888
109,0,arrhenius,35.040651114774015,0.9197996705712823,0.7110216263879614,0.7542956101757201,47.862761125782875,2.98455679807262,2131.861525613469,2427.804682624653,13.881912753504148
109,1,arrhenius,41.725229482301465,0.9197996705712823,0.7110216263879614,0.7445134667088955,61.730889158729724,25.23796684220594,2569.342030427416,2089.209676405923,18.686976990043707
109,2,arrhenius,27.984899475461244,0.9197996705712823,0.7110216263879614,0.7419681339691594,50.82530886996304,42.722606025937694,3116.387051088984,1996.0166021182717,35.95094032300039
109,3,arrhenius,41.72236645972971,0.5315255257862495,0.7110216263879614,0.7468607173916608,61.67965605701296,5.317810585410109,1469.1985600579558,2324.6098220373697,58.22298532239715
109,4,arrhenius,51.59579345258842,0.5315255257862495,0.7110216263879614,0.7454145796011652,80.34008804787834,3.053604891487489,1739.3542679348388,2048.657481567571,17.782646085088363
109,5,arrhenius,52.90104079223826,0.9197996705712823,0.7110216263879614,0.7427350274177932,56.670888077743975,42.15970125291841,2395.5181017400087,1554.6584289492441,35.10137002012206
110,0,arrhenius,26.805987126300334,0.5485569142075001,0.5883117596154555,0.652807657011762,48.03100960855538,5.248975233300402,6381.846835603699,5507.007218066803,13.708251546499856
110,1,arrhenius,26.513534920950267,0.8618369392946701,0.5883117596154555,0.6718868656692129,60.2088949104347,1.5394252947880285,5863.221770888541,6028.542858039071,2.81962875720248
110,2,arrhenius,47.64283206586022,0.5485569142075001,0.5883117596154555,0.6611169827152664,58.93034284556652,3.83721796041167,4290.066846415479,5317.020164497483,23.937932783962673
110,3,arrhenius,48.58778873265171,0.8618369392946701,0.5883117596154555,0.6776405533753319,48.82644138089333,1.3565982775606638,4960.134928769981,5040.827045846552,1.626812944312
110,4,arrhenius,54.01836376846948,0.5485569142075001,0.5883117596154555,0.6929043933299879,64.76688308873692,2.660880357090005,4485.443373348243,4872.010990101857,8.618269913974041
110,5,arrhenius,53.697679048508924,0.8618369392946701,0.5883117596154555,0.6785960946268047,94.64567962922932,14.499876006578004,5623.681160071565,4241.6518502812405,24.57517185723127
111,0,quadratique,26.875974112058284,0.5064182456740692,0.9946691392574804,1.1175695915438388,42.07639632614368,1.9101037348060717,5564.342163342532,5740.8108154763895,3.1714198543795415
111,1,quadratique,27.589730305031228,0.9220837888474006,0.9946691392574804,1.0650795825854784,48.36426469854885,1.4541025805863068,5623.563403252121,5406.82911712296,3.854038277648348
111,2,quadratique,38.80274448201736,0.5064182456740692,0.9946691392574804,1.0603050622212058,56.859242606417425,1.9048433342348947,3553.5087496942797,3730.8598755741523,4.990873482304798
111,3,quadratique,39.04940980107615,0.9220837888474006,0.9946691392574804,1.045984266295305,55.24812858212849,1.2608926474789812,3690.0540842941414,3663.970703464781,0.7068563287562201
111,4,quadratique,42.81998452135075,0.5064182456740692,0.9946691392574804,1.132456858828175,41.27848146150521,0.6648944107346746,3273.300030176351,3217.708335179985,1.6983379000968235
111,5,quadratique,42.44312519709745,0.9220837888474006,0.9946691392574804,1.0744074443809248,82.44166218454487,1.680371122359777,3408.6659531882106,3233.5086540570546,5.138587985347374
112,0,arrhenius,26.75304367533769,0.5396962534298873,0.7917543924282608,0.7617565702270856,91.45649131240398,2.2876798303746657,3994.5831824337797,4383.191588038697,9.72838436094726
112,1,arrhenius,27.16312100945728,0.8594900085580756,0.7917543924282608,0.7623752808318398,51.590206821829796,1.3225287470035014,4365.97748899644,4468.658479163882,2.3518442416670275
112,2,arrhenius,45.3320083227641,0.5396962534298873,0.7917543924282608,0.786276317057298,63.88872281880669,2.5305462884199974,3681.778940705649,3377.1831743059747,8.27305960800828
112,3,arrhenius,46.80032019663155,0.8594900085580756,0.7917543924282608,0.7590827104323522,40.13570104517685,3.7964470407031166,2802.936263316055,3561.430868538231,27.06071540580905
112,4,arrhenius,52.576414573780376,0.5396962534298873,0.7917543924282608,0.7553339916237616,54.990876831752935,1.08809299274903,3019.278741058968,3207.7361166208157,6.241801162609746
112,5,arrhenius,52.41503390078538,0.8594900085580756,0.7917543924282608,0.7626685535293053,83.1989359060039,1.6591428561387256,3159.511026326849,2991.6192266906373,5.313853891859887
113,0,charniere,25.82003733614806,0.6307319688900491,0.6626923846942144,0.7082292870390532,52.33950833516409,4.56226978954618,5423.453494302824,4551.787359388174,16.072160217291604
113,1,charniere,24.588879217722965,0.9673004427392488,0.6626923846942144,0.6862213487429465,80.57844871942838,5.585178685235431,4565.726137312939,5847.949429137644,28.083666283570192
113,2,charniere,32.365214240618386,0.6307319688900491,0.6626923846942144,0.7474967166776867,82.4194035317384,6.851476232669896,5723.353068276493,4415.912406310345,22.843963081939744
113,3,charniere,32.18720780887308,0.9673004427392488,0.6626923846942144,0.7053875128886339,94.11483826631792,1.5945959373793033,4986.17785518849,4630.702293958333,7.1292194453163775
113,4,charniere,54.570718536892485,0.6307319688900491,0.6626923846942144,0.6899114467275915,78.27120831751972,0.6382325146364873,3685.422659554501,3568.18989392099,3.1809856416219646
113,5,charniere,54.97624485606931,0.9673004427392488,0.6626923846942144,0.7110371196691979,81.95650926815395,3.0455084386941773,3413.994876484687,3926.589090643036,15.014498635866591
114,0,charniere,26.14888340002554,0.5149702954596997,0.6587671644966082,0.6657760102884791,65.14646635097279,2.1904534425747464,5522.066225433616,5947.269560323132,7.700076701925605
114,1,charniere,26.421301230292475,0.980914808371774,0.6587671644966082,0.6624432984912064,95.39997383007481,1.068491308604258,5298.0915220174775,5473.666933149704,3.3139369224291686
114,2,charniere,30.700821390182554,0.5149702954596997,0.6587671644966082,0.6636261493880752,59.17375147264875,2.043508919050236,5187.210784987419,5597.134614745717,7.9025867031407335
114,3,charniere,30.979771244944,0.980914808371774,0.6587671644966082,0.6601141177163311,48.37607206943035,2.312730129230506,5175.80692630174,5563.362903290424,7.487836824423506
114,4,charniere,54.43478645011997,0.5149702954596997,0.6587671644966082,0.657337957031282,83.99519978062874,0.9970225550421769,4226.658174925227,4139.517246323161,2.0616980365015625
114,5,charniere,54.23798764984721,0.980914808371774,0.6587671644966082,0.6714345917240717,80.773690476196,0.8518968210181149,4176.361056522961,4294.465560960958,2.8279284965923246
115,0,charniere,26.03808064208103,0.5745069476213415,0.4316470096111103,0.5311349428430612,86.18766444905856,2.4594296940077007,5200.664054242792,5052.190735886463,2.8548915447672933
115,1,charniere,26.410864101164908,0.9124871171021967,0.4316470096111103,0.5559638700399975,40.42805369374014,41.578786173911055,4917.665733436092,3088.136699591495,37.203200319316146
115,2,charniere,44.893065261193755,0.5745069476213415,0.4316470096111103,0.5316893462223704,50.768721481071054,3.8948508702208575,3363.286184682839,3133.313131955935,6.837748561934838
115,3,charniere,45.492935042654636,0.9124871171021967,0.4316470096111103,0.5316875389257011,84.9520849171597,11.518391097405724,3430.743224542973,2889.0499078699045,15.78938676604777
115,4,charniere,52.536854140184396,0.5745069476213415,0.4316470096111103,0.5880962405338495,89.67286023441184,3.708131801180123,1682.3717692053858,2505.6659001363523,48.93651605434529
115,5,charniere,52.04903101960179,0.9124871171021967,0.4316470096111103,0.5515072187618123,47.10804993269411,6.192953360059232,1703.9444101651218,3484.5125226942696,104.49684284926882
116,0,charniere,26.568374940646592,0.6195022928866094,0.7761156880736497,0.7820498528960664,59.144396071847964,5.2330239446630795,4148.195556509407,3586.948515554332,13.529907963821955
116,1,charniere,27.287219205491162,0.9594231676591041,0.7761156880736497,0.7372657053178527,64.42704563013244,4.76171853216347,3128.858593358665,4548.84647649393,45.383574896907774
116,2,charniere,43.83105011097445,0.6195022928866094,0.7761156880736497,0.7511710750422183,63.32291999517264,7.462398995197944,3365.138799944797,2690.495797290412,20.047999288036856
116,3,charniere,43.84765664731075,0.9594231676591041,0.7761156880736497,0.752452600317593,91.53362087972316,4.495348595750973,3162.188033847832,2737.2763856630195,13.437266969471414
116,4,charniere,53.88152485891185,0.6195022928866094,0.7761156880736497,0.7710762028929659,63.763855738340474,2.105864158366772,2195.3445641971953,2431.7701708355985,10.76940770456507
116,5,charniere,54.979840445460695,0.9594231676591041,0.7761156880736497,0.7433141829566057,40.620604404423375,3.195462016051133,2081.0205017252492,2493.1814113312894,19.805711152982024
117,0,charniere,27.913320254421002,0.6369794680897202,0.5548516261261697,0.6489823042021503,66.55854278527991,4.550333066976305,6386.829435906857,5003.631640181355,21.657033581469108
117,1,charniere,26.19935064771803,0.9440355861358929,0.5548516261261697,0.6405523548190358,51.32281484281749,2.9019051602605255,5178.107705433384,6940.348264122774,34.03252035179324
117,2,charniere,40.34656382160268,0.6369794680897202,0.5548516261261697,0.6446500561570927,45.614091772266036,0.44415687351125205,2806.667400120967,2686.042382877505,4.297802341604962
117,3,charniere,41.00015983420025,0.9440355861358929,0.5548516261261697,0.6401244228597242,54.186537592334844,2.1914783958461874,3038.7471781214354,2562.1923404154245,15.682608975736468
117,4,charniere,54.152528643102805,0.6369794680897202,0.5548516261261697,0.6320322335006417,93.2565487346392,3.462133269792986,1637.528242377497,1346.3372050813527,17.782352069443967
117,5,charniere,54.559036625354835,0.9440355861358929,0.5548516261261697,0.6290717447159223,42.99290302344463,2.9030538067979816,1132.9732611879,1446.101574548905,27.6377496352117
118,0,charniere,29.44542111889531,0.9485875690253097,0.4239162836657848,0.40804267465940924,86.85877777076152,6.693408570897808,,,
118,1,charniere,41.613035444402726,0.9485875690253097,0.4239162836657848,0.48619037200732795,78.6782434432284,12.726293264524042,11195.759955140215,8734.247510632014,21.98611308541022
118,2,charniere,29.975948106155112,0.5507596700248327,0.4239162836657848,0.43231535529716336,86.22783809709915,1.8343171687318518,,,
118,3,charniere,54.08421359080429,0.5507596700248327,0.4239162836657848,0.504205489345619,54.69193099273527,5.683471797704993,3743.1566562744015,6786.088218025475,81.29319291647631
118,4,charniere,25.23749254075991,0.5507596700248327,0.4239162836657848,0.432420503892007,92.25835832946939,1.3363439377037045,,,
118,5,charniere,25.049889566621314,0.9485875690253097,0.4239162836657848,0.5864596861044971,90.0668570246011,2.4521264593738734,,,
119,0,arrhenius,26.484027490368558,0.5479227344691213,0.4156168402560259,0.3985786079901097,77.13748168434253,4.868047611777955,,,
119,1,arrhenius,25.95075930302391,0.9796806997183469,0.4156168402560259,0.5079667758074551,79.75611251882758,4.846375497283929,,,
119,2,arrhenius,40.403392995420056,0.5479227344691213,0.4156168402560259,0.30000000000000004,94.73659763840007,3.179160771032727,,,
119,3,arrhenius,40.492381059028986,0.9796806997183469,0.4156168402560259,0.6894070274620895,73.74443765521812,1.9072676437212928,,,
119,4,arrhenius,46.50631502092666,0.5479227344691213,0.4156168402560259,0.36013141357944545,69.5315206681064,3.511409251434816,,,
119,5,arrhenius,46.77740065320898,0.9796806997183469,0.4156168402560259,0.6640255132271867,81.32447884130902,5.115280552847956,,10954.229630630383,
120,0,charniere,55.21622573030642,0.5229925093576474,0.5805566941202149,0.6651593032486781,68.4299927362075,3.844095984795382,1412.8421779899427,1268.7847896337937,10.196283109349135
120,1,charniere,33.0367617973795,0.9782818327086722,0.5805566941202149,0.6486355438941176,81.2368540072188,2.1860671805287644,3422.8246281498095,3171.5248965037454,7.341881602093735
120,2,charniere,26.315453491710855,0.5229925093576474,0.5805566941202149,0.6473113041344454,47.8331699813308,3.165379005635907,3889.5113076832113,4601.212777310903,18.297966333760762
120,3,charniere,32.77224744303613,0.5229925093576474,0.5805566941202149,0.6463794716957735,89.94904312545209,12.309024665658363,3869.824518889815,3107.5635011481004,19.697560290418387
120,4,charniere,54.99046824887975,0.9782818327086722,0.5805566941202149,0.6506687836311162,67.14397827465223,4.668315572368415,1143.0117915693686,1441.282642072776,26.095168282899174
120,5,charniere,47.0596473667535,0.5229925093576474,0.5805566941202149,0.6531910184954458,78.80566814533809,7.728963598709423,2098.0745644107583,1754.2089190925487,16.389581721790893
121,0,arrhenius,54.496685151088485,0.5408401008804341,0.5063261851379524,0.6779998759546723,88.67232380753246,1.915654348122828,1376.0360013682925,1422.2778823696349,3.360513893194704
121,1,arrhenius,26.85816119570699,0.8780233191165996,0.5063261851379524,0.6955401168094505,83.71222751015095,1.682800885594357,5706.066194953162,5533.861696238745,3.0179197512066502
121,2,arrhenius,36.17972033004351,0.5408401008804341,0.5063261851379524,0.6829399873235046,89.5788526875689,1.0615896712916153,3323.127291541441,3315.0945952444913,0.2417209932763001
121,3,arrhenius,26.307322179201698,0.5408401008804341,0.5063261851379524,0.7068988557511938,56.852039171813914,57.702442062016445,8498.812758397517,3924.680866011046,53.82083383195915
121,4,arrhenius,54.614874809749914,0.8780233191165996,0.5063261851379524,0.6760046709094941,56.750549358993425,51.12537332791918,1686.2874312957395,923.1458115752872,45.255726014280725
121,5,arrhenius,35.485231778584485,0.8780233191165996,0.5063261851379524,0.672495733683372,92.7254150582318,1.3326303741440109,3522.8296961137917,3475.2664714932916,1.350142604763704
122,0,charniere,26.931328955992697,0.5716161713557132,0.5928973008098937,0.6339265644128437,53.456393172906076,1.8652733387615679,3805.0392826595676,4278.363720329489,12.439410016789294
122,1,charniere,27.089448900787026,0.885501258871849,0.5928973008098937,0.6253891211784023,80.67939286690894,3.3199148435192245,3682.6231167233336,4279.73959971953,16.214433681377887
122,2,charniere,38.632840606059446,0.5716161713557132,0.5928973008098937,0.6062596772195504,78.6097878460378,5.434021911858964,3213.1388604178383,2507.337837481964,21.966091525969453
122,3,charniere,39.3002309222608,0.885501258871849,0.5928973008098937,0.6088211422973728,46.2609460634059,3.699500180805594,2944.5540115686495,2455.741400472349,16.60056528682575
122,4,charniere,50.656944408975704,0.5716161713557132,0.5928973008098937,0.6097844719204165,78.91045459398693,3.2069701259734686,1535.6262036066094,1840.993879452592,19.88554735057194
122,5,charniere,52.314243972502524,0.885501258871849,0.5928973008098937,0.6192867314061411,45.802271805602075,2.629238599679171,1512.9172990474904,1742.6307388233,15.18347631562106
123,0,arrhenius,28.394199677980502,0.5565119491839398,0.8325464405638996,0.799647767149446,59.92859237429899,1.480382659433802,5256.258076544972,4930.796922774079,6.1918792614693015
123,1,arrhenius,27.66488787795216,0.9823051992697006,0.8325464405638996,0.8030175933052303,58.05441822138247,1.1530460162487837,5299.272080414329,5080.081379327412,4.136241690571577
123,2,arrhenius,42.17259211953188,0.5565119491839398,0.8325464405638996,0.7810989341557714,81.69093420578295,1.2595916939988303,2753.4205078254768,2925.9392143998853,6.2656142090935365
123,3,arrhenius,43.04288870709487,0.9823051992697006,0.8325464405638996,0.7966010952652873,89.15723632221636,0.5470366323851016,2777.3652244060727,2827.0255252640995,1.7880363886476796
123,4,arrhenius,52.07062012251319,0.5565119491839398,0.8325464405638996,0.7980774936440067,50.73602971252079,5.287727972361021,1570.5160763602514,2258.017991474748,43.775541394508764
123,5,arrhenius,53.40954440501992,0.9823051992697006,0.8325464405638996,0.8139378720588756,68.79153605480501,10.619033392413783,2491.547873937192,1554.8420816833639,37.59533589750485
124,0,charniere,26.77457681153105,0.6443835668437987,0.5716574393372883,0.5642012478692574,78.60006604587848,16.40154333212073,8129.4668457723965,4634.185719056625,42.995207349094954
124,1,charniere,28.417295105694798,0.895265016875939,0.5716574393372883,0.4962180121923495,66.31128014981863,9.86608106980898,3144.376520424771,8707.622591698724,176.9268417804627
124,2,charniere,34.02376489642606,0.6443835668437987,0.5716574393372883,0.49847634177558053,62.06309606292813,3.666461631523493,4497.935213167478,5818.3983453142255,29.357095413049944
124,3,charniere,33.27633945343061,0.895265016875939,0.5716574393372883,0.5370608966747984,83.57258102645194,33.97411158810981,11075.19167273866,4597.588689153441,58.48750229334356
124,4,charniere,38.23412859551649,0.6443835668437987,0.5716574393372883,0.5039889980736962,59.519750211066814,2.2762431297343095,4734.88523119701,5769.93126141157,21.860002506394284
124,5,charniere,39.21313912012415,0.895265016875939,0.5716574393372883,0.5060530517707773,55.58827000698167,4.052122155086237,4369.229532986973,6177.9175553070445,41.39604039258572
125,0,charniere,30.639378608072505,0.981376854641073,0.7779352741768348,0.7388851446998443,92.57220631339958,1.9433098208765962,2302.660337507209,2142.398591531496,6.959851757780634
125,1,charniere,25.977452666215342,0.5772696250152918,0.7779352741768348,0.7580207713424676,92.43261827514841,6.07557526568189,2179.9098729484813,3156.560322564026,44.802331588808144
125,2,charniere,54.253719886485,0.5772696250152918,0.7779352741768348,0.7705376728845161,78.3297071171089,10.084896151903312,1876.6807624510618,4517.7062799903715,140.72854426716486
125,3,charniere,31.038313464877383,0.5772696250152918,0.7779352741768348,0.7634367712371593,40.21602015588345,3.3167179759705907,2537.0390989910534,2257.799781245712,11.006504308758629
125,4,charniere,26.63914842357799,0.981376854641073,0.7779352741768348,0.6782641250047264,49.852105001183325,6.0180094572888025,2860.8232677039296,2280.8349636845483,20.273475491020967
125,5,charniere,39.72811429734104,0.5772696250152918,0.7779352741768348,0.7334622333182169,44.33456262719408,2.231146188046154,2504.630194408206,2260.844309893116,9.733408351434958
126,0,arrhenius,25.437778656293688,0.6016197219237616,0.9561714334097404,1.0615376986695366,59.38615588307018,3.440245952909608,3403.6818256790675,3966.001531920436,16.520924547028716
126,1,arrhenius,26.76640421456766,0.8686042690399375,0.9561714334097404,1.0498444593713885,67.19273709328293,11.50232882406693,4013.3595136981903,3375.3632017610303,15.896814371091953
126,2,arrhenius,33.73015046677526,0.6016197219237616,0.9561714334097404,1.0590999842183082,44.9024446196367,2.8664398088385665,2780.706380108223,3232.2348899636304,16.237906781004117
126,3,arrhenius,34.700306921128046,0.8686042690399375,0.9561714334097404,1.0801765512381651,62.83021572816371,3.9320266990231674,3360.615231388525,3044.2771643662836,9.413099841588773
126,4,arrhenius,43.78001001898148,0.6016197219237616,0.9561714334097404,1.0494544711465585,57.94035778699071,0.8441994874516829,2652.359273006568,2635.714474315479,0.6275469111777336
126,5,arrhenius,43.540487856224956,0.8686042690399375,0.9561714334097404,1.042247517373953,47.105902454998336,2.329103666416936,2689.257006660043,2588.889584076936,3.732161795415734
127,0,arrhenius,28.48448227719606,0.588524207942583,0.7287689420020591,0.7505264226669563,93.04415497947727,2.3666722879620106,2028.9779075110105,2462.928242363615,21.38763232690594
127,1,arrhenius,27.21783667940539,0.9499828784011122,0.7287689420020591,0.7265912583841839,57.71491408346082,9.66387323219574,2654.763189717772,2130.7899062733777,19.737100675262038
127,2,arrhenius,43.76753040780261,0.588524207942583,0.7287689420020591,0.7483103570490505,88.61000829601552,1.7296574859029923,1897.193609203453,2146.465559380273,13.138983231209508
127,3,arrhenius,43.0700929512219,0.9499828784011122,0.7287689420020591,0.7457922003450352,65.50349242161927,0.9402905039409506,2084.7334414754005,2132.767908799513,2.3041059527551733
127,4,arrhenius,53.664913788009436,0.588524207942583,0.7287689420020591,0.7391085604988198,59.96275022586449,3.7258299563017863,1751.951695233793,2223.6617491698794,26.924832186833665
127,5,arrhenius,54.99645554560218,0.9499828784011122,0.7287689420020591,0.7399089366021482,88.96588887082441,18.37984528998459,2536.5546281891557,1796.2670216845931,29.184768909670723
128,0,charniere,25.532593049997494,0.5378380331305896,0.6077295917658276,0.5803287026724104,67.77920885596825,0.7127855867025674,3914.37983524662,3815.855547682162,2.5169833207627557
128,1,charniere,25.551984545203304,0.9233295012421454,0.6077295917658276,0.5952097977043793,52.88763855207237,6.96616837513928,2841.609652603995,4414.754376447026,55.36104237263664
128,2,charniere,30.074765256772483,0.5378380331305896,0.6077295917658276,0.5922854573842555,54.269229064543985,10.79003649564915,4212.920109834953,2997.148315080293,28.858173500999285
128,3,charniere,30.772091505440855,0.9233295012421454,0.6077295917658276,0.5807893964594194,41.26114101607488,5.241827887653624,3562.721377265249,3010.3740442422113,15.503523136771935
128,4,charniere,51.913108548565205,0.5378380331305896,0.6077295917658276,0.5605828873105705,69.3531217567585,1.2541890724071214,1423.1694246654263,1515.8014685451087,6.508855676228384
128,5,charniere,52.122472094538196,0.9233295012421454,0.6077295917658276,0.6929735657459544,48.733163373122494,4.121761042330508,1318.7685287561,1555.4177564753413,17.944713007555276
129,0,arrhenius,52.26143560864789,0.8851008208102406,0.6329521221738472,0.6063493289897779,41.86138419597028,1.6514281067063235,2814.2569817246,2589.5809755132386,7.983492896006887
129,1,arrhenius,35.9231617487514,0.8851008208102406,0.6329521221738472,0.5885871759384497,49.52121077606901,1.015879336441901,4353.504539066079,4574.147572400423,5.068170513075356
129,2,arrhenius,42.43705201216224,0.8851008208102406,0.6329521221738472,0.5900346814266701,90.9467304961259,1.9233358010697443,3631.2056022798934,3601.345706063578,0.8223135643315721
129,3,arrhenius,52.88714735474623,0.5354303636419797,0.6329521221738472,0.5769167055926385,49.705543685604965,1.2561984482480906,2514.9667067410583,2694.763520251571,7.1490733069582895
129,4,arrhenius,35.78756858378511,0.5354303636419797,0.6329521221738472,0.5986675358936869,56.33774592400276,4.3231964575980655,3905.7014092468607,4729.56571960574,21.09388875474087
129,5,arrhenius,26.151758158468464,0.8851008208102406,0.6329521221738472,0.6277232793884595,50.00118849254716,8.794230242817239,7191.466191227679,5703.565123883661,20.689815230710465
130,0,charniere,27.935573209753574,0.5644755606939958,0.5973666868986334,0.7213039364847885,62.47636164938768,4.141195094900828,5416.716455855252,6240.10099237628,15.200805566091294
130,1,charniere,27.74724561735888,0.9587845933331811,0.5973666868986334,0.7323263049641426,61.273860128828396,2.3806556168397517,5350.511374962991,6469.627359622941,20.916056545486573
130,2,charniere,34.53612684362069,0.5644755606939958,0.5973666868986334,0.6980268895059172,63.25273336745152,7.4042649257813435,5696.227640289018,4215.737280177422,25.99071620031812
130,3,charniere,35.1797946633014,0.9587845933331811,0.5973666868986334,0.7296870244306252,86.9713957572001,9.05281936448676,5661.297291281966,4121.473902725007,27.199126089495213
130,4,charniere,52.1776372095045,0.5644755606939958,0.5973666868986334,0.7209777979573515,82.4871207893559,1.958781671274064,2230.197733748992,2266.9930017551,1.6498657248769903
130,5,charniere,51.90401139290395,0.9587845933331811,0.5973666868986334,0.7181774365604244,41.280716001064455,0.805091355171479,2017.7922161016413,2186.2732114009755,8.349769314941561
131,0,arrhenius,26.9060684432033,0.615916019490238,0.9351962138439239,1.0922284874594874,59.6329998387218,46.57487959499612,7778.121836435409,4620.03590558878,40.60216588602487
131,1,arrhenius,27.296087554936314,0.8726452800662843,0.9351962138439239,1.0426780656232062,92.69423632250717,5.146585239218988,5970.921843042054,7219.412867150239,20.9095187799696
131,2,arrhenius,44.37648174432837,0.615916019490238,0.9351962138439239,1.0369722509571748,81.90369045815147,4.064090085078949,2762.7664709836513,2590.868019510061,6.221968207554937
131,3,arrhenius,43.04667555993323,0.8726452800662843,0.9351962138439239,0.9961980184059506,45.65213926488372,2.9516884322403976,2484.2601274983276,2977.7565757319676,19.8649264934504
131,4,arrhenius,54.844813990367044,0.615916019490238,0.9351962138439239,1.04903605951639,69.375116634798,2.3613957162781625,1605.6436901272004,1808.518313716505,12.635096119814268
131,5,arrhenius,54.12598459329744,0.8726452800662843,0.9351962138439239,1.029068184785748,66.35979153270253,10.04376854881071,1911.2592077018269,1696.964337117875,11.2122348303362
132,0,quadratique,26.072976288001005,0.5939219754533434,0.7114766501125946,0.6410793879119281,54.28752375655859,4.287284453037589,9083.824627567124,11537.808330291222,27.01487317662291
132,1,quadratique,53.669658964642494,0.5939219754533434,0.7114766501125946,0.6657356272333421,88.00408148757234,11.078466368464122,4623.742817087172,3092.6430501442655,33.113860945826914
132,2,quadratique,53.06378733973084,0.8746545074471963,0.7114766501125946,0.6373610063885223,43.838833856252286,7.107157158505411,3013.2595004441787,5074.780227730359,68.41497478004453
132,3,quadratique,30.260608042795543,0.5939219754533434,0.7114766501125946,0.6435088068040555,55.197343756249836,3.4436398215194024,7867.420586868176,9354.513615712192,18.901913434324115
132,4,quadratique,26.67728467096021,0.8746545074471963,0.7114766501125946,0.6503896332062434,93.0628038833589,9.871911200306451,11838.24461139242,8617.889196521044,27.20298085218055
132,5,quadratique,46.28408641838546,0.5939219754533434,0.7114766501125946,0.6345365432422537,68.03011888475434,3.7948367787531194,4632.495927372629,5455.686571550371,17.76991619816973
133,0,arrhenius,54.79144516009105,0.6351835494740898,0.5615151242229446,0.5589867697378149,91.40910434041974,1.1803319459019996,2225.7105673962647,2169.6914952244147,2.5169073190582725
133,1,arrhenius,29.091276209471005,0.6351835494740898,0.5615151242229446,0.5725557103277652,85.32418184050715,2.057824457456377,,,
133,2,arrhenius,35.53731074045753,0.6351835494740898,0.5615151242229446,0.5595818005566198,82.86521227357211,12.871021824582153,11835.949228044334,7664.22253280371,35.246236823625864
133,3,arrhenius,54.28372894502621,0.9864804154184343,0.5615151242229446,0.5712588738173102,80.81360171857384,1.9818505358981862,2279.370911000723,3266.0667403530956,43.288076749175445
133,4,arrhenius,25.59281477448737,0.9864804154184343,0.5615151242229446,0.5901219109813058,88.50330757424102,0.9443355732794896,,,
133,5,arrhenius,36.01160078436181,0.9864804154184343,0.5615151242229446,0.5648610236590622,87.99812420897852,11.067286886447874,9443.219847263143,7858.45919520175,16.78199467653707
134,0,quadratique,26.6873625317191,0.5296757717277991,0.9638848288289706,1.044162296699641,54.470711528316706,2.0677550831028766,5405.993258374259,5886.2342289912185,8.883491851807854
134,1,quadratique,26.028619784676348,0.9211522252357525,0.9638848288289706,0.9936565919430678,82.36623084404171,3.52466136176566,5632.211748823322,6141.893008049723,9.049398033248373
134,2,quadratique,34.26069024358184,0.5296757717277991,0.9638848288289706,1.0285282064496462,79.0321231855127,6.603367656323125,5354.007181564642,4448.70538095495,16.90886414435345
134,3,quadratique,34.85693711443771,0.9211522252357525,0.9638848288289706,1.0454465376375375,54.74783849658983,5.849522663528316,5108.858222215713,4372.365801872566,14.415988628154366
134,4,quadratique,54.524195644766166,0.5296757717277991,0.9638848288289706,1.016981645768662,56.93763997597775,4.072006605361235,2874.6235146372796,2547.5421959901146,11.378231513855692
134,5,quadratique,53.92122631430666,0.9211522252357525,0.9638848288289706,1.066158415697889,51.02793376479554,5.660916631718037,2453.921949379922,3102.8560716419843,26.444774350954425
135,0,charniere,26.95334522546044,0.5497621712860249,0.8038950407517589,0.8307350195677725,61.90555458208196,1.3555799971724187,2558.3524745823393,2407.4925961668623,5.896758946012918
135,1,charniere,26.414864760535092,0.8867944617742184,0.8038950407517589,0.8376132007309671,88.14467372172808,4.051028874397196,3159.476411238404,2690.927364679783,14.829958688470363
135,2,charniere,44.77012699177824,0.5497621712860249,0.8038950407517589,0.8334525205475031,61.539157754204396,2.113492898068259,1779.730643484307,1922.9080419035975,8.044891452730274
135,3,charniere,44.07949370216572,0.8867944617742184,0.8038950407517589,0.8187265993682161,48.96443097009406,5.461754162087659,2297.925083421364,1847.0940244757842,19.619049471984557
135,4,charniere,52.194611815236364,0.5497621712860249,0.8038950407517589,0.8163941161927337,52.145611933140756,1.3832090287021603,1613.1639552466556,1747.5370491166968,8.329785291383809
135,5,charniere,53.17937011035019,0.8867944617742184,0.8038950407517589,0.8368031604402262,57.871411709161556,0.9658577382628901,1645.141275074318,1721.3270710114696,4.630957662508953
136,0,arrhenius,26.263069704911924,0.5833696878960427,0.6512314566410102,0.7557686520833504,69.04546497777228,2.980819890758321,3932.5981314250766,4633.435561022688,17.821231821204286
136,1,arrhenius,27.551564979309585,0.9038173340522887,0.6512314566410102,0.7395309755031554,69.98615613320645,3.466688500402676,4684.114131359216,3819.012376937167,18.468844485030033
136,2,arrhenius,41.92571635142383,0.5833696878960427,0.6512314566410102,0.8320081345450032,53.23692357842113,1.7571667781962985,2798.8889350375534,2744.888752709861,1.9293435209842649
136,3,arrhenius,41.95973019282174,0.9038173340522887,0.6512314566410102,0.7788437875876466,88.02531198305955,3.5845166289502663,3361.794436924091,2766.5700230846296,17.705556511779704
136,4,arrhenius,53.71625136715475,0.5833696878960427,0.6512314566410102,0.8423345388424587,42.8226133416193,2.1350949939366344,1845.821635658249,2091.7493279681266,13.323480858548711
136,5,arrhenius,53.946699737176964,0.9038173340522887,0.6512314566410102,0.7902493234626629,65.2849845493179,0.3685131983399201,1983.0378800604176,2005.7855528007728,1.1471123657840665
137,0,charniere,25.59610077642975,0.5975631319488383,0.8032475082743178,0.7891042002147537,40.23054118453763,2.4329554371636846,4751.022227802,5530.810554795987,16.413064170292163
137,1,charniere,25.971858516137743,0.9843284615561957,0.8032475082743178,0.7393017511696429,84.62930915562758,1.9189882612492277,4689.218752297494,5091.582505549463,8.580613840095017
137,2,charniere,36.13387778619801,0.5975631319488383,0.8032475082743178,0.672765847335358,79.52821717463848,4.660918825906546,4766.13903445471,3880.4657187629296,18.582616018735372
137,3,charniere,34.86508994286287,0.9843284615561957,0.8032475082743178,0.8000516072517254,39.88261237764432,0.9359427361087949,4038.35696622039,4201.245018332493,4.033522877611143
137,4,charniere,53.43185501820464,0.5975631319488383,0.8032475082743178,0.7946382215193545,69.16677767855279,4.711437019909895,2327.8151485548206,3161.791649877478,35.826577631837125
137,5,charniere,53.29470630623074,0.9843284615561957,0.8032475082743178,0.8149298450407119,91.66748046115798,1.6334990754112295,2543.348783932523,2510.532332396663,1.290285144655587
138,0,quadratique,27.560021795635794,0.6148669560356609,0.7027203438239641,0.7816681939426621,65.89517859608742,3.1482065123342093,8715.811156976293,10469.58011070468,20.121695182950784
138,1,quadratique,28.375078140860936,0.9736145347363325,0.7027203438239641,0.7999637697368707,43.118963031019696,1.9345695015695843,8816.201573165165,9606.52028332719,8.964390203685966
138,2,quadratique,35.517189800525145,0.6148669560356609,0.7027203438239641,0.7529111743661043,66.7471316194438,3.1581493262611033,7617.681344902255,6899.777758127271,9.424174552213369
138,3,quadratique,35.90277564713902,0.9736145347363325,0.7027203438239641,0.7773357464202252,94.19581668740672,1.166998772069494,6805.210883513163,6595.070807148575,3.0879289409486153
138,4,quadratique,54.08261382119279,0.6148669560356609,0.7027203438239641,0.8082710249688931,46.53489042274314,1.982219388918549,3235.5765506877174,3592.596775712495,11.034207333122543
138,5,quadratique,53.48635126260097,0.9736145347363325,0.7027203438239641,0.7756632425602092,51.73234837898164,1.850449994669588,3285.6605477345356,3612.586809183625,9.950092430409626
139,0,arrhenius,26.97479560191245,0.5265147658462487,0.6836410104948252,0.7655691470443381,49.23137835860999,5.699598590424689,4054.8132601702973,3216.446331450838,20.67584559206677
139,1,arrhenius,27.345726332054898,0.9555363371465149,0.6836410104948252,0.7774839549869236,69.49964328653081,2.585947317568416,3114.689469641004,3562.336811752451,14.372133930996414
139,2,arrhenius,35.15646984415844,0.5265147658462487,0.6836410104948252,0.7590397198852452,76.57867732525894,1.9689569176848394,2621.712348748824,2828.089118018824,7.871831147627266
139,3,arrhenius,33.88566079148917,0.9555363371465149,0.6836410104948252,0.7383199703019342,80.31110091265768,4.294575113629388,2444.7290343797454,2889.7193421711327,18.20202981735709
139,4,arrhenius,53.77103454819687,0.5265147658462487,0.6836410104948252,0.7607682175620842,66.72279293817306,0.6490881443027188,1709.170511465793,1647.7375427440782,3.594314804146112
139,5,arrhenius,53.068331550732566,0.9555363371465149,0.6836410104948252,0.7358754332032016,78.62079846720474,4.610351306233166,2264.2624516864316,1726.72785646851,23.73994210863514
140,0,charniere,26.292631868439738,0.5555442241039494,0.8174127723566829,0.8091066480734285,54.71097780400241,2.0193793031086775,3015.626240131271,3322.810624504881,10.186420992285777
140,1,charniere,27.146369230051736,0.9962043231765123,0.8174127723566829,0.8177395938795357,66.63840268042046,3.2666952108893352,2858.5648978886434,3332.5478176937736,16.58114951859996
140,2,charniere,39.47432879841018,0.5555442241039494,0.8174127723566829,0.8159556876484813,92.61680904548305,0.8039628330901425,2519.7536124904464,2465.987693027048,2.133776858057873
140,3,charniere,39.869232785016244,0.9962043231765123,0.8174127723566829,0.8079741191292248,49.86878448169619,3.7349856755403334,2918.6059588149506,2459.8054038323735,15.719852609663864
140,4,charniere,52.42845611935947,0.5555442241039494,0.8174127723566829,0.8083666633566473,60.87807601374342,0.8159780965702358,1993.6652694441607,2125.303734489211,6.602836848421971
140,5,charniere,53.36087575573824,0.9962043231765123,0.8174127723566829,0.7888096616504093,47.9811174542014,3.032414144807407,1806.1104907529125,2219.8418558015783,22.907311992645244
141,0,charniere,54.31761310903061,0.9216277954655632,0.9111624317556598,0.8436632891888036,64.8314763477294,2.276603023311663,1523.4910431446265,1677.3283622437727,10.09768451159462
141,1,charniere,25.286132257590996,0.9216277954655632,0.9111624317556598,0.7268446040570171,54.538132449856626,5.754227848153693,4027.6760081048214,4945.009330673073,22.775747620273282
141,2,charniere,42.79844639805311,0.9216277954655632,0.9111624317556598,0.8216110941956769,68.52640896975052,1.6266108141115625,2584.8447415129494,2352.2625604864197,8.997916868708943
141,3,charniere,55.45327792207045,0.6281137483700262,0.9111624317556598,0.7687448249711696,43.04487337452589,5.374169987421618,1884.4821489844833,1478.139990932036,21.562536863053783
141,4,charniere,48.07874811733055,0.9216277954655632,0.9111624317556598,0.7698755756681703,91.00899474794949,2.8710671369107716,1961.2476205237706,2244.6358681240004,14.449386433139336
141,5,charniere,41.938136289567666,0.6281137483700262,0.9111624317556598,0.7973819461230899,58.197686380827335,9.68862601415131,3439.640350315692,2294.3385962140374,33.29713683573163
142,0,arrhenius,45.85822569656335,0.6035236182356641,0.8806521135198557,0.9951453391812384,66.933177793208,3.6774614133117876,1949.7227746444728,2162.630346771471,10.919889478432207
142,1,arrhenius,25.998428401544704,0.9901487558036093,0.8806521135198557,0.9661668365201306,66.04340806459378,0.9065633728515855,3889.2406569020104,3890.22178516027,0.025226730480625004
142,2,arrhenius,36.76234660696695,0.9901487558036093,0.8806521135198557,0.9732173836216006,40.52569139471231,6.820220546386173,3100.16184170596,2707.435191620208,12.667940260487878
142,3,arrhenius,45.7429903357623,0.9901487558036093,0.8806521135198557,0.9771436385802713,88.06881732700171,3.713799285697123,2163.261621445578,1966.5344126594746,9.094009103468602
142,4,arrhenius,37.63821507512426,0.6035236182356641,0.8806521135198557,1.0178488451889791,48.51771403785433,2.98289038405917,2354.4894580820555,2733.077941236716,16.079429952642684
142,5,arrhenius,27.215229804931536,0.6035236182356641,0.8806521135198557,0.9854050443650298,40.43938772979938,1.0777370250233336,3778.8444667782646,3772.898318378506,0.15735361568951678
143,0,charniere,47.8984542969697,0.5736906608154145,0.9837912503019661,0.9644404517057004,65.94265850145189,0.7503011537080025,3003.1418588982333,3030.275740988694,0.9035164959012407
143,1,charniere,49.01043903583817,0.8539652158804347,0.9837912503019661,1.0019427150730669,93.35762768678372,11.8938423425283,3726.047874111961,2552.7708366458687,31.488512147625652
143,2,charniere,53.98722175895159,0.5736906608154145,0.9837912503019661,0.9693868489286575,57.65033564993821,5.705055866489057,1990.692890086469,2694.319197100483,35.345798968692286
143,3,charniere,39.82312253664018,0.8539652158804347,0.9837912503019661,0.993257448276525,69.67678035544353,0.9531362577409896,4007.258740531811,3974.1209829833447,0.8269432970047854
143,4,charniere,53.36371631078186,0.8539652158804347,0.9837912503019661,0.9686955128276548,54.23835762702276,5.91443652332698,1960.3900165494167,2790.9713172629986,42.36816621702302
143,5,charniere,28.0166726432253,0.8539652158804347,0.9837912503019661,0.9769762114200321,57.4644980280691,7.925491281760122,5583.445709915356,8342.878637208627,49.4216845771946
144,0,charniere,55.20205889485394,0.9086620439898164,0.6014029294749417,0.6260278189318833,52.44403739835338,1.8368903671325807,1932.309418565364,1764.3011939430128,8.69468538569192
144,1,charniere,26.634579697666055,0.9086620439898164,0.6014029294749417,0.6184299061207585,69.24870968259621,6.330536345698008,2995.8963499616625,5215.661207427558,74.09351319828876
144,2,charniere,37.83134230577425,0.9086620439898164,0.6014029294749417,0.5925558450225492,86.41802646016556,9.750991395684363,4248.581574797178,2791.199828691942,34.30278365726824
144,3,charniere,55.571669709041394,0.5256886576385718,0.6014029294749417,0.564465597061483,55.333959514637364,3.877204675572331,1482.4532094279307,2053.0610896650414,38.49078518014776
144,4,charniere,47.227427271148265,0.9086620439898164,0.6014029294749417,0.6106804964264577,53.608715181915485,1.1396509814042557,2312.6223331529054,2269.1673472001658,1.8790351251817006
144,5,charniere,26.369324938508417,0.5256886576385718,0.6014029294749417,0.6228868311279865,62.71886879224785,3.2660796796578158,4471.208043189185,4018.1864905269026,10.131972126690743
145,0,charniere,26.229551798511345,0.6044987149368192,0.6312062743156234,0.5582200251973258,78.56326251991385,1.9615223508425095,,,
145,1,charniere,26.30417030360184,0.8838570938454156,0.6312062743156234,0.5662999845318818,79.67683174237402,0.8412004160913703,,,
145,2,charniere,34.84411376481142,0.6044987149368192,0.6312062743156234,0.5695217265130803,86.52846089409029,3.2085951666199706,10108.87638928424,9564.9560528769,5.380621104279349
145,3,charniere,35.023140938655594,0.8838570938454156,0.6312062743156234,0.5584176516822694,61.98552604953552,24.175147354715534,11663.075689412088,8849.876312727287,24.120561776330277
145,4,charniere,51.34559993751606,0.6044987149368192,0.6312062743156234,0.5505062898122876,48.53603632377391,1.9834589299099776,3340.3818769582645,4398.951921763495,31.690090648233294
145,5,charniere,52.370093185453065,0.8838570938454156,0.6312062743156234,0.5528277566211082,67.92919486807075,1.0700899469904024,3739.443833793736,3661.1445302455822,2.093875641092796
146,0,arrhenius,25.063696496568557,0.5853220830748693,0.5109878057329096,0.5719338894905184,68.73567878005814,2.253923948974001,11764.110535017864,10996.347213916652,6.526318490597613
146,1,arrhenius,24.845706663102426,0.8553445620921373,0.5109878057329096,0.5829653281229465,76.73584578655478,5.804467698973005,,10065.89215773302,
146,2,arrhenius,40.395978296890256,0.5853220830748693,0.5109878057329096,0.5555852317817096,71.39400015997313,3.2481921517910815,4892.463648972014,6188.332116687634,26.4870331328451
146,3,arrhenius,40.926440879253356,0.8553445620921373,0.5109878057329096,0.5524749888676596,48.279549053215945,0.8435077749827403,5040.936209363847,5837.316653029685,15.798264659380376
146,4,arrhenius,54.623511094240506,0.5853220830748693,0.5109878057329096,0.5502245312099207,46.69688884745712,4.386521850571421,2359.330097719523,3918.0309403841547,66.06539899487731
146,5,arrhenius,54.29972847448546,0.8553445620921373,0.5109878057329096,0.5577802352174843,44.72626002894037,11.947366775680646,4802.7247759341,2559.1431728468106,46.714765216812296
147,0,charniere,24.50347103480233,0.5822631659722175,0.8401249235223213,0.7348684787034286,80.52927270249651,5.6507859755685175,2029.9599009422575,2473.460130533821,21.84773351363747
147,1,charniere,25.025811423283713,0.8973676440668416,0.8401249235223213,0.5692701352421332,88.16889593981256,3.0613086398728955,2179.3381520759726,2245.6998088090268,3.045037167354685
147,2,charniere,29.17416049284649,0.5822631659722175,0.8401249235223213,0.7568650487167677,86.89270149199967,17.836659293639336,2632.1417184906395,1804.3064095487287,31.451015844869477
147,3,charniere,29.545596669579556,0.8973676440668416,0.8401249235223213,0.7879370026147728,89.36561601684132,5.652737447952313,1829.0284105918315,2159.9540505276445,18.09297428183377
147,4,charniere,55.201274558364815,0.5822631659722175,0.8401249235223213,0.8012345220661251,49.48637445575972,1.692880869049205,1216.4168869536784,1170.973343160461,3.7358527557952255
147,5,charniere,54.52218319358378,0.8973676440668416,0.8401249235223213,0.8164502774817237,78.43322694572271,4.919371093315238,1045.7457848412223,1296.194328083404,23.94927590171522
148,0,arrhenius,27.774256755864243,0.6376524507353828,0.9183202470006566,0.9180878196686723,95.1610072208845,3.669050850156009,3561.030716493005,3151.3660686193866,11.504103179347656
148,1,arrhenius,27.012161886424696,0.8672195902602119,0.9183202470006566,0.9369039469563925,67.25712390393849,1.8804161022381263,3018.953026760074,3276.7235936154498,8.538409328349635
148,2,arrhenius,33.37516322484074,0.6376524507353828,0.9183202470006566,0.9344220057861767,59.04576825996323,1.2887732522070618,3411.6165203725445,3241.067630210044,4.99906390838665
148,3,arrhenius,32.910217319480154,0.8672195902602119,0.9183202470006566,0.916914026824854,91.21611485838275,1.6519878248899345,3123.8211705657263,3333.4032365356475,6.709156975588512
148,4,arrhenius,52.89813581355758,0.6376524507353828,0.9183202470006566,0.9294321278932606,45.831759310470034,9.530871642981298,3887.8412940972134,3158.9075668421074,18.74906077986833
148,5,arrhenius,52.2419386359561,0.8672195902602119,0.9183202470006566,0.9323840097052313,53.813713926884795,3.2905929825985316,3151.3674171352586,3840.168454983792,21.857211383961246
149,0,charniere,25.016256224321477,0.5508039991519976,0.7691798501160947,0.8127880336717255,84.80507181531932,9.144071997661499,4488.392223148839,6860.985138568458,52.86064134910035
149,1,charniere,53.546758606708075,0.9307488062665649,0.7691798501160947,0.840034444270384,59.62638761473822,11.079928810243553,1520.7894921462837,3522.8316294272695,131.64492177385526
149,2,charniere,24.577541607514924,0.9307488062665649,0.7691798501160947,0.8611112691148604,62.344378754505136,0.8777272210425121,5200.67452369569,5534.058084331311,6.410390789053117
149,3,charniere,33.47444531676614,0.9307488062665649,0.7691798501160947,0.8446687203480132,91.5024278529244,34.043134848546686,6572.926522607268,3560.8503085871184,45.82549650692514
149,4,charniere,39.8800641643153,0.9307488062665649,0.7691798501160947,0.8569774517156065,92.56468933437732,5.486996088819368,3501.146168106748,3009.5398904166195,14.041295452567912
149,5,charniere,32.98828453078614,0.5508039991519976,0.7691798501160947,0.8363450183856291,63.68701637527049,11.44693690710333,5087.320908323365,3786.515213376346,25.569562415824233
150,0,charniere,55.47843291403927,0.550947457756609,0.9489434433567372,0.9058972323122945,82.82386630002608,1.714324351454191,1718.5905653349917,1931.5765131618452,12.393059296548499
150,1,charniere,39.861542409482404,0.550947457756609,0.9489434433567372,0.8929833751536853,68.29244644273707,1.2157471626255003,2169.347014956574,2098.7501327849814,3.2542918069291016
150,2,charniere,54.26917608998983,0.9930909194557742,0.9489434433567372,0.9035470466732136,87.48749869902656,2.049954279393184,1725.0854389844321,1955.9385891444558,13.382128498860224
150,3,charniere,40.30059901964831,0.9930909194557742,0.9489434433567372,0.9119279715745002,53.379152350617424,20.395980919048572,2527.2309768750015,2111.679809841176,16.44294371334698
150,4,charniere,27.61568245435037,0.550947457756609,0.9489434433567372,0.9047663373958963,89.6065198535585,4.500559053066671,2098.9293039888657,3004.9517663433753,43.165935157162195
150,5,charniere,46.42456373357454,0.550947457756609,0.9489434433567372,0.9093980225615739,59.12415644840648,5.936550072674567,2154.086442780074,1980.0788884935841,8.078020957316587
151,0,charniere,26.741350224061705,0.5452169031162314,0.9968784044497556,1.0468199434422583,45.39229638487533,7.205312537772079,2622.672341782581,3864.7892909479833,47.3607369619477
151,1,charniere,28.35528815650966,0.8580035251433275,0.9968784044497556,1.0955572852742097,70.6284157323848,2.340826627772703,2947.2808235816397,3399.918838317725,15.357817657362691
151,2,charniere,36.35992104473101,0.5452169031162314,0.9968784044497556,1.1164588359323353,85.78275502157433,6.638882808175722,2955.4214323261613,2282.7241965790417,22.76146570466098
151,3,charniere,35.39262850719251,0.8580035251433275,0.9968784044497556,1.0869635066960175,92.52072838670908,7.495577554544787,3083.20994456266,2321.241483840367,24.713479601544776
151,4,charniere,54.40669837683015,0.5452169031162314,0.9968784044497556,1.014008070650305,44.03230306696648,1.3523911293193172,1326.7072469717114,1464.2080077242065,10.364061933508605
151,5,charniere,55.01682275494963,0.8580035251433275,0.9968784044497556,1.0705701977397144,94.71446039316473,7.141997784401844,1077.3997862677184,1553.7443327311682,44.21242258768048
152,0,charniere,26.91514971064409,0.6021639412856693,0.9954298677740606,0.6993096136316457,54.508133785422984,1.4590462713648977,4959.235815198241,5321.682105278839,7.308510899397712
152,1,charniere,27.494823395036473,0.888688800217957,0.9954298677740606,0.7554659541956846,82.61114938310432,3.814346264400936,4870.735863678599,4343.97532993084,10.814803932930282
152,2,charniere,45.19502724402448,0.6021639412856693,0.9954298677740606,0.7158526991028982,46.46670854203095,2.541838707378471,2738.3067239564853,3289.631477240677,20.133783716076984
152,3,charniere,44.751634678646404,0.888688800217957,0.9954298677740606,0.7361561567482564,46.46603893690536,4.935893537367896,2456.969113942421,3280.4242327599045,33.515078156443664
152,4,charniere,53.09924404133744,0.6021639412856693,0.9954298677740606,0.7506395125889361,94.1922754835991,3.6944209756602926,1756.451155289647,2483.404797865313,41.3876378165374
152,5,charniere,53.08916953779032,0.888688800217957,0.9954298677740606,0.7378048226849023,93.59939767343279,4.14424075728405,1559.8326887483688,2262.151925786036,45.02529291146076
153,0,arrhenius,38.694443765894356,0.5912781332148326,0.6057128305007711,0.6417132341404984,43.331063303338205,2.221750990993487,7630.921246471323,8212.698842269738,7.623949677995164
153,1,arrhenius,54.75435192795444,0.5912781332148326,0.6057128305007711,0.6858730173891411,53.747128113841555,26.49554005193126,4912.012249046682,3774.5338289205342,23.15707621345831
153,2,arrhenius,33.67246757262389,0.8635914671476372,0.6057128305007711,0.6738884549796336,40.5917801860565,2.413525614694754,9943.626395527206,9483.025503285187,4.632121862997629
153,3,arrhenius,27.182634407781087,0.8635914671476372,0.6057128305007711,0.6536105577410201,73.7422398735703,8.161422424810473,,10988.706824727315,
153,4,arrhenius,33.51128623314559,0.5912781332148326,0.6057128305007711,0.6623611169577062,59.81900833126241,2.8337152477158623,8699.380255229573,9764.731437062363,12.246288247859509
153,5,arrhenius,26.55191461239952,0.5912781332148326,0.6057128305007711,0.67705786836369,83.35160440841732,2.1915113607634567,11008.36457243108,,
154,0,quadratique,26.123004206074242,0.603398776400706,0.7602083765326333,0.7157836952941948,64.12132874072803,3.6884594814382554,3304.4524680472855,4202.564979827076,27.17886005213191
154,1,quadratique,53.397685369612915,0.603398776400706,0.7602083765326333,0.7156359031175061,42.36440867116816,2.456095625668317,1358.3197042842564,1532.400575785136,12.815898271357884
154,2,quadratique,30.942048778658155,0.9926267366558978,0.7602083765326333,0.7009286888007688,42.17365774274965,13.831323582890649,4135.634913413406,3011.4137271588215,27.183762827040564
154,3,quadratique,25.970728948596328,0.9926267366558978,0.7602083765326333,0.7287829729725747,60.657768882736015,5.928865007451114,4431.583485327688,3698.313690876805,16.54645110215412
154,4,quadratique,45.04321271992021,0.9926267366558978,0.7602083765326333,0.7061943146022304,53.22823758176586,0.5826327365714309,1918.9937793779839,1876.475383623363,2.215660947499399
154,5,quadratique,29.949490666212036,0.603398776400706,0.7602083765326333,0.702923155600984,60.14240123003864,2.899813302374397,2767.1717532849434,3504.1285255202224,26.6321297678913
155,0,charniere,26.01186903864516,0.645866622229365,0.44700504054087054,0.5366284462171071,80.25937224595828,4.403797779425675,3482.484412542071,4875.840611621347,40.010407341986735
155,1,charniere,25.915916295457016,0.8760944742500898,0.44700504054087054,0.5562143880156627,83.3877808162073,1.289738601364486,4070.603824200266,4266.103573099893,4.802721103374285
155,2,charniere,36.008197626486556,0.645866622229365,0.44700504054087054,0.5150171056095071,60.529963370023225,6.196432476828703,3383.0852182731983,2713.7615783025803,19.784415608432575
155,3,charniere,36.04267817946253,0.8760944742500898,0.44700504054087054,0.514793988944573,62.321127551187125,15.841047767041937,3842.159220333741,2609.933147698555,32.07118711046419
155,4,charniere,53.742734514520386,0.645866622229365,0.44700504054087054,0.4993529310994608,44.86790358598646,6.405356759104029,1008.0880775816142,1824.234797110103,80.959862305525
155,5,charniere,53.85196791966747,0.8760944742500898,0.44700504054087054,0.5336903512780912,83.73108968273897,1.3473022201840756,1118.5093108269446,1264.5530830559783,13.057001029437973
156,0,charniere,26.186411975917093,0.9854379658987142,0.6146560480112873,0.8608301636480399,48.08067763740087,4.004326990543555,6381.150338146434,7637.150726580042,19.6829775491302
156,1,charniere,52.87620407709518,0.9854379658987142,0.6146560480112873,0.8607912362764433,92.31277408666955,2.1141228097450377,2871.5225728642245,3131.539122150994,9.055006279383477
156,2,charniere,48.81392092249178,0.561677515188609,0.6146560480112873,0.8190766238827354,64.8412231800738,1.8615971074480664,3040.362228061381,3290.2520894450786,8.21908189350959
156,3,charniere,27.416595654884155,0.561677515188609,0.6146560480112873,0.824067163535921,64.04146459877087,1.9576106569281,6661.45647235017,6735.719654915216,1.1148190020199271
156,4,charniere,40.74208741908759,0.9854379658987142,0.6146560480112873,0.8622922265703082,80.01363122697379,7.510217769264756,5055.595044149185,3946.286093264428,21.94220346363688
156,5,charniere,48.133328916668304,0.9854379658987142,0.6146560480112873,0.8846785317166155,51.934048887545565,4.169019146474743,3635.708468734025,3063.554512183639,15.737069170169555
157,0,arrhenius,52.550815124367766,0.9088828383381249,0.505484644556178,0.5218926355523985,70.45386858596943,4.014690393142025,936.5099654314392,1301.747567273185,38.99986282297435
157,1,arrhenius,39.8575533102646,0.9088828383381249,0.505484644556178,0.5041263556557383,71.57378888516766,2.476000892742095,2665.439193796477,2940.702265722938,10.32711879404739
157,2,arrhenius,28.343900203575533,0.5014216931056995,0.505484644556178,0.5043626105655625,65.37304405154973,2.742444210612717,7259.739251552737,6880.980427052503,5.217251079909298
157,3,arrhenius,39.25901819477635,0.5014216931056995,0.505484644556178,0.5241901292128945,55.29773540511465,0.7952166191255482,2930.905129423782,3031.850050848327,3.4441552000828817
157,4,arrhenius,32.48633974972014,0.5014216931056995,0.505484644556178,0.5777653841063249,88.96915914754935,27.24878834378455,6862.551984426534,4594.402159444821,33.051113202915126
157,5,arrhenius,26.44512701040887,0.9088828383381249,0.505484644556178,0.5154310792902299,66.1928931685909,5.796211159176322,6796.226087683873,9643.48860063735,41.894758594233494
158,0,arrhenius,28.15987060821534,0.6150696322954883,0.518435814871733,0.6274252515740469,80.05106648367136,6.31999369118657,6432.160501306754,10914.122807753723,69.68051101237938
158,1,arrhenius,28.765131482856738,0.9165527471166368,0.518435814871733,0.6389763250735506,55.41545185449124,23.019444803386893,10272.753141264397,6739.765872105065,34.39182486501844
158,2,arrhenius,38.97240698334596,0.6150696322954883,0.518435814871733,0.6413432268623047,82.8493728100526,2.059026575158942,5284.280057359937,4933.404847685692,6.639981338338534
158,3,arrhenius,38.493554809788115,0.9165527471166368,0.518435814871733,0.6482034498310127,45.902368381562084,22.208842904815306,7511.257134360233,4560.448990127081,39.28514350460305
158,4,arrhenius,50.883185726610584,0.6150696322954883,0.518435814871733,0.6501597638763092,45.607656255097204,4.818058032550143,2402.7703429568137,3333.8455324767206,38.75006998688603
158,5,arrhenius,51.142078901508356,0.9165527471166368,0.518435814871733,0.6328706173434706,55.5871625957271,1.5934057010491862,3005.028847043943,2765.4980425953645,7.970998504197587
159,0,arrhenius,26.414677830022697,0.6068289176696136,0.5740704831864506,0.5305615806537228,67.62428982502863,7.6045153278342905,5600.606332400553,4628.260827444566,17.361432802923265
159,1,arrhenius,42.6075273537837,0.9891323131418135,0.5740704831864506,0.5304524298639159,62.74958214960463,2.144301117428338,4943.682027223424,5430.894050468212,9.855245959627933
159,2,arrhenius,47.00415794191096,0.9891323131418135,0.5740704831864506,0.5297872792262207,63.774590695629755,4.054330642562732,5918.090095307489,5291.473507675565,10.588155596495127
159,3,arrhenius,54.34872878296249,0.9891323131418135,0.5740704831864506,0.5311045544292909,60.509469153628416,2.482353630773732,5058.558228308891,5851.102627174683,15.667396975496423
159,4,arrhenius,46.86306436001276,0.6068289176696136,0.5740704831864506,0.5304531176679512,59.805355016769674,2.6352036182805607,5806.78346792277,5333.9014296807145,8.143614117080501
159,5,arrhenius,26.21081589706673,0.9891323131418135,0.5740704831864506,0.5273399726814507,80.04475460043815,3.3212332052555356,4666.738800341572,5566.8502331803365,19.28780399650572
160,0,charniere,27.140503313888647,0.5250616227862952,0.4622627390965821,0.48419777000478365,55.163203610802455,1.8426172328408148,7522.016009997517,8438.725811864477,12.18702274295295
160,1,charniere,27.324260633557518,0.9506003393352823,0.4622627390965821,0.48262215786606144,52.70852668413999,3.1314848148817576,7127.257549447931,8503.6754615877,19.31202713793309
160,2,charniere,40.478462598558096,0.5250616227862952,0.4622627390965821,0.49130251076526393,51.5003088322054,6.696766643519313,7861.791280094353,5936.713588531307,24.486502159339214
160,3,charniere,41.48150611320497,0.9506003393352823,0.4622627390965821,0.48607191198827787,69.83710946846232,4.418184077934262,7326.817421906239,5820.852071977101,20.55415418741698
160,4,charniere,55.02722841723418,0.5250616227862952,0.4622627390965821,0.4787418141422364,54.664422614233914,4.383769759885151,3981.1955752805275,5488.871110833307,37.869918898584736
160,5,charniere,54.92804503727272,0.9506003393352823,0.4622627390965821,0.4837721313810682,81.30990097947506,2.64300482146168,3876.9066665220444,4844.078394224534,24.946995398528266
161,0,charniere,46.382582911822276,0.8843959825994062,0.7637468709550226,0.7593633347049517,61.18884616916423,4.1874069410796775,3287.727978370381,4401.084692943907,33.86401557240085
161,1,charniere,31.903429380826577,0.8843959825994062,0.7637468709550226,0.6491188367579747,42.87504394539305,0.5011351733482344,5084.343394682629,5069.991732030174,0.282271702329638
161,2,charniere,27.227341578157215,0.578758903986579,0.7637468709550226,0.675135281187897,54.8476919466572,1.376049246035979,5399.592055755324,5624.397575869012,4.163379710770419
161,3,charniere,52.21744661605973,0.8843959825994062,0.7637468709550226,0.7832823735686336,94.19467339156812,4.150745736921128,3461.334729481936,3147.770924679882,9.059043094886862
161,4,charniere,27.16534250148049,0.8843959825994062,0.7637468709550226,0.6457792259019901,72.7377277680842,2.513582333616321,6134.655031511743,5286.961266498127,13.818116269933464
161,5,charniere,51.81378756437418,0.578758903986579,0.7637468709550226,0.619369392708087,46.40406923807319,2.189821235671675,3310.835617843765,4041.3111543874757,22.063177422847858
162,0,arrhenius,43.591183212051604,0.5109158682841053,0.6398697955817515,0.655700729216038,83.4740662069352,2.0695403882878747,3131.562887569872,3438.816306918632,9.811504043822413
162,1,arrhenius,33.242398334554146,0.8989794130550428,0.6398697955817515,0.7257451507415044,68.89707506375414,6.221189651323157,3885.1079853732786,3010.5482090980818,22.5105654609281
162,2,arrhenius,44.092692164891716,0.8989794130550428,0.6398697955817515,0.7544689712146454,53.56902471623188,2.2852676818655895,3310.6977334709563,3156.472448158219,4.658392210002413
162,3,arrhenius,52.657907323360725,0.8989794130550428,0.6398697955817515,0.7122919232820691,61.918516623329324,0.7085605821676834,3133.1361533309964,3239.1032527043194,3.3821415408540085
162,4,arrhenius,26.150233052483156,0.8989794130550428,0.6398697955817515,0.7927553207938366,56.348340017772934,1.2339833841480812,3243.2007377055493,3222.348013441727,0.6429674247846591
162,5,arrhenius,54.19193244899879,0.5109158682841053,0.6398697955817515,0.7357600050500142,54.669007373091524,4.3685535421611625,3552.7736284397765,2943.35619579355,17.153286316017162
163,0,quadratique,51.66403856917784,0.9383200324614659,0.9127068272221313,0.8741588438378217,40.84997846279443,3.9391229404488506,2496.703917784324,2520.1616884049563,0.9395495578606581
163,1,quadratique,38.57598492725155,0.9383200324614659,0.9127068272221313,0.8963919743942775,87.94722699019133,3.716535940012604,3202.351282179753,2923.6987623549844,8.701497595700916
163,2,quadratique,32.094500551431416,0.6474193244116191,0.9127068272221313,0.5329825985448244,61.40740033358759,1.8057367413352063,3199.340227224563,3010.8172345606135,5.892558442510309
163,3,quadratique,25.499652628251315,0.6474193244116191,0.9127068272221313,0.8260147924665363,49.59375758258592,1.6246466221894649,3292.4941756595094,3341.4793469627753,1.4877830814523383
163,4,quadratique,24.627120014655866,0.9383200324614659,0.9127068272221313,0.6459812130588017,54.551337831091175,6.855245677911843,4020.625299880403,3056.7083026094065,23.974305621060214
163,5,quadratique,52.319506938787455,0.6474193244116191,0.9127068272221313,0.8212808424524698,85.12514054526902,1.7538909353041343,2389.998720398142,2375.27617155594,0.6160065575160331
164,0,arrhenius,25.13232288483792,0.541530318085892,0.4664736809160198,0.5220869331389734,93.81920064779104,1.4496287667833516,,,
164,1,arrhenius,25.005836175239004,0.9583246592073742,0.4664736809160198,0.5224057314279886,94.54432689907847,4.956997205184616,,,
164,2,arrhenius,39.01687181162926,0.541530318085892,0.4664736809160198,0.5380836567355575,67.56271332004091,1.0875899676040386,8460.506656491489,8425.53751841508,0.4133220325472837
164,3,arrhenius,39.69687764716004,0.9583246592073742,0.4664736809160198,0.5224874775576349,54.730354453900986,4.920523701515092,5344.247463745965,8241.048610375448,54.2040982623027
164,4,arrhenius,53.45672182217647,0.541530318085892,0.4664736809160198,0.5141628912444656,78.0743822332059,7.792868171473808,2002.054094765984,1495.8802445821996,25.282725951665658
164,5,arrhenius,52.30578136722018,0.9583246592073742,0.4664736809160198,0.519326191018909,61.74730347602816,1.9765078279445751,1825.169468335655,2004.5037844603453,9.825625468533758
165,0,arrhenius,25.350167589799877,0.558722257249105,0.8935362859426597,0.974374155050006,67.28132614053177,2.287684771552387,7861.284019322261,8616.872423511033,9.611513873962704
165,1,arrhenius,25.406541144873398,0.8687189520959174,0.8935362859426597,0.974781732947088,42.5503106512344,0.679217196581761,8217.40108746115,8367.59106536873,1.8277065499060607
165,2,arrhenius,34.050453841076454,0.558722257249105,0.8935362859426597,0.9641919941476436,59.61891883201723,0.9656109856519224,5228.996525616908,5346.76289088298,2.252179068950104
165,3,arrhenius,33.92816092357623,0.8687189520959174,0.8935362859426597,0.9590100576499381,51.01764309883539,6.903128428874521,6116.250671199738,5193.965758531349,15.079252997449125
165,4,arrhenius,40.247626158908204,0.558722257249105,0.8935362859426597,0.9982744007282303,64.5357838182355,0.8129963633737797,3966.2769433099465,3942.7932505985273,0.5920840386859525
165,5,arrhenius,41.00256082877013,0.8687189520959174,0.8935362859426597,0.978688728559968,49.16339931723931,2.5783603879570274,3562.189454390812,4054.7518032952653,13.827516902485717
166,0,charniere,25.11824388663591,0.6009489829190521,0.4546871654351531,0.5404544344501814,85.28316992978226,4.74068398092509,,,
166,1,charniere,25.505036488653666,0.8666761536567056,0.4546871654351531,0.4964844225342317,84.13189552844064,5.976308706748098,,11554.43494602856,
166,2,charniere,43.51093567046708,0.6009489829190521,0.4546871654351531,0.4801685838419387,92.76764624835306,16.08926708477031,7139.588123872004,4404.515996599402,38.308542171047456
166,3,charniere,44.856964469256376,0.8666761536567056,0.4546871654351531,0.4810040762328672,61.585862524085925,21.1948250658353,6370.711793190723,3151.967488705211,50.52409226745805
166,4,charniere,52.60326996902745,0.6009489829190521,0.4546871654351531,0.46505668127587885,57.51308492370412,1.8587359822797476,2510.4748992052955,2772.2251973331126,10.426326039375084
166,5,charniere,52.07243647009622,0.8666761536567056,0.4546871654351531,0.4968344038842581,89.19968919332744,3.3879385027621485,2855.8352472714146,3255.584795479933,13.99764039576358
167,0,arrhenius,26.272920810332145,0.6254071457116598,0.4170427928882681,0.5022759769438384,64.22995688533634,3.406900263116042,6872.869916316519,9313.42349521243,35.50996321204801
167,1,arrhenius,26.834210429607616,0.8561053618937047,0.4170427928882681,0.4870281172795614,40.0060626601019,36.20386700589676,9618.075573404867,6809.283754876771,29.20326209844662
167,2,arrhenius,46.256129179827816,0.6254071457116598,0.4170427928882681,0.48642300733982774,66.33861206460507,2.6052861086116823,4338.64676620841,5031.152044203092,15.961319630541634
167,3,arrhenius,46.86465570458427,0.8561053618937047,0.4170427928882681,0.4957154022358125,64.80449108953717,1.666949140234177,4961.022881382378,4796.3205294256895,3.3199272790048964
167,4,arrhenius,54.11373277741622,0.6254071457116598,0.4170427928882681,0.47307466172887397,62.191038175479555,25.91773438469032,4850.340987927726,3780.836290456555,22.05009297558911
167,5,arrhenius,54.64343693586568,0.8561053618937047,0.4170427928882681,0.4876357429546844,61.33388712133499,2.5613825164497257,3662.4185675890553,4283.07306015021,16.946574541034156
168,0,charniere,28.019150767995097,0.5417824025250624,0.8070849510009006,0.8105403897544832,60.53398513350339,0.640744098107153,5085.360610443764,4964.86697287773,2.369421694866177
168,1,charniere,26.58110168737489,0.9132593454816648,0.8070849510009006,0.8001766621603215,65.97047322795984,3.222919654223152,4489.137870726664,5534.090284948372,23.277351783641247
168,2,charniere,39.95388791375239,0.5417824025250624,0.8070849510009006,0.8126944844004581,50.83983058347409,3.7099091667038353,5378.069578414819,4640.099469915509,13.721840108971337
168,3,charniere,39.75314893799949,0.9132593454816648,0.8070849510009006,0.7779522988246819,66.74989775421184,2.0818119985323293,5183.046237231834,4684.616978246243,9.6165312091021
168,4,charniere,54.9921304711614,0.5417824025250624,0.8070849510009006,0.813896659416722,57.288086768653244,1.858057800365006,4194.984386632261,4628.90280997438,10.34374346481107
168,5,charniere,54.093009146254175,0.9132593454816648,0.8070849510009006,0.8198697282258066,64.57694112288648,1.9636212778024271,4159.12803113884,4710.823134104159,13.264681895696672
169,0,charniere,25.363149197969697,0.9466250985335449,0.6852918846401522,0.7368125607063902,69.3625352403935,3.960019007141558,6933.293667396581,9473.275759417218,36.63456668458684
169,1,charniere,42.13859729193699,0.9466250985335449,0.6852918846401522,0.715075077891825,84.53821010309939,0.9757642101082237,5709.842027939761,5616.328811085537,1.63775488702907
169,2,charniere,41.80300479352694,0.531659718667607,0.6852918846401522,0.7445886256558825,93.80706248809747,6.7400521418118045,6249.43398334967,5275.86443519047,15.5785236031467
169,3,charniere,26.173232056080224,0.531659718667607,0.6852918846401522,0.7695003865770512,65.90052644525284,1.7444854046733453,7713.674962024253,8337.322003532528,8.08495359966031
169,4,charniere,54.069300481682234,0.9466250985335449,0.6852918846401522,0.7501196782309271,67.73479045717826,1.9307326164539778,4650.035552337759,4313.579004638767,7.235569360966321
169,5,charniere,53.4713350025062,0.531659718667607,0.6852918846401522,0.7456866758459125,61.60232902779295,5.917442162706648,3350.029228220931,5387.593927356354,60.822296174934955
170,0,quadratique,52.7807632891965,0.5379421637290531,0.925985270259112,0.9497983464665466,65.300831733148,2.4673032118723874,1477.244471640252,1563.6640162917504,5.850050300445049
170,1,quadratique,32.78129506642893,0.9648620031111165,0.925985270259112,0.999032914667717,76.28900413108755,16.331251864303653,3934.2425047203756,3030.4673125825366,22.972025518342427
170,2,quadratique,40.69581773258954,0.5379421637290531,0.925985270259112,0.9612594058095499,84.52271848797257,10.263799042217977,2897.702172178838,2192.97346878018,24.320260037930627
170,3,quadratique,53.47542673146651,0.9648620031111165,0.925985270259112,0.9039280892256034,57.24154666932292,2.992369842882201,1382.1110846964593,1652.035082197114,19.529833780324225
170,4,quadratique,26.783734317740283,0.9648620031111165,0.925985270259112,0.9722239942280243,86.31081692629333,3.306106605851124,3741.121708554103,4081.014774895641,9.085325012665853
170,5,quadratique,27.188835112927013,0.5379421637290531,0.925985270259112,0.9177166325579069,90.07932462063985,2.307769899725311,4072.2600039228246,3769.3631193557867,7.438053667380179
171,0,arrhenius,27.730398386837628,0.5176073091459773,0.6537712491151815,0.6883366008047301,82.14116790238197,1.2251009160410942,4112.838887074903,4190.057958738977,1.877512681246615
171,1,arrhenius,27.824743127229947,0.9726328386946677,0.6537712491151815,0.6679864824025689,52.613203156415,1.1053635047675534,4282.276899318348,4314.850009437728,0.7606493200980211
171,2,arrhenius,48.33980676860515,0.5176073091459773,0.6537712491151815,0.6307418080517905,54.607332316624735,5.813962353734208,1569.048370117481,2061.442444414495,31.381701397780787
171,3,arrhenius,47.32146313601052,0.9726328386946677,0.6537712491151815,0.6154810657080789,92.04548827545055,1.9561519011433823,1835.8375742188084,1953.3291819933006,6.399891222647386
171,4,arrhenius,53.62406141010512,0.5176073091459773,0.6537712491151815,0.5971447097117647,55.87302663438339,5.695423846098284,1253.624913148595,1966.4188472570531,56.85862865617518
171,5,arrhenius,53.24476145409674,0.9726328386946677,0.6537712491151815,0.5961671550856171,85.52718442801431,2.1462331660680993,1606.4218506950835,1546.4655945153836,3.732285896992589
172,0,arrhenius,26.838831200713578,0.5828526908352987,0.8849358204107076,0.8081370699935608,95.05263196153437,6.208446073070695,5432.261186805971,4379.558410777629,19.37872167459797
172,1,arrhenius,25.745378432939948,0.8515749141361499,0.8849358204107076,0.7714002139905832,50.928275544726844,4.948894765818505,4424.5230324128925,5369.138054059529,21.349533378550305
172,2,arrhenius,31.85546887302326,0.5828526908352987,0.8849358204107076,0.80279893036262,43.548628643410595,5.186545044063405,3401.085053661376,4426.927579544428,30.16221322600268
172,3,arrhenius,31.267787070999727,0.8515749141361499,0.8849358204107076,0.7904800745976043,89.10379339641092,0.5201271968186886,4167.7171149875085,4278.3065240348205,2.6534768554617587
172,4,arrhenius,53.08394161670362,0.5828526908352987,0.8849358204107076,0.8165156986813253,78.51663438090225,5.449880882810043,2180.6645122669493,1757.925820348754,19.385773902411497
172,5,arrhenius,52.59513948226996,0.8515749141361499,0.8849358204107076,0.8182708433175344,94.37278248843519,5.1629074840628,1588.1523949599612,2194.705780620479,38.192391837548406
173,0,charniere,37.320719022335894,0.8638980085843102,0.40746965912211436,0.5236835116364814,50.22627082424527,6.6330685918334655,4599.717763103188,3667.1380144149202,20.274716769993848
173,1,charniere,54.49402251691517,0.8638980085843102,0.40746965912211436,0.5236829949708917,52.49786736137002,6.251735484846333,1510.360023907654,2655.973556718182,75.85036115075121
173,2,charniere,36.708014974372475,0.6265454211405446,0.40746965912211436,0.5298124484006639,89.10131642826677,0.6729280100765058,4069.8426777342097,4119.8142555054665,1.2278503551168538
173,3,charniere,45.28460710152924,0.8638980085843102,0.40746965912211436,0.5368322597805968,59.525916041421624,11.751731080273277,3680.2341585671857,2576.36568397282,29.994517387560233
173,4,charniere,25.966090631643368,0.8638980085843102,0.40746965912211436,0.5382375271084836,52.965302712326775,3.1799649207569924,5822.357062449333,7419.967484274673,27.439238176046544
173,5,charniere,44.33531907827334,0.6265454211405446,0.40746965912211436,0.5319165288032291,67.51882241257552,2.6384554346230518,3143.0106845272953,2823.3806886740763,10.16954849777391
174,0,arrhenius,25.85561841977133,0.5184779628589326,0.4377818529916679,0.5080270618118046,86.60651604202016,15.849828731243697,6132.342474112384,5423.1719553488065,11.564431076009415
174,1,arrhenius,25.644731617037632,0.8998830510606877,0.4377818529916679,0.5048566828636415,54.52372360572213,2.602845778906809,5110.336317313391,5812.524021284345,13.740538007097502
174,2,arrhenius,42.29644595220814,0.5184779628589326,0.4377818529916679,0.5013065584096627,43.00762904025758,16.47501731732567,6038.194253268917,5313.575286184242,12.00059051913386
174,3,arrhenius,42.33951597400049,0.8998830510606877,0.4377818529916679,0.48895008565069414,84.33325177099675,2.0059634560770787,5162.593550944141,5528.994041808099,7.097217459564494
174,4,arrhenius,54.16644349402818,0.5184779628589326,0.4377818529916679,0.5079666668768441,69.04916256505736,24.695233220007363,6138.476418161159,5137.411875841316,16.308029454314035
174,5,arrhenius,53.098200787437165,0.8998830510606877,0.4377818529916679,0.5139380399976456,69.13248862902891,2.3771828145006095,4886.314430375717,5672.452520048181,16.088569429454758
175,0,charniere,55.565618140781574,0.5349366366218822,0.8925472568223279,0.936407057236299,78.40335033512208,0.8357602298652742,2231.6294116725194,2185.58768977802,2.063143712557229
175,1,charniere,26.29470265245758,0.9354619501089562,0.8925472568223279,0.9219168640290712,53.22283423481236,3.3730734881661797,4552.285958567632,5854.371483894019,28.602893956514208
175,2,charniere,43.60295269681545,0.5349366366218822,0.8925472568223279,0.93221740045649,51.890313443627036,2.714163613415235,3147.1608909251618,2866.0187291098787,8.933199526784808
175,3,charniere,53.73561456887002,0.9354619501089562,0.8925472568223279,0.9204329682046386,63.73806425500487,2.1671364006243983,2125.4224869381337,2301.4701334749757,8.2829483370365
175,4,charniere,42.910561173998424,0.9354619501089562,0.8925472568223279,0.9373774013774308,63.133887800213365,0.802525387168627,3027.1991065310685,2947.6674956884735,2.627234220273405
175,5,charniere,50.954645827583946,0.9354619501089562,0.8925472568223279,0.9333489900088581,76.99376965042465,0.7229593268303338,2449.953199431486,2393.793112122071,2.2922922496008207
176,0,arrhenius,37.03966325931912,0.546756802185872,0.5259353120689123,0.6990519728578162,85.56579185163781,12.553388202629696,,7423.552297583702,
176,1,arrhenius,29.324849164479385,0.546756802185872,0.5259353120689123,0.5746889934304735,83.12537075987294,6.521272107082706,,10368.799952867172,
176,2,arrhenius,25.818398206872082,0.546756802185872,0.5259353120689123,0.6120784398832765,94.13325209128429,7.718799144016443,,10985.213925651438,
176,3,arrhenius,37.917707755697506,0.8934469383980737,0.5259353120689123,0.6098789891782547,89.75454747233246,2.0269714241215864,7061.068038170041,7017.214900192913,0.6210553097643495
176,4,arrhenius,25.543768002454687,0.8934469383980737,0.5259353120689123,0.6196748688617609,93.115110823241,3.9643478059264186,,,
176,5,arrhenius,54.231643555897904,0.8934469383980737,0.5259353120689123,0.5300127014844203,79.26159032898933,6.139159684398053,3585.6707824671103,8350.885941130726,132.89605900140455
177,0,arrhenius,26.811344147590603,0.5186208200124593,0.4600648259538553,0.4635811013378831,62.61915454136405,3.292017336368209,11733.703005079462,,
177,1,arrhenius,26.938752275549316,0.9585500691214818,0.4600648259538553,0.48415811079315424,82.9845245325784,0.9421480880716923,,,
177,2,arrhenius,43.008582318634254,0.5186208200124593,0.4600648259538553,0.48815676341267217,91.72149480176515,7.00817180755357,5881.272835965938,5517.281892969171,6.188982438815641
177,3,arrhenius,42.26278330330244,0.9585500691214818,0.4600648259538553,0.4762057352122465,40.90191514511479,2.3884446024354773,5937.751499685167,6753.1702882960635,13.7327873801073
177,4,arrhenius,54.25577275541738,0.5186208200124593,0.4600648259538553,0.4758911289027974,58.54780347021427,3.59064131515568,3047.968241310861,4640.908160786097,52.26235293023098
177,5,arrhenius,55.363932624167106,0.9585500691214818,0.4600648259538553,0.44888162797880193,68.56783765906887,3.257285574574091,3333.34891604977,4267.562454713364,28.02627514225831
178,0,charniere,26.839704603060966,0.5461911190382494,0.9374872034421093,1.250389018235226,64.62657864053322,5.625715879883481,1988.8281102704284,2427.9070561888507,22.077269707270936
178,1,charniere,28.264564101671745,0.9404079826669981,0.9374872034421093,1.1805801151835922,40.411783334200344,5.7033152879154265,2442.745069149983,2094.0347979825233,14.27534438904026
178,2,charniere,33.78979649612139,0.5461911190382494,0.9374872034421093,1.1948968827656583,55.40279334277597,2.7640614461081543,2086.173637995035,1968.4372909889219,5.643650406744963
178,3,charniere,33.56877664974155,0.9404079826669981,0.9374872034421093,1.102534606393598,85.82610656931462,3.2295612895935877,2231.2844718086676,2009.805461172317,9.92607681515485
178,4,charniere,52.59405921121821,0.5461911190382494,0.9374872034421093,1.200051656834711,51.25742809326703,1.9870077768512042,1345.535092030561,1426.518820232797,6.0187005661831305
178,5,charniere,52.034525787133255,0.9404079826669981,0.9374872034421093,1.157293028762345,97.8895197196958,3.0186927928023977,1559.7786069258339,1399.9916135656485,10.244209828926257
179,0,arrhenius,27.96931808341615,0.94712069470611,0.9032007474033513,0.6993809188750042,58.64334703099423,8.822365958332291,3728.404684749827,2891.2282758470747,22.45401129139838
179,1,arrhenius,45.9250435514763,0.94712069470611,0.9032007474033513,0.8703748435828552,81.8747825840029,2.4549955111073243,2747.4408760244833,3094.342535774671,12.626355776294288
179,2,arrhenius,53.581150713727936,0.94712069470611,0.9032007474033513,0.9273138651089267,44.28512641851202,2.5508503336684574,3124.04273752826,2855.321480754395,8.601715128470913
179,3,arrhenius,46.29580764340353,0.5293256958923099,0.9032007474033513,0.9083758026004082,64.0153201816735,1.2078540816766374,3195.2144912134795,3056.6493576577586,4.336645753728307
179,4,arrhenius,37.19915960253614,0.5293256958923099,0.9032007474033513,0.9240491738865989,49.64722233564805,3.199064404236901,2905.03764724623,3303.1180461509543,13.703106370482892
179,5,arrhenius,36.710102970638545,0.94712069470611,0.9032007474033513,0.9192547659999993,40.34903094951833,1.9267009585535382,2991.1811283025145,3301.1218538275352,10.361817363461071
