lab,cell,structure,T,C,profondeur,rmse_zone_notee,n70_vrai,n70_predit,ape_n70
0,0,charniere,25.905366971738122,0.5525022424142921,93.38680160995565,5.116594233954165,3717.4762537255497,5257.973963277646,41.43934229595289
0,1,charniere,26.1192508860232,0.9904344536634528,41.096293778454495,4.923126195941723,3782.85668666819,5166.304701432556,36.571515374611224
0,2,charniere,34.26025209040554,0.5525022424142921,54.25524597303164,9.426190059033994,4902.413088200918,3399.6489313737393,30.653560395471715
0,3,charniere,34.847354018385,0.9904344536634528,76.18263769150994,9.970037919520367,4913.780022500903,3334.533845645946,32.139130559841156
0,4,charniere,52.99715724948571,0.5525022424142921,44.31629956525113,6.60421287543447,1627.1138250553058,2619.5564272066927,60.994048902365726
0,5,charniere,53.50963746539677,0.9904344536634528,90.74835575516671,1.241828359288405,2111.828340718835,1985.0437489923863,6.003546277028045
1,0,arrhenius,27.30757393503151,0.6311024827040831,51.94061210528385,12.164495431880717,5879.346264440671,4727.588054931845,19.589902647422957
1,1,arrhenius,27.70986683779337,0.8683808650996537,63.74910758528813,1.2567610501519961,5094.099623949406,4889.129101031396,4.023685009110565
1,2,arrhenius,32.81915859607254,0.6311024827040831,54.962075062268504,1.1384103257091103,3664.8127930657165,3558.7532880340796,2.8939951648366535
1,3,arrhenius,34.43171982292233,0.8683808650996537,68.4818818830273,4.974526116502824,2454.0509408351472,3446.3133339859455,40.43365101513002
1,4,arrhenius,55.40434564145788,0.6311024827040831,57.370192980646905,1.7073164672534138,982.4380041435876,916.0232366333476,6.760199343889921
1,5,arrhenius,55.10485274663884,0.8683808650996537,79.68291776211176,2.5087243839431754,1022.1417134525035,931.960757630767,8.822744892890722
2,0,arrhenius,28.617600911372637,0.8764575736833102,80.06428242671376,0.15858404565529874,1626.1630334058946,1632.683613882797,0.4009795046961303
2,1,arrhenius,47.245103193245484,0.8764575736833102,81.96611510198198,2.7591897524180506,1652.225213361731,1476.872641509572,10.613115599136423
2,2,arrhenius,36.25296193556872,0.8764575736833102,67.70946223198521,2.1497647976789365,1703.2975470423653,1566.3873272407789,8.037950858281905
2,3,arrhenius,52.10895428099835,0.8764575736833102,62.50477043953592,2.5320707461474625,1583.8313008834077,1426.32850896498,9.944417175653612
2,4,arrhenius,36.99703522787596,0.5357919127269685,54.21872515382026,2.377064640416062,1447.0565010362288,1633.0418489060958,12.852666619215206
2,5,arrhenius,51.525547319386185,0.5357919127269685,48.37482359002046,3.4183634771161264,1323.9645452541752,1580.0323107060665,19.340983591273687
3,0,arrhenius,26.26550278269083,0.8858110777151983,61.77189480683489,0.28931827207756106,3078.4263957158983,3037.2167097495003,1.3386607529011427
3,1,arrhenius,47.070007143491836,0.6184247599219367,44.754860406578686,1.6455680345708978,3231.770062004943,2991.1490286045077,7.445487419707007
3,2,arrhenius,54.25231334898097,0.8858110777151983,67.44760307404857,2.905448675923418,3320.1059416420694,2866.2980830117544,13.668475241662591
3,3,arrhenius,40.44458778268069,0.8858110777151983,64.2948627523744,3.1726342648714474,2616.9715744655464,3142.2565841619557,20.07224743370345
3,4,arrhenius,27.242082046073364,0.6184247599219367,84.09564944669934,1.1619242072447686,3128.2180091162463,2964.9861073521815,5.218047504629624
3,5,arrhenius,54.19862765518773,0.6184247599219367,56.07195609479661,1.25438562197594,2900.450080473644,3104.7155405300196,7.042543549758973
4,0,arrhenius,43.572049347824766,0.642516497122252,64.1528386916503,1.5061396451570142,2299.3462191214585,2117.813135360067,7.894986942451504
4,1,arrhenius,25.631956739539405,0.9529164853900444,89.25599190428129,0.9990114862399098,3848.673611813992,4055.579346039852,5.376027044505328
4,2,arrhenius,51.4815660559212,0.9529164853900444,92.23391134321504,3.5906361150902875,1441.0229174596232,1785.6308929422466,23.91412178857865
4,3,arrhenius,35.36475693069257,0.642516497122252,64.30353702561565,1.899850024256959,3045.345792730784,2769.0688243700124,9.072105014157755
4,4,arrhenius,26.669017925201913,0.642516497122252,93.27685862702802,0.38627154266703134,3795.534738622537,3850.545980846569,1.4493673754122
4,5,arrhenius,51.94987111211731,0.642516497122252,43.528261473567625,0.2875761770086212,1641.9924896488044,1666.916543176522,1.517915196618744
5,0,quadratique,25.979267543530632,0.540169353414971,68.55899574342763,6.840486843513384,6691.310154054296,5846.583251239163,12.624237755640562
5,1,quadratique,25.656974826070694,0.9082165117073668,48.40776945947608,1.0870674254315005,6084.857099213412,6317.547290458363,3.8240863746008262
5,2,quadratique,31.859289873106682,0.540169353414971,67.09676912526504,1.342778391794166,4765.624800523275,5013.641776442262,5.204290860072636
5,3,quadratique,32.91425534722959,0.9082165117073668,79.10393093499272,0.995927308584622,4652.560339601198,4821.363845571394,3.6281852066138987
5,4,quadratique,41.91158530287314,0.540169353414971,50.31797444439382,6.921475619830019,3862.2100275775506,3263.542103313832,15.50065687751358
5,5,quadratique,40.67870765581236,0.9082165117073668,69.35843595730493,2.25369917398317,3428.8204322988786,3811.0005575495998,11.146110821396547
6,0,arrhenius,26.42895546463587,0.5424250983096796,46.204671170095764,0.08661588251578789,9162.54334877213,9136.33955442446,0.2859882169199384
6,1,arrhenius,25.324330536691246,0.9725269069953763,49.94998802262226,0.11910472123614868,9566.268125752867,9568.367523960926,0.021945843253195416
6,2,arrhenius,33.1460664058789,0.5424250983096796,55.62773095851492,1.150409563144447,6739.985376595802,7016.3052359791745,4.0997100727084135
6,3,arrhenius,32.918595163494246,0.9725269069953763,57.31049217765746,0.22763012634917357,6989.1783290086,7042.752368512686,0.7665284384249783
6,4,arrhenius,53.05451595146184,0.5424250983096796,55.70764593264708,3.4412774310671246,3630.4328993596696,3169.714633605755,12.690449831345884
6,5,arrhenius,53.089884437434705,0.9725269069953763,87.91991284395323,1.943448157490579,3169.0897077312507,3478.7398488952635,9.770949064919062
7,0,quadratique,53.319213391704004,0.6475329232209426,55.407349079785895,3.473591697176373,5389.573747601934,6466.883628434216,19.98877705888385
7,1,quadratique,43.12577102436333,0.6475329232209426,58.681928147914725,3.2064749279032885,6415.961895671448,7409.061420346614,15.478575789939846
7,2,quadratique,42.82676029388522,0.9426023396641368,60.78767719410981,6.284051505385683,8264.45295776261,7091.714203702927,14.190155840359129
7,3,quadratique,52.60555541693494,0.9426023396641368,95.80436874431528,3.9882712349868736,6526.779691493095,5810.5711077919,10.973383775075018
7,4,quadratique,32.87219985446905,0.9426023396641368,40.12423230270956,3.4919821190630826,9430.025152264006,8565.31991549451,9.169702337028161
7,5,quadratique,25.77999358529114,0.6475329232209426,43.36222964997843,2.493637280325836,9660.66640879249,10784.254490473604,11.630544251672955
8,0,charniere,26.265459279819634,0.6210896985448127,86.38745347213833,1.8711405346865544,4405.28556464856,4907.314537413785,11.396059696876328
8,1,charniere,25.429348343531547,0.9988729176612006,63.9701671183786,0.601274670396637,4762.173850016843,4866.739286563886,2.1957500889362302
8,2,charniere,31.54040800010484,0.6210896985448127,58.02878226554937,0.5157207610345915,4314.4873555629465,4254.973235500073,1.3794018885265198
8,3,charniere,31.545564152182386,0.9988729176612006,57.35550519999818,13.735809626569058,4689.543489436935,4166.205740206722,11.15967365286229
8,4,charniere,53.98669988512328,0.6210896985448127,55.24696656041643,1.2190105822873611,2728.391963832259,2899.2628440030103,6.262695479089027
8,5,charniere,54.89126499393086,0.9988729176612006,59.272447114777414,1.0032128569884329,2791.924907331283,2716.4934980752296,2.7017707051496633
9,0,arrhenius,46.86548983817737,0.6004560586524748,91.96511363236615,1.820252350146276,4143.174191913464,4559.404596930071,10.046171986420338
9,1,arrhenius,52.14185179844181,0.9189519941615515,47.66355458466046,5.1634641979927,2643.9848455867673,3742.7816784874394,41.55836349571895
9,2,arrhenius,39.617208738690074,0.6004560586524748,57.888484147600956,0.48723770680110434,6951.984265305754,6839.273099196606,1.621280512265234
9,3,arrhenius,27.53423313498188,0.9189519941615515,78.43409474740132,0.7779823974314182,,,
9,4,arrhenius,39.76249364089451,0.9189519941615515,69.64788388013395,1.7211703790722626,7245.25424764325,6685.093164711469,7.73142064840569
9,5,arrhenius,52.5051284562485,0.6004560586524748,60.68777662453841,8.318576550251134,4092.4718813129593,2868.4520113331887,29.909059988142833
10,0,arrhenius,25.081048321460788,0.5101486424931356,58.54814327531592,2.4748586155417205,9073.73662973496,10364.171728716952,14.221650370071249
10,1,arrhenius,24.75083721201719,0.8929945322704239,60.16462841947452,13.722370809349034,11195.179698668722,8779.969852841103,21.573658581959386
10,2,arrhenius,46.26107414493623,0.5101486424931356,45.19059770724853,0.9879394180363074,6187.143891901547,6411.60050663514,3.6277904418448643
10,3,arrhenius,45.62853258900111,0.8929945322704239,68.30571857016585,3.468890477685676,5347.055156826402,6713.654133797448,25.557974191202348
10,4,arrhenius,54.71491429118365,0.5101486424931356,83.52120519196967,12.174719852495896,6606.834636921227,5040.342999261883,23.710168692663483
10,5,arrhenius,55.57316491008443,0.8929945322704239,47.68523279992917,0.13680763702513538,5374.442013387053,5363.96990559769,0.19485014003831636
11,0,arrhenius,28.38669680638945,0.5560012809641549,88.41870707684028,0.15776275793909497,2147.093699181068,2155.7756873077024,0.4043600020784215
11,1,arrhenius,28.03606360805932,0.881514887128295,81.41374097217275,1.3238911238612086,2229.1048860594337,2099.6410010291966,5.807886647231786
11,2,arrhenius,37.720261052358715,0.5560012809641549,43.0004360350685,1.0119099384954051,1723.4109875276129,1834.291573500415,6.433786646090168
11,3,arrhenius,37.44340781531722,0.881514887128295,41.04319924296632,0.45482097904979596,1834.3485985069203,1788.9939383933647,2.472521316312086
11,4,arrhenius,51.46780009547002,0.5560012809641549,78.73834608260618,0.51340798663972,1383.3575072546107,1422.9107704318305,2.8592220716477414
11,5,arrhenius,51.987963477963106,0.881514887128295,76.93685264899413,0.47238360659480366,1413.5692290324562,1377.6783122341349,2.5390278778838105
12,0,arrhenius,26.504188995086416,0.644741590801375,56.27803671931753,1.8158432424590827,1873.4696834121441,2016.3801198454612,7.628115773564841
12,1,arrhenius,52.77638489071476,0.9930933851758855,44.05607051635741,0.8634196197727333,1503.5961350410344,1440.8210985613264,4.1749932057383745
12,2,arrhenius,39.2858595512611,0.9930933851758855,69.36161654516874,1.328271203994279,1592.315096340736,1710.556502398827,7.425754257421715
12,3,arrhenius,45.46228912316639,0.9930933851758855,69.39619803050577,1.5363248154177604,1650.1964330933006,1560.9090139114924,5.410714590773812
12,4,arrhenius,26.323750179310768,0.9930933851758855,45.88566067554119,1.0359871191897456,2037.0053208011109,1949.4547117690452,4.2980059078900155
12,5,arrhenius,52.807580963786656,0.644741590801375,94.42772561064693,0.5959647276999102,1420.5750634527935,1473.6405496313805,3.735493290274159
13,0,charniere,28.367706726373825,0.6431789173242464,84.06122057302032,3.421844452047928,6861.002553804312,8715.179452140592,27.02486821416747
13,1,charniere,27.241040076735008,0.9972399146800776,81.69883261784041,0.2620309729452431,7966.089514092868,7957.572000899615,0.1069221376207794
13,2,charniere,39.77166584961549,0.6431789173242464,79.01118844798513,4.433787266541036,7018.078800933987,6340.763640553116,9.651005347656284
13,3,charniere,40.18173687864012,0.9972399146800776,52.603125915280344,3.233432941849912,7774.989606195561,8088.158409600069,4.027899962142166
13,4,charniere,53.19429548112924,0.6431789173242464,83.89480429284752,2.9627999346168292,4727.24745436139,5602.869970280216,18.52288301749406
13,5,charniere,54.15926636748294,0.9972399146800776,88.25595073871148,1.0110705128530364,5062.9897004605,5265.2930160833375,3.995728365879101
14,0,arrhenius,27.329662229277197,0.8989786140620167,40.53620271677055,2.338588593707338,5203.546667441327,5884.584068876876,13.087946451923072
14,1,arrhenius,55.15716007195697,0.8989786140620167,41.21121664176398,4.0095069497157,2709.397594851976,3679.503821516929,35.80523687288329
14,2,arrhenius,36.891954942244034,0.8989786140620167,93.24100422167288,16.802982303310202,5177.18743604015,4373.64539570257,15.520821879923696
14,3,arrhenius,36.99849718649581,0.5174213208943131,89.06260019076456,1.3318022976282264,4365.844414319721,4575.809995157584,4.809277677170258
14,4,arrhenius,54.766389122488924,0.5174213208943131,67.3410686392609,26.015172516117794,3714.5684397321534,2905.7359566671876,21.77460171182869
14,5,arrhenius,40.08126028727794,0.5174213208943131,90.49876467150548,1.2103483956567087,4070.467875288312,4279.124741713591,5.126115051589736
15,0,charniere,26.808419717978587,0.5870631367268659,39.935918053461116,4.632603878655019,3889.7167653787233,5134.810743904646,32.009887959147946
15,1,charniere,26.818607256106716,0.9539127341742402,68.85745566730994,2.0195925729498545,4313.69741680112,4842.327849280929,12.254694323734494
15,2,charniere,36.990431731371615,0.5870631367268659,91.1583902469717,4.159433698185261,3608.574888473228,2948.316408314884,18.296931629918213
15,3,charniere,37.8801609013945,0.9539127341742402,68.7904849953472,8.035140465261541,4008.331927968806,2786.7633199465768,30.47573479378118
15,4,charniere,52.1050886762421,0.5870631367268659,81.1773902676613,4.900065462264153,1422.3946929087542,1956.1982784417912,37.52851358306356
15,5,charniere,52.824458734114,0.9539127341742402,89.43976777168363,3.2412133816723605,1465.3390871577108,1778.1547654294109,21.347664920237847
16,0,charniere,28.181968098939613,0.6427374838770548,63.01687641684803,2.48978602937208,6716.38517286596,6013.1088193730375,10.471054524004114
16,1,charniere,27.67148001260683,0.9979862115176461,94.17512948851135,5.245809238811931,5325.748442934576,7353.755963582401,38.079296128571166
16,2,charniere,44.8737018011122,0.6427374838770548,43.596144084752595,9.152753645689353,4772.258146176508,3255.019462317934,31.792887924015012
16,3,charniere,45.46470106287142,0.9979862115176461,56.713566313547304,0.1201032758562187,3404.2544569754896,3414.6555491077147,0.3055321587642418
16,4,charniere,54.028081144195326,0.6427374838770548,40.333089757620726,1.4516398438951175,2431.98774877644,2628.8545647865326,8.094893410097903
16,5,charniere,54.35975835986763,0.9979862115176461,57.13736122128248,4.347405868971646,2124.4560200910396,2809.6200092733966,32.25126727513971
17,0,arrhenius,27.382102364640026,0.5987772528418096,94.05333356313373,1.5250788202339443,7319.663359746359,7891.867659936659,7.817358149789669
17,1,arrhenius,27.153251676104237,0.9985762695778576,85.17469474576738,0.8697725984979865,7952.113453709252,7643.10247797142,3.885897472874894
17,2,arrhenius,32.42958851446218,0.5987772528418096,43.993971424572045,0.34325278017822136,7529.291475941842,7588.732952862151,0.7894697277989748
17,3,arrhenius,31.772809645630016,0.9985762695778576,79.96439535576043,0.6012982435456415,7771.24444181186,7560.229709304051,2.715327436780662
17,4,arrhenius,53.68794204270417,0.5987772528418096,90.07666602623435,0.6270077663517659,6851.697471318751,7073.337408964173,3.2348179202775382
17,5,arrhenius,54.61324688200098,0.9985762695778576,52.3623227801957,0.831655935950706,7027.2214844493465,6773.058489398764,3.616834841665708
18,0,charniere,24.980401881200443,0.5402958179869803,55.03229102284377,4.9727595546742025,2234.663115186832,3110.859836357773,39.20934279606998
18,1,charniere,24.5469695222764,0.8560242308716491,50.893863339440685,3.6939519163463204,2428.1716253676295,2957.440003200834,21.796992119660082
18,2,charniere,40.748320631405576,0.5402958179869803,67.61200328039547,56.44414854464395,3263.9027057848207,1528.5623298984654,53.16765027372605
18,3,charniere,40.79505823459766,0.8560242308716491,58.207065256096335,2.288791613926114,1813.4589068309976,1720.7169555185767,5.114091693121773
18,4,charniere,53.40574889981882,0.5402958179869803,86.86351283754728,2.914223374755555,1153.8008512581926,1323.997231723238,14.75093212831749
18,5,charniere,53.89230972914888,0.8560242308716491,51.555641179915064,6.549928571763369,924.0606678723954,1511.2642038935073,63.54599394140641
19,0,arrhenius,31.64061916608413,0.9640759720230418,54.70805305770441,1.9787303377669674,2651.1295992538953,2451.9581979242266,7.512699544591155
19,1,arrhenius,27.66254895442458,0.9640759720230418,61.9662352467463,1.2325669917784545,2468.2017161420495,2598.505433797121,5.279297749567415
19,2,arrhenius,54.15888415600483,0.9640759720230418,83.53216514170077,7.924781967819294,3167.7848080830545,2324.6636670045473,26.61548028537682
19,3,arrhenius,46.976581501305574,0.5088675354369977,45.297367837934175,2.5295596224012336,2311.7496011739004,2619.3034025330544,13.303940928679255
19,4,arrhenius,54.9505423957792,0.5088675354369977,64.7763001846732,3.5840164608604517,2291.8936729867623,2738.513296030306,19.486925955928633
19,5,arrhenius,46.30036336839592,0.9640759720230418,83.25979918793331,0.23324555801582286,2539.3142747460265,2553.5671470463867,0.5612882360449739
20,0,charniere,26.346277451852814,0.5841040687885704,64.42574153608649,4.330608405027153,5749.8135635062945,7478.1610800345,30.059192310128424
20,1,charniere,26.83896422820177,0.9491914600830982,41.206767563661955,1.442207667722365,6510.43342699814,6864.610834977797,5.440150981514031
20,2,charniere,33.15878002915736,0.5841040687885704,42.32788049281136,3.5509387379500765,6001.691847043542,5394.121605486204,10.123316175531894
20,3,charniere,33.10126272713148,0.9491914600830982,52.45344343671809,7.939296262995292,6577.637961924931,5288.652685045784,19.596476491113055
20,4,charniere,52.3869206013597,0.5841040687885704,43.79782352377865,3.325075172282743,2888.069090282933,3407.2596599720823,17.97708273101896
20,5,charniere,52.54571483022469,0.9491914600830982,84.36925462496914,1.4594780203066107,3237.0320759648685,3063.047877121192,5.374806142191738
21,0,arrhenius,52.43193162894691,0.9165982834390368,57.307720743379065,0.47838592546581693,1560.6767612311262,1539.2413288034547,1.3734703405695812
21,1,arrhenius,39.184619686482414,0.5669016377177799,78.4737411810956,1.0964354742861546,2992.0255051252557,2851.1342958885784,4.70889064933887
21,2,arrhenius,26.13392808363502,0.9165982834390368,66.33643712585697,1.7658997183812528,5703.594138829489,5327.537350010012,6.593330094428004
21,3,arrhenius,25.863159547511827,0.5669016377177799,62.03416679178345,1.6081682973846467,5346.534765240067,5759.295924785847,7.7201622671436345
21,4,arrhenius,44.1055096042309,0.5669016377177799,49.90432431174621,1.6100987114378578,2157.4364072276826,2296.032904623671,6.424128976950278
21,5,arrhenius,53.26662801644494,0.5669016377177799,62.17212564306277,0.27069755703054593,1490.8820736767884,1486.8986048505915,0.2671887264948445
22,0,charniere,34.02468443710292,0.553362396218378,42.02622250567738,10.809285307675804,6306.4969275927515,5075.047565379038,19.526678223305964
22,1,charniere,25.72289404491518,0.553362396218378,64.01985094749236,4.76730981132995,5607.611511643792,7216.874837154114,28.69783903839995
22,2,charniere,26.847937939654262,0.960879928523968,67.49285151451609,2.1754935675698057,5957.31697575255,6480.012268883004,8.774005063989822
22,3,charniere,47.26673917752127,0.553362396218378,69.49593364255034,5.169167758973182,3206.2129717797347,4376.794179927502,36.50977706256332
22,4,charniere,48.17138397754975,0.960879928523968,47.5798152727257,1.47181729071305,3911.431048112527,3735.2970147392225,4.503058630122053
22,5,charniere,33.78670191265994,0.960879928523968,43.26014999880861,9.923832039066761,6277.86741780937,5112.85477194982,18.55745858146961
23,0,charniere,41.630199817010194,0.624862688948185,63.201022657901866,0.6539645623359022,1578.553207426614,1535.0578058645633,2.7553966098461635
23,1,charniere,41.33551285008826,0.8603834903963513,88.04817191067836,0.18842005268347617,1560.7861134011853,1548.1747320885927,0.8080147051738247
23,2,charniere,47.82881579619138,0.624862688948185,64.47882962772024,1.4038776700246995,1303.9973287990147,1420.54530086857,8.937746228122743
23,3,charniere,24.644438829228687,0.8603834903963513,52.001313668903514,1.8089581010379323,2014.7538659408963,2237.193426843975,11.040532774915349
23,4,charniere,25.43766484083142,0.624862688948185,64.80354884020868,2.4494496520496023,2239.7012900201557,1974.991235160687,11.81898925713824
23,5,charniere,47.11489103971021,0.8603834903963513,66.95966352259182,0.22384415842360755,1405.7781023322248,1384.1965745658301,1.5352015891121278
24,0,charniere,27.176333639230158,0.5225023671503309,68.46973147564483,4.872460435340801,2687.224940247645,3535.3330446856025,31.560741035687133
24,1,charniere,27.53509351355175,0.9368367001074149,48.716248572091764,11.236556007270302,3532.210920712385,2793.0384667513636,20.92662274573182
24,2,charniere,44.860895924376955,0.5225023671503309,45.42289488971807,3.99180757697431,2567.3573474354853,2285.48074375079,10.979250861445507
24,3,charniere,44.29823876725478,0.9368367001074149,85.9172357042443,0.30194929180900526,2310.3556705727597,2351.3020843179283,1.7722991427989818
24,4,charniere,55.45044777086052,0.5225023671503309,57.811203616275186,3.1498261506700533,1835.3237441389601,2097.63850135155,14.292560538721444
24,5,charniere,54.512280216317386,0.9368367001074149,63.187251909745285,0.11302770940385923,2021.2051296444974,2028.5348871135404,0.36264292829754463
25,0,arrhenius,27.264396333261864,0.5226827157819253,89.6968568768117,0.22915620653849866,2073.06948591352,2040.9821815107214,1.5478161547807032
25,1,arrhenius,28.26227166734325,0.8955190834601694,69.92205428814879,0.49096316521578814,2001.9370918124862,2046.6969943282056,2.235829622158373
25,2,arrhenius,32.479927775671165,0.5226827157819253,58.63020365461969,0.20950941957469604,1900.1780928081928,1882.7269386141436,0.918395715648888
25,3,arrhenius,32.550010569937044,0.8955190834601694,78.74588672088419,0.2618388105715057,1889.8198183012084,1893.5858140533428,0.19927803252268128
25,4,arrhenius,53.58068738617014,0.5226827157819253,50.77907978743676,0.11708196538205563,1349.68225045158,1341.2812707028243,0.6224413002352979
25,5,arrhenius,53.17779662222447,0.8955190834601694,59.816694282639375,0.21798780375720275,1357.244360653348,1363.1930471751211,0.4382914893018696
26,0,charniere,25.511381536287377,0.6165718795996602,92.82915975782946,2.2807608089856446,3301.970205698534,3720.303560860111,12.669204417399587
26,1,charniere,24.901210478530377,0.8614857143860641,55.137186331916624,1.3009140347822523,3688.8014164774568,3451.18039491462,6.441686464915421
26,2,charniere,49.40387346347371,0.6165718795996602,53.4738799717134,1.4976193056327658,2661.937738212967,2480.893866919027,6.801206079879228
26,3,charniere,49.16296950122344,0.8614857143860641,42.58683572898402,1.9426884091437981,2739.236964175554,2470.846751028125,9.797991800545388
26,4,charniere,54.01281861187613,0.6165718795996602,57.5843454404127,1.239848207978695,2463.9843630038804,2334.2033581151936,5.267119663473383
26,5,charniere,54.36010700422496,0.8614857143860641,67.93873020943074,3.842946211513025,2021.1066872074484,2521.8087330447593,24.773657373284337
27,0,arrhenius,53.54599697548569,0.5061870402167786,62.108704130206,1.437053103179479,3725.0016392610455,4037.136337539614,8.379451299798323
27,1,arrhenius,54.85600851707565,0.9648592368088923,44.182864184263806,0.5076729073492515,3830.828087601223,3920.942542822423,2.3523492352179014
27,2,arrhenius,43.85056898476974,0.5061870402167786,52.331467915354445,0.14442096272014937,4467.878606900512,4427.254330953205,0.9092520079789999
27,3,arrhenius,25.051972952596874,0.9648592368088923,46.07614274204716,0.9387251881185041,5620.9348139264175,5927.509250372391,5.454153919138238
27,4,arrhenius,43.31227528528581,0.9648592368088923,49.85679625520768,1.0608325805770418,4673.473695379368,4420.870153233009,5.405048976655347
27,5,arrhenius,35.11043025553813,0.9648592368088923,63.0991713691997,0.4543661958412855,5017.145782450858,4917.730685933403,1.9815070326477735
28,0,charniere,54.74694145810984,0.500139091197753,43.64499503516545,3.087105402135904,1168.7548122288079,1429.7651945118928,22.3323471742837
28,1,charniere,42.03232982183117,0.500139091197753,90.48208123273233,2.456545829003715,2031.1732824943624,1809.3976755201982,10.918596108246112
28,2,charniere,26.274179553079854,0.500139091197753,53.580632796598124,0.23073509755039168,2925.8132878429765,2951.494331280205,0.877740337838228
28,3,charniere,38.468437162917375,0.500139091197753,48.33376110756705,1.110413270570414,1936.9101033832153,2077.203918644933,7.243176387828496
28,4,charniere,25.84605888699021,0.9285280768750275,52.32391417568543,0.2610197551259335,2944.323590741488,2987.4231299012836,1.4638180156326408
28,5,charniere,54.153277305574775,0.9285280768750275,87.08702249681544,1.437871594204469,1377.8364148855585,1277.35226229082,7.292894244131637
29,0,arrhenius,52.18251263263648,0.5482778171376134,54.18517068427658,0.9363860050776251,1895.873202864598,1846.792560293622,2.5888146157040866
29,1,arrhenius,34.04339582206856,0.5482778171376134,66.76054013032338,0.8267108091445184,3536.9518267564185,3629.448870007017,2.615162653640757
29,2,arrhenius,41.64654516160163,0.5482778171376134,81.73341943357893,0.5159758771220344,2749.497174402925,2701.4346417248366,1.748048084047419
29,3,arrhenius,52.91553071688059,0.9655006509370592,54.1294374808082,0.1842885998702171,1808.8218513028576,1814.4403540893834,0.3106167023844239
29,4,arrhenius,33.729468421119414,0.9655006509370592,87.0957151047498,2.0523204894279985,3399.078042216273,3726.0701512322453,9.620023575650718
29,5,arrhenius,25.307459705484863,0.5482778171376134,42.524719029954284,4.938908441039483,5375.645073675181,4780.343130991019,11.074055941665256
30,0,charniere,52.50194812136971,0.9019167101884105,69.18355175384478,4.945191593941323,1466.8527145350547,1831.4958995659301,24.85888197346764
30,1,charniere,34.400167892832734,0.5584417417177385,94.93799090814537,2.719967483791775,2286.982025567937,2095.45297600788,8.374750978311416
30,2,charniere,42.141586239370454,0.9019167101884105,58.12906303711945,0.2821916064342063,1865.9033456740895,1900.278943244888,1.842303228111735
30,3,charniere,25.382022188421075,0.9019167101884105,86.66031330566202,6.4118035027213995,2141.872676538342,3086.245552733678,44.09099040012103
30,4,charniere,41.889536612939715,0.5584417417177385,43.65764584325112,2.241918196784418,2019.5887037742432,1856.0480616545558,8.097720185008944
30,5,charniere,33.26133266442186,0.9019167101884105,90.00800538289823,2.8987389656177265,2356.2329309712472,2135.666501916672,9.360977268221816
31,0,arrhenius,49.16464747647454,0.5661638691362755,80.57519979762927,0.45635026759684283,1455.4622701404282,1438.3170115609707,1.1779940250737841
31,1,arrhenius,30.563131216362127,0.9633277223410577,47.70059440094688,1.735733598121037,3742.8895009697167,3588.992899631335,4.111705710214251
31,2,arrhenius,26.621872695929582,0.5661638691362755,47.77726109099274,1.2793613121541887,4321.019989038439,4592.2015778956065,6.275869807246913
31,3,arrhenius,55.472111094700075,0.5661638691362755,78.89243319243931,0.5883409087712907,1062.7895250270287,1086.931499286583,2.271566824008756
31,4,arrhenius,30.162034084857392,0.5661638691362755,58.56501944944388,1.8345733861414548,3822.901718731476,3654.24313302938,4.411794969138287
31,5,arrhenius,54.14248444662077,0.9633277223410577,47.28256115890503,0.9533297522373461,1117.5233960926948,1164.356935298345,4.190832994584165
32,0,charniere,25.219988369223117,0.515790484306216,53.469598279267,1.2398370862234103,1882.3177463224554,2025.4016752769235,7.601475852523611
32,1,charniere,25.644876564227893,0.8842338866818618,63.287236894792024,1.7131085139783038,1855.963398568045,2045.3913947002686,10.206451068936778
32,2,charniere,45.325757191209476,0.515790484306216,79.543030765087,6.795649695662767,2361.5826376388645,1738.5829511126965,26.380600729223254
32,3,charniere,44.453250826371445,0.8842338866818618,44.89336536601676,1.5977403621501456,1984.3685508011106,1813.524442482763,8.609494856657344
32,4,charniere,54.39672821863853,0.515790484306216,65.25658733827468,2.73519981743299,1961.502464558226,1705.2594959587993,13.063606762132629
32,5,charniere,54.169547991164634,0.8842338866818618,57.14219600674343,7.018944844785416,1308.0373905974195,2108.9032029994823,61.2265228929185
33,0,charniere,26.966216739161233,0.5491052461123596,67.31353721729862,2.0009909020640904,6737.771690871127,7298.294233811711,8.319108581551145
33,1,charniere,27.242226150033282,0.8963244283927968,58.63416955955265,2.5141227145271117,6559.729360118378,7139.11049266331,8.83239384946936
33,2,charniere,32.46907027844179,0.5491052461123596,87.42958614090212,1.1836489592222856,6524.807741605783,6328.75483209155,3.0047308254631178
33,3,charniere,32.64252778614769,0.8963244283927968,86.31288426553652,5.73323925018909,6982.808930562442,6211.262258642767,11.049230755015508
33,4,charniere,45.57301104014267,0.5491052461123596,90.28065887845196,2.0206717631583837,4937.375715520581,5320.825212947975,7.766261259438389
33,5,charniere,44.99203394967656,0.8963244283927968,94.68005150795514,1.5694898921999072,5227.149882952378,5011.2745278065495,4.129886457816638
34,0,arrhenius,42.71462020421167,0.9443679224268113,67.0501948670461,6.927241043967228,5957.329008924478,5099.095350669542,14.406349841837581
34,1,arrhenius,27.51947976395383,0.9443679224268113,49.01981899046159,6.281445376880835,6003.077117561131,10134.217598223764,68.81704831972891
34,2,arrhenius,47.07307448221987,0.5723891352415325,64.96671731652404,18.062120461765737,6256.31487958759,4658.568467633694,25.538139347283266
34,3,arrhenius,46.91283646631012,0.9443679224268113,83.42006796722407,12.143065714234254,5994.9036800763515,4729.8601871021065,21.101981958084327
34,4,arrhenius,53.16101486369412,0.5723891352415325,90.58320796859716,7.195550457282232,3278.5482706809544,5762.113932833553,75.75199317217196
34,5,arrhenius,41.85535837876231,0.5723891352415325,47.57226722554082,3.3891840401827062,4607.222813399966,5433.803057025212,17.94096524312136
35,0,arrhenius,27.03307191402275,0.5943216835944846,66.98807686223331,2.8757440478646137,2062.012148471636,2313.5082763794912,12.196636576281291
35,1,arrhenius,27.365928246133482,0.9329043596907548,71.76294895241082,0.6401433072568343,2215.8038221587976,2168.205073276483,2.1481481531131497
35,2,arrhenius,37.47704923524351,0.5943216835944846,56.183624788875335,1.3028275587161187,1887.2552368040995,1814.055640556152,3.8786272688745895
35,3,arrhenius,36.69472505322472,0.9329043596907548,81.59568925454987,3.207218698753308,1999.914386736004,1817.6400288797145,9.11410803708321
35,4,arrhenius,55.464178051446865,0.5943216835944846,64.81466366952394,2.8083624153096785,1273.9109441896594,1445.7277695387725,13.487349813012756
35,5,arrhenius,54.167741757157465,0.9329043596907548,43.75036160820598,0.6050347252039819,1395.2575585136951,1354.3917530927533,2.9289076537577974
36,0,arrhenius,26.616267946945257,0.607545741328144,92.68955430546661,0.838270425459717,3741.3418464555466,3565.5532156154945,4.698545015516019
36,1,arrhenius,53.026076311560914,0.9568390131478115,83.56361917658685,2.2841781271413244,1420.107944261526,1258.4652097915357,11.382425901014626
36,2,arrhenius,37.33178250207461,0.9568390131478115,43.50482146347062,1.745507880932262,2581.9764568184464,2343.87302619123,9.221750647587672
36,3,arrhenius,31.419759958051884,0.9568390131478115,49.83944604027334,1.6534273029896152,2781.540441019355,3052.440461377581,9.739208402770833
36,4,arrhenius,52.15254890574964,0.607545741328144,57.18327961699273,2.9275329586694987,1243.3544707823237,1496.2853330489884,20.342618956243392
36,5,arrhenius,27.25056712018773,0.9568390131478115,85.63838168265599,0.2565181643270624,3536.476303589194,3563.8012011571004,0.772658862161028
37,0,charniere,24.482834319834136,0.6265374656672366,82.79438049235877,1.1236666541456173,4996.480879419641,4747.088787268033,4.991354878967838
37,1,charniere,24.956143353181794,0.9807684895325154,46.82471892340687,3.060900581104272,4364.848255729407,5217.929578184521,19.544352345704993
37,2,charniere,47.995754522552026,0.6265374656672366,85.40203387014381,3.5794003812270296,2876.570773674258,2393.777675067316,16.783633589875762
37,3,charniere,47.07252672535601,0.9807684895325154,57.0922246211658,4.301494934785075,3031.908530461961,2438.0798935983044,19.585968075797368
37,4,charniere,53.92067345787859,0.6265374656672366,49.14160202076657,2.7382961427049253,1875.783359617776,2249.293244310345,19.91220802644706
37,5,charniere,55.58606659971726,0.9807684895325154,58.343422287679715,3.033602139081325,1783.1291021719996,2170.672861661312,21.73391478032923
38,0,arrhenius,27.43709020551032,0.5946800287814765,43.21614833425581,0.5773154740085507,2654.4293709762223,2706.921987364946,1.9775480546848463
38,1,arrhenius,27.316603745713532,0.9886467004046235,78.21222064377785,18.727804565288807,3079.1646446434715,2415.790010750555,21.543980606783265
38,2,arrhenius,43.46096220475042,0.5946800287814765,46.931704501669415,3.8654141614970743,909.8146659284206,1116.9946131508896,22.77166493145636
38,3,arrhenius,43.865801097874275,0.9886467004046235,78.84216406776687,1.9417203653885289,980.6327914454452,1074.1162849213022,9.53297649144111
38,4,arrhenius,52.867539094115116,0.5946800287814765,87.44142511822271,2.04016767906554,677.8363744958777,632.8171518615968,6.641606194085224
38,5,arrhenius,53.123487363002795,0.9886467004046235,87.51436681124855,2.179667712084438,676.3155733368567,630.0351833160224,6.843017053783426
39,0,arrhenius,25.53496554095561,0.6182429280651952,58.00785454653697,3.0371323171047555,5517.379074224581,6314.805431753718,14.452992023956742
39,1,arrhenius,25.63397623049788,0.8862632571877831,74.44356360263596,2.8658691482764977,6218.5766263344585,5645.166381387001,9.220924327267708
39,2,arrhenius,45.896303535713585,0.6182429280651952,90.33074563731583,2.557660920118623,4194.945110547463,3828.62161630217,8.732497913363295
39,3,arrhenius,44.78637967109853,0.8862632571877831,45.04058047739131,0.6318771313170216,3914.965249291444,4002.7322307307645,2.2418329627627056
39,4,arrhenius,53.86168781862445,0.6182429280651952,82.03105637046247,0.9781359752605334,3252.6166668501005,3405.0404969991655,4.686191019757495
39,5,arrhenius,55.011999862225736,0.8862632571877831,42.63142894234224,0.916567541956095,3232.3698559624017,3351.6499539944152,3.690174805088917
40,0,arrhenius,32.36160929273888,0.9079038076070595,49.53171756051553,1.977729094000139,4954.7978494585595,4569.217133893795,7.781966636780129
40,1,arrhenius,27.280202019193208,0.6149725797190669,88.63644244095161,2.036105109754716,5452.005105300672,6053.68280822984,11.035897643312754
40,2,arrhenius,46.3298331012106,0.6149725797190669,60.02586536924141,0.79366149703753,2602.6904538172425,2490.9652991447592,4.2926793122332825
40,3,arrhenius,53.475854359562774,0.6149725797190669,67.18728644564045,2.796941487658942,1790.0631502814351,2095.97912460157,17.089674980016138
40,4,arrhenius,33.157598726039595,0.6149725797190669,56.01930365424473,0.2546728355525908,4505.626011837601,4481.54141032297,0.5345450654660279
40,5,arrhenius,27.63268615879244,0.9079038076070595,67.21413542491112,0.9061869295229327,5909.253799065095,5751.913105115397,2.662615269200166
41,0,arrhenius,32.07077280135589,0.5745673509117655,62.70470278020233,2.203906061582619,1525.051258668883,1747.2204233982961,14.567980155849314
41,1,arrhenius,32.81771799185635,0.8695407891562668,83.85240217718099,3.4667922230563444,1788.5754791593079,1659.356329546235,7.224696475980445
41,2,arrhenius,55.19060181827006,0.5745673509117655,93.51189356556468,40.65143110675616,1697.7106786835614,1112.45110942102,34.4734574984451
41,3,arrhenius,27.004329304443157,0.5745673509117655,46.84335890350897,26.180632044776278,1957.1027714839772,1553.5083217679842,20.62203659391718
41,4,arrhenius,39.700561450787234,0.8695407891562668,63.77514860400021,1.938898863544109,1501.8657811821924,1688.4090061229529,12.420765375846239
41,5,arrhenius,39.81549655316412,0.5745673509117655,87.17595332623709,2.268601847774627,1467.6427085663986,1689.2821517674931,15.101730271776647
42,0,arrhenius,36.91114364554414,0.6129021971838879,60.069361965190446,2.729450841286054,2128.6427101068607,2519.345030396447,18.35452790806647
42,1,arrhenius,26.68312519974918,0.6129021971838879,88.97773877810738,2.0865238625347025,3901.500385323437,4371.044600366304,12.034965235661282
42,2,arrhenius,49.03318889544576,0.8674930907258463,93.1385075022256,1.0626089415661342,1321.9320261058326,1365.6680727888067,3.308494371818226
42,3,arrhenius,54.495583209826684,0.8674930907258463,92.78798066760159,2.362753668751905,1057.2271415731923,1017.9798007399995,3.7122903196366392
42,4,arrhenius,37.21508833454446,0.8674930907258463,85.85356175847917,1.4042697192602924,2452.89549155735,2396.183028229871,2.3120619497519637
42,5,arrhenius,26.79457234741063,0.8674930907258463,64.05586792657988,32.70516661192516,4819.668827215262,3809.8143484269085,20.952777358601914
43,0,charniere,25.524436612525072,0.6243105157913567,58.77886874442473,2.0390037140461788,2510.180422086003,2761.3298624496647,10.005234609986804
43,1,charniere,25.578389430172074,0.9732775184732122,57.34108459404533,7.188798509921359,2041.7874308215803,3104.3106956471515,52.0388777394927
43,2,charniere,35.266187350573375,0.6243105157913567,66.88949509698081,14.378094061899917,2804.9132004251474,1685.5387853700508,39.90763118393219
43,3,charniere,35.91537773503464,0.9732775184732122,91.3471223853495,2.50413182170488,1999.061419960734,1766.738183000619,11.621615756292181
43,4,charniere,52.39618661237097,0.6243105157913567,47.62663886775069,4.8250200249869835,1128.4598300104722,902.2815657608,20.043093979479373
43,5,charniere,52.334710401905866,0.9732775184732122,79.22478595314051,8.551904091411853,697.6015947519055,1302.8815936344422,86.76585653417234
44,0,quadratique,25.09331932614454,0.5924742471704392,62.3533867208117,0.2747017273411011,3030.7195133720793,3002.929470684409,0.9169453842579535
44,1,quadratique,53.96880747547291,0.9461307396683311,41.88916023518308,1.7026777727857059,1841.7345988733919,1728.0826117323031,6.170921000811455
44,2,quadratique,24.842948459732366,0.9461307396683311,81.88791019972186,1.1707195063026767,2969.565895366937,3144.486734887498,5.890451523351252
44,3,quadratique,45.920709193231,0.5924742471704392,41.732203829313434,4.455145029823992,2263.085838125734,1977.5336468133758,12.617824145320524
44,4,quadratique,53.477198882048114,0.5924742471704392,68.03147452599748,1.8161657708063599,1663.7937110596658,1829.2141873054982,9.94236696209631
44,5,quadratique,46.336840117884265,0.9461307396683311,46.920548300784034,1.4758060535771622,1895.8269050926153,2043.0726385163734,7.766834252020748
45,0,charniere,27.34076610707971,0.6311615529088441,41.9570276069095,2.6056541481128264,3907.4002561976745,4546.3722083686125,16.352866619114348
45,1,charniere,27.91292521237369,0.9020950449120322,57.39839946229577,8.204924180259761,4876.707446431102,3478.3692582201975,28.673817397724843
45,2,charniere,43.25628060205203,0.6311615529088441,78.37050760239339,6.857326639328632,1189.2187950767186,1951.9212421423895,64.13474544997143
45,3,charniere,43.86494724942645,0.9020950449120322,71.92440120669352,2.8724814935669127,1950.7760135347555,1692.9762056355244,13.215243888103
45,4,charniere,53.93569000167569,0.6311615529088441,57.341350368609646,4.020115257877284,1181.6762293817399,971.362418459324,17.797921773585422
45,5,charniere,52.83167253225627,0.9020950449120322,62.02930696645567,1.4425971855476312,1156.9477872466928,1073.9856837743466,7.170773338853914
46,0,charniere,28.196835215481325,0.8618560752914248,78.71807364372582,6.436250346365492,1357.4320898433598,2147.4988526166917,58.20304151381166
46,1,charniere,44.391932507786315,0.8618560752914248,82.937640097368,8.00821308408993,1878.046906643728,1295.7345389579154,31.00627389155405
46,2,charniere,34.06915350908897,0.8618560752914248,46.910513650772444,5.334183612081052,1838.3436395709791,1432.364163085821,22.08398189252054
46,3,charniere,54.02736611557811,0.6428748348326225,54.94739904169457,2.550660139948554,1136.5418850935641,1322.4468179409564,16.357068339112544
46,4,charniere,53.88198421912281,0.8618560752914248,66.27980817248476,2.009218434989803,1168.2686709374157,1304.2441061648842,11.639055177124815
46,5,charniere,44.5817086104696,0.6428748348326225,67.93811539724135,2.5650723468421615,1215.6963863910069,1412.9194289856068,16.223050821109105
47,0,arrhenius,27.15711082223548,0.6297777971399493,59.85646791786585,0.39397947202123174,2140.334280207496,2187.282486482136,2.1934987776810604
47,1,arrhenius,26.073906302241983,0.9501493115119902,51.043598681674496,0.562769612365241,2223.06745379275,2158.565650569917,2.9014775558333548
47,2,arrhenius,37.592831319542505,0.6297777971399493,44.48294459715563,0.5488306238403263,1981.3065130938976,2045.0490146332208,3.2171953767913744
47,3,arrhenius,38.09768220184187,0.9501493115119902,87.83253962644466,0.1652999297918847,2032.6088203133443,2020.2265189176446,0.6091827051006697
47,4,arrhenius,53.20002472290298,0.6297777971399493,93.09143855884963,3.274153271253999,1641.5206123937216,2018.3478305725955,22.955984550774023
47,5,arrhenius,52.69900974706628,0.9501493115119902,41.51416373733326,3.417332243419181,2048.464477839702,1737.7092334082367,15.17015539167102
48,0,arrhenius,27.384495522620778,0.505963401887445,83.78428867362065,4.48676283524099,3352.133536407863,3938.585336099016,17.494881791600488
48,1,arrhenius,27.818477301841718,0.9601018998190776,53.70438814628786,5.95351845671707,3913.035061711308,3404.055199429646,13.007291124528466
48,2,arrhenius,43.810160528443994,0.505963401887445,63.20514765922273,3.9868414747853946,3159.847066048409,2860.3115062637894,9.47943218528003
48,3,arrhenius,44.08406195448851,0.9601018998190776,55.61865366487862,0.5690651233881745,2886.98017298392,2881.867418027347,0.17709698890272135
48,4,arrhenius,53.72963306749531,0.505963401887445,52.51213446598664,5.452238650552056,2172.53190306703,2849.245234789365,31.148602732461523
48,5,arrhenius,53.36252953713772,0.9601018998190776,90.9519810627004,4.888847648230937,2818.01926942386,2464.7699813839067,12.535375179041075
49,0,arrhenius,27.12489665618961,0.5165760329826456,82.29898596930532,1.8172075282594329,,,
49,1,arrhenius,26.405819173616933,0.9543374412410166,80.3096433086502,0.5492248709043712,,,
49,2,arrhenius,35.76430810397206,0.5165760329826456,57.93564678271493,0.5749789151754032,10011.220355799918,9826.244325242942,1.8476871348637518
49,3,arrhenius,34.56004502225502,0.9543374412410166,61.6243670262619,1.934462937165137,10991.036819550392,10275.579640874243,6.509460303176537
49,4,arrhenius,54.40136856328357,0.5165760329826456,43.943691031103384,3.9974089057325983,3924.957612479904,5077.908727918399,29.374867941822842
49,5,arrhenius,53.81216447715472,0.9543374412410166,66.51462219202065,6.911646739258207,5171.996376978703,4110.007706915938,20.533438012250524
50,0,charniere,26.369639460213676,0.613221950273606,65.05688499440225,7.999397654559332,5050.906089471207,4103.86091407003,18.750005615335567
50,1,charniere,26.200048213658558,0.8614643177418925,66.76250773041636,8.174375511244559,3054.785352380237,5434.775702515496,77.9102318361194
50,2,charniere,33.755318133031984,0.613221950273606,89.34456855979775,15.090250842703904,4936.781793676845,3494.923794776682,29.206435673274672
50,3,charniere,33.849749931258415,0.8614643177418925,43.78962515799831,3.648525205591747,4053.3669767073807,3640.2879715092176,10.191009291088521
50,4,charniere,52.824174952282824,0.613221950273606,93.6112756661433,2.5683216993191396,2315.732815194604,2592.1867076902404,11.9380738002974
50,5,charniere,52.52040563276506,0.8614643177418925,43.31750757979089,3.1961284410310817,2300.2643568442822,2692.993735752608,17.073228028760504
51,0,charniere,26.71884240719065,0.522149850637339,79.89815485455546,9.07724569359551,4665.814958216851,3196.3172582932075,31.49498454360577
51,1,charniere,27.316212083319762,0.8739931093742755,52.48858731917368,2.8496740466625283,3348.588921956922,3986.864426789732,19.06102897992628
51,2,charniere,30.933093984348844,0.522149850637339,85.5648382042416,1.434664808698009,3483.215645926541,3775.6475606691633,8.395458233675763
51,3,charniere,32.09611074998292,0.8739931093742755,52.77747810929462,2.5917729586705818,3298.327935896617,3810.9130742744005,15.540757266710123
51,4,charniere,36.23799651619795,0.522149850637339,53.069627410878006,1.269788705533749,3536.887855984138,3879.2402653846584,9.679481604747155
51,5,charniere,36.931323169828254,0.8739931093742755,52.27420480325454,6.276952590171183,4315.003425688778,3266.6604217897707,24.29529945811496
52,0,arrhenius,27.355766599220914,0.5336559914002007,91.57277684618107,4.609862676010581,2291.038402586685,1906.0767375355758,16.80293375337883
52,1,arrhenius,27.501290385249543,0.8676774243504708,69.79969076140924,2.017442571609662,1928.5746772225282,2194.9309169800667,13.811041019222358
52,2,arrhenius,47.393234124767545,0.5336559914002007,57.29464235032465,0.7033716300069915,1640.9092449300322,1583.507227608748,3.498183552724863
52,3,arrhenius,46.48523545561357,0.8676774243504708,82.16016764406643,0.6050070209010748,1558.51973758174,1623.947665858704,4.198081467898809
52,4,arrhenius,51.88802464219333,0.5336559914002007,59.25411262057035,2.0776216574723994,1389.7272108930736,1560.9927681027918,12.323681645382676
52,5,arrhenius,51.247286885152725,0.8676774243504708,58.0182170241905,1.2260215211373064,1596.1284482836118,1491.3002710381572,6.5676529578920135
53,0,quadratique,26.552856336448407,0.535255073350141,46.15706019137652,15.87688719391604,10889.17185718891,9430.565608375726,13.395015414787755
53,1,quadratique,26.13191726061059,0.8750060688813378,53.444932501934744,2.030599383761321,9759.313507731185,10656.281405909262,9.190891321069984
53,2,quadratique,38.82527560601916,0.535255073350141,68.72121311252589,1.0454978504068657,6451.900299838871,6285.637292687411,2.5769618162824472
53,3,quadratique,38.844418692132095,0.8750060688813378,42.949435805694215,2.3185900304584455,5730.299037971082,6429.46110420089,12.201144505668932
53,4,quadratique,52.790018459558,0.535255073350141,85.41251100024643,7.002276299483102,4020.4131724845497,3636.417795488948,9.551142146872904
53,5,quadratique,51.83326866452004,0.8750060688813378,56.495382735991136,1.4388035802153898,3896.6296728179723,4151.541696608021,6.541859124264715
54,0,arrhenius,52.271249224309166,0.9248514275956121,59.649778707304044,0.8851294993083489,1151.216818357557,1225.6932235691552,6.469363896008205
54,1,arrhenius,53.39186860750786,0.6069681395629589,49.66824739790409,0.1512750990607131,1143.1938431522422,1137.3957768537812,0.5071813790103519
54,2,arrhenius,40.49470475552641,0.9248514275956121,53.934657722990686,1.980130159722955,2067.5813468687593,1861.9834895310282,9.943882384560006
54,3,arrhenius,26.170872775864673,0.9248514275956121,46.669946803590754,2.586862793165312,3711.5710642099707,3281.1809345489064,11.595901633441452
54,4,arrhenius,39.68516419133906,0.6069681395629589,52.40260553719693,1.2380346966427511,1856.8255406234275,1980.7188608396566,6.672318831559804
54,5,arrhenius,25.36593836913245,0.6069681395629589,46.03962683026358,2.589172759837264,3327.4121081905037,3839.2612137723154,15.382798671732997
55,0,charniere,52.777922789675,0.8879229629346598,63.55393671711518,7.725658929479392,2305.5416979843744,3996.603576285578,73.34770304868564
55,1,charniere,40.29749604986432,0.8879229629346598,80.64284914268352,0.4036123484755336,3577.6927409913856,3630.896867767999,1.4871072120595397
55,2,charniere,39.96301851669855,0.6126741834147464,80.47564083820782,3.4073845176200805,4108.274194014941,3539.108412894303,13.854133250156863
55,3,charniere,27.24413578339297,0.6126741834147464,64.31966487480422,7.829057549468898,3829.5362289165855,6621.37565817136,72.90280760823651
55,4,charniere,34.74103503987535,0.6126741834147464,89.4172888818978,5.940432297867484,5076.816538747709,3915.6089689076734,22.872750294941113
55,5,charniere,34.84455840695515,0.8879229629346598,62.359796766137094,2.206742202400454,4474.698396237351,4046.525095715311,9.568763358041705
56,0,charniere,42.20680059842812,0.5193631190628974,83.75389523425856,4.9714183642120595,2633.7102762117665,2177.960838116416,17.304463676653295
56,1,charniere,53.9965380175395,0.5193631190628974,56.03044546756613,1.2511871923475557,1748.6173882328608,1861.7170338891463,6.467946985851667
56,2,charniere,42.40162352552838,0.8933981718104316,90.57892997294925,1.4917395503727,2363.2229678220197,2216.5569351085915,6.2061868351168625
56,3,charniere,52.6565313832029,0.8933981718104316,47.36349469444073,3.5223953285832694,1623.600134200236,1969.8459980660396,21.325809019864348
56,4,charniere,48.28976136647631,0.5193631190628974,81.81512797355998,1.644091335455454,2129.5116621807365,1987.8205527214373,6.653690232163359
56,5,charniere,25.99761953732738,0.8933981718104316,49.49074347547167,6.729952397922482,2824.5094029551915,4556.158571510062,61.30796260558038
57,0,charniere,25.593605132852336,0.5531744276456914,51.89728197963578,2.054944516446519,6539.93227365311,7075.734207687347,8.192774964853665
57,1,charniere,25.425562803878645,0.870008489340268,78.98658855504915,4.374651913409937,5631.554597312672,7626.480994277255,35.42407984318478
57,2,charniere,30.799058998632507,0.5531744276456914,52.35733364724407,21.24593788855273,6782.000385692761,4994.053154218468,26.36312488637022
57,3,charniere,31.58542856198795,0.870008489340268,64.80107832126876,6.486663651267177,5710.105201400877,4985.419253174407,12.691288910906254
57,4,charniere,54.32154732051784,0.5531744276456914,67.37110227256595,1.8608086689407046,1916.6689458162773,1796.9651143682565,6.245409866388841
57,5,charniere,53.90665092298304,0.870008489340268,59.04797676637433,3.930763510826746,1693.3616415703839,2100.3656764047532,24.035269539761355
58,0,charniere,39.53832052692841,0.520486718831521,78.89758981676383,1.6122989020189775,1804.114917137689,1657.5804968733648,8.122233172197683
58,1,charniere,48.30079582468001,0.520486718831521,67.48349688483304,0.10346278184587705,1401.0121978719203,1407.4734321400695,0.46118329861535134
58,2,charniere,39.4119491932785,0.8532941168980028,64.06003179988065,0.29593842704636775,1684.8722862216882,1674.3455175531537,0.6247814006212112
58,3,charniere,55.3363972870144,0.8532941168980028,74.40710483366493,0.36725279285132867,1221.4433271410478,1220.4990209336086,0.0773106853552932
58,4,charniere,26.463832258789708,0.520486718831521,80.27042936467497,1.391321391826718,2210.1939305564842,2352.493564477433,6.438332489906018
58,5,charniere,55.32910716067902,0.520486718831521,56.33835854621051,0.7484246580153059,1180.2346292073546,1235.8801523631407,4.714784821485678
59,0,arrhenius,25.568856957476825,0.942876178075955,69.52857374985201,0.17013929526871746,11924.220229462062,,
59,1,arrhenius,32.76113150190392,0.942876178075955,83.04455674430208,1.7986236189092168,8901.375974980148,8212.191476224816,7.742449040378493
59,2,arrhenius,31.70981469833897,0.5674553252132587,46.656044674103974,1.6012432240944545,8227.125802814728,8927.353617443265,8.51120830544453
59,3,arrhenius,44.884430323954604,0.942876178075955,70.41262942913937,2.365653713361179,4174.228436843767,4809.793665904113,15.225933095815728
59,4,arrhenius,44.41802171153346,0.5674553252132587,69.16577723108902,4.970050004243144,5634.600951897557,4494.689045858489,20.230570288303753
59,5,arrhenius,51.811200435871875,0.942876178075955,94.15699974898763,2.095422684326722,3123.8943675181367,3557.354478231706,13.875632774930969
60,0,arrhenius,25.96670098012511,0.5461122527117404,79.51471439326485,3.6805518505630173,,,
60,1,arrhenius,26.490894434199717,0.912110012381504,84.28263158046799,1.9715535529200234,,,
60,2,arrhenius,44.7057439817285,0.5461122527117404,85.36299077689834,0.9442705705815251,7204.94415114394,7552.845545320153,4.828648034988257
60,3,arrhenius,43.52876296447639,0.912110012381504,61.81066565792731,23.477769488021295,11122.267065138742,7354.046360489432,33.879969637307966
60,4,arrhenius,52.694819633075134,0.5461122527117404,94.538528619925,0.7038088174214154,5504.238267175171,5367.908853602321,2.4768079969549675
60,5,arrhenius,52.94160359432875,0.912110012381504,41.70322683539996,5.066415844189274,4299.845247208499,5965.549312539345,38.7386980127305
61,0,arrhenius,30.68162460940207,0.8533830754374421,50.74196512773873,2.4257847473432324,2743.5538224255206,2535.7818686393207,7.573095599142025
61,1,arrhenius,26.17708935787632,0.8533830754374421,67.86850790656955,0.7241809126327524,2990.56360314522,3059.62615665813,2.3093490952767595
61,2,arrhenius,42.54107763304085,0.8533830754374421,57.58370866452395,0.253788469900909,1880.424549606004,1874.2635248039967,0.3276400961313813
61,3,arrhenius,52.43830272616591,0.8533830754374421,82.93000866743317,0.38977865332093786,1431.9814936139094,1446.652481962937,1.0245235999525513
61,4,arrhenius,42.70297351759376,0.5600775482305745,87.81939350172834,1.360495597860112,1763.292878086242,1877.1362133910582,6.4562919024759
61,5,arrhenius,52.89387514149683,0.5600775482305745,93.36192845783086,2.096871858889894,1313.7046563919953,1450.749761812302,10.43195704251306
62,0,quadratique,35.511751906113545,0.9961409580781324,54.24777293643637,5.424853227456644,2858.4562561959174,2188.912951981176,23.423248222303783
62,1,quadratique,40.77286246643411,0.5609552934092958,78.85336954804579,0.44624602608206954,1957.9564250833844,2009.0292633486717,2.608476757245111
62,2,quadratique,27.524559403338095,0.5609552934092958,60.29949769602546,2.3868542571573657,2714.0608689114288,3100.5127270694297,14.238879554422127
62,3,quadratique,53.31516832013594,0.5609552934092958,69.04752803818876,2.242014931255881,1369.6860235937536,1571.2000128343486,14.712422100348723
62,4,quadratique,36.00881011375371,0.5609552934092958,42.005068383008535,2.6394633396805083,1994.833566560365,2346.526884036194,17.630208523222517
62,5,quadratique,40.59645427821525,0.9961409580781324,47.38806544463397,1.19979477020554,2119.8872804595494,1984.840749373372,6.370458105532004
63,0,charniere,27.064285147709025,0.622925436084534,68.52712341455063,4.684707922706653,2581.322990041268,3443.961611020151,33.41846891330293
63,1,charniere,26.871673518662504,0.8712633424327089,55.32123760024928,3.3372381698673794,2791.2090554273077,3501.6829885039033,25.45398495663123
63,2,charniere,39.01856442550417,0.622925436084534,78.05773402668062,6.454347941817016,2334.1969686357866,1911.1956242188742,18.121921590196138
63,3,charniere,38.41513355578453,0.8712633424327089,81.14599509833575,32.90766651214289,2990.9821236551547,1869.342342409921,37.50071832173054
63,4,charniere,55.09259403741084,0.622925436084534,85.51367139767099,0.24446730194479424,1126.5435523552578,1131.9097154200808,0.4763387135458729
63,5,charniere,55.44328437682571,0.8712633424327089,42.325734646082715,6.3110660307753745,872.52510576866,1342.5214140118987,53.866221743750366
64,0,charniere,27.63340220446535,0.5976719962856306,40.78182834315615,2.8741656985996062,4157.314474575741,3654.8527137179863,12.08621007457059
64,1,charniere,26.444714719630966,0.8655104082833397,58.488620521859694,3.143100685685887,3627.5638626854175,4277.547741332092,17.91791690651323
64,2,charniere,32.101405537957554,0.5976719962856306,80.45903998456645,8.648706133861571,4052.4845435472585,2789.879725420465,31.156314220549707
64,3,charniere,33.16346820553861,0.8655104082833397,92.26354368632514,5.593552634772134,2083.633116751355,3014.4217061806607,44.67142425152667
64,4,charniere,53.24014144788493,0.5976719962856306,88.57826368899747,2.85619863835341,928.825491528474,1112.949896244462,19.82335825139695
64,5,charniere,52.77216594257426,0.8655104082833397,42.38194559072789,2.7654330726741305,1128.898646708086,973.3804436024786,13.776099702050734
65,0,arrhenius,25.877897762643144,0.9586877351700611,78.84619488864418,0.16506856026905978,3631.8803030113722,3656.0572779719632,0.6656875486932944
65,1,arrhenius,52.77128855881164,0.9586877351700611,42.571781954242034,0.7080357794760246,1616.7590320190345,1684.0020987058003,4.1591273254117285
65,2,arrhenius,31.813918307873877,0.9586877351700611,58.83011521263661,0.23780509701319785,3015.586310276964,3034.1112832072845,0.6143075019006523
65,3,arrhenius,46.03258301200894,0.9586877351700611,69.06979439878441,1.6869048065511683,1879.497095716342,2039.439410397662,8.509846333141594
65,4,arrhenius,52.28777981658545,0.6424328526123693,91.01958960665942,1.3755655219454643,1729.1687507155355,1626.0022391118378,5.966248902023419
65,5,arrhenius,32.01642546750595,0.6424328526123693,53.897895876072894,0.8347119368138393,3097.986374019369,2989.3475536354026,3.506755913939578
66,0,quadratique,52.56828846773558,0.5846690638491578,56.090713017063266,1.540439236299704,5057.244985972029,5375.967697674416,6.3022992278695495
66,1,quadratique,25.211620798716275,0.5846690638491578,86.90818211372932,0.9245496824233018,5049.716912676083,5225.301031630755,3.4771081625172036
66,2,quadratique,38.29069991287084,0.5846690638491578,53.96327006624845,3.4481119497830877,4532.054757206824,5339.596431459095,17.818444778676298
66,3,quadratique,42.756818102678444,0.9994018678659444,42.57633162789158,4.47517626183308,6044.169711524801,5031.540156359453,16.75382399065504
66,4,quadratique,43.4047334526165,0.5846690638491578,40.613987614271196,1.5533670967403843,5441.9401268632055,5144.698836023302,5.462046327423248
66,5,quadratique,51.68010347044275,0.9994018678659444,51.717556790584574,0.4008785448645814,5107.776398126107,5288.854117856484,3.545137954684332
67,0,charniere,25.652319360226425,0.5584862589201809,47.81815274208163,3.753556978551053,3320.4853454262907,2964.852422757301,10.710269303216354
67,1,charniere,25.707632483151325,0.950727734741603,67.04559904913035,5.384109520865238,2491.611983264431,3398.9253817314097,36.414714833657435
67,2,charniere,34.00913142131775,0.5584862589201809,94.57760467438975,9.327592910239101,2880.842862167232,2088.2028231279496,27.514171267327868
67,3,charniere,33.802665641814585,0.950727734741603,45.029512784484254,1.1714205001521514,2147.8454979912103,2255.8105145570794,5.02666586897634
67,4,charniere,54.45764266445967,0.5584862589201809,53.085533336647806,0.5374295817861836,1097.7630265921207,1052.79896329867,4.095971735633729
67,5,charniere,54.58503061582389,0.950727734741603,90.16728328566194,4.781361683670726,921.5033136690284,1195.3667406964712,29.71920154438043
68,0,charniere,46.33021399018156,0.591586229611792,59.811275891342426,0.3976444518916955,2529.4825148513487,2478.694793881759,2.007830481981983
68,1,charniere,34.553090716265345,0.8932348981710261,46.069396933332925,14.385710334703985,5111.124679170786,3085.2303907362657,39.636956943949876
68,2,charniere,54.52961286394472,0.591586229611792,60.65569734269073,6.244482056512177,1701.0200977812403,2604.3619485980375,53.10588934222995
68,3,charniere,25.295785548488876,0.8932348981710261,49.4816051729975,6.830845917813079,3236.19349498414,5181.739092270112,60.11833347732215
68,4,charniere,25.058733629885086,0.591586229611792,65.4433872812718,0.5219213565041638,4291.155678599526,4442.517467608823,3.5272966153186807
68,5,charniere,36.17697736444178,0.591586229611792,88.88909533303492,1.3724861836508546,3425.759475584566,3211.4318736445707,6.256352889556642
69,0,arrhenius,27.87689030299588,0.5986595019977669,82.75473991833228,1.9171383059461446,7870.862724114044,8500.641904006945,8.00139961739442
69,1,arrhenius,27.078072250317003,0.9786898496926812,78.03484520785605,0.2217230545728199,8489.156639696484,8484.045394623536,0.06020910309332623
69,2,arrhenius,36.346131890448575,0.5986595019977669,43.251360820784136,1.9705833161626995,5481.843162019174,5889.198120714118,7.430985284608167
69,3,arrhenius,37.01380504708181,0.9786898496926812,52.769452055289676,8.240370523383135,6530.896674949337,5500.351366131947,15.77953778950858
69,4,arrhenius,52.5225688473033,0.5986595019977669,67.4089886381862,3.042031822632095,2940.775402170172,3372.1105204522805,14.667394115300361
69,5,arrhenius,52.51597050916259,0.9786898496926812,62.96098213352819,2.846142107699916,3359.2039400979224,3081.4679639647416,8.267910525405158
70,0,arrhenius,25.93799813234925,0.510111816937987,50.37781590677817,2.9173479285314956,3109.594361346996,3739.5624829950434,20.258852070183252
70,1,arrhenius,27.638529607872723,0.9738128884280686,86.23932548494345,19.566457334254046,3729.215603176454,3074.7836713974184,17.54878240940552
70,2,arrhenius,32.14365336706074,0.510111816937987,91.66584304413682,0.2658470578142791,2621.8105124944664,2601.475153333584,0.7756227638867327
70,3,arrhenius,32.31347024013649,0.9738128884280686,43.68176067386412,0.7962325807996146,2516.2340834211736,2633.314230753704,4.652991075192161
70,4,arrhenius,53.907099421904775,0.510111816937987,79.21338396753544,4.76778861614133,838.0718118278475,1177.076826172692,40.45059260559898
70,5,arrhenius,54.357098220468735,0.9738128884280686,42.06908612717401,29.082227892705365,1159.3096808426876,857.6347127362368,26.02194850017703
71,0,arrhenius,25.70543743875568,0.5767507796995213,54.46805216082455,1.472448299687963,4881.896718308669,4617.449928115109,5.416886211496442
71,1,arrhenius,25.35203822241882,0.8827163194500186,93.35254546035694,0.6657240310985558,4700.324272721206,4823.967254224927,2.6305202434924557
71,2,arrhenius,45.063527436504465,0.5767507796995213,56.21728786054099,0.3658768089093973,2612.8778816633685,2574.5930147333274,1.4652375144937413
71,3,arrhenius,44.2521534790836,0.8827163194500186,68.68333391740241,1.1754834322570495,2529.0257985848,2673.3172801582095,5.705417542761026
71,4,arrhenius,51.21260621336921,0.5767507796995213,65.5494388305571,2.1838267632159925,2308.9722392956073,2095.2881713448305,9.254510050582718
71,5,arrhenius,51.57266018210369,0.8827163194500186,46.58246636314084,1.6533478125023167,2015.757444032283,2174.0163198438363,7.851087256558766
72,0,arrhenius,27.987597217717873,0.8928544533611469,51.685233269541804,7.498229643278146,7712.0253943923135,6383.152244952666,17.231182231400826
72,1,arrhenius,53.91476789403769,0.8928544533611469,95.89868912586333,0.4798735799572595,3114.783518235268,3192.283577886496,2.488136308591267
72,2,arrhenius,31.022657321324797,0.5331586482975414,50.56907624080582,2.191066792077811,5861.0078597991105,6391.0356823747825,9.043288036024558
72,3,arrhenius,44.794049567243384,0.5331586482975414,48.20196273618254,3.4612086490018603,3610.4899859710245,4288.124271804812,18.768485398569563
72,4,arrhenius,44.78702706603625,0.8928544533611469,69.82357302072009,7.956271822339082,4969.978795937084,3898.238316951687,21.56428675030839
72,5,arrhenius,31.64715570960451,0.8928544533611469,62.79527611361868,2.0442023170400145,5742.042832591778,6298.482165957838,9.690616207314163
73,0,arrhenius,45.97902907116931,0.9148372800836723,69.46566318572754,0.8503741583050827,5709.263105246634,5988.987910568918,4.899490532591246
73,1,arrhenius,46.32387475063219,0.636045989318713,61.39892044249013,0.6225118696834163,6032.4427043341175,5870.479822593409,2.684863987590685
73,2,arrhenius,39.744751268186725,0.9148372800836723,61.39745593872047,1.3955396355403538,6282.902011552491,6726.631533515601,7.062493114602403
73,3,arrhenius,39.431830449936605,0.636045989318713,66.83511509447702,2.0263182806401705,7222.677710402521,6575.873024725857,8.955192403851806
73,4,arrhenius,25.820718600337685,0.9148372800836723,47.40299876044919,1.243626774333195,8597.10967303862,9187.602780402272,6.868507321890949
73,5,arrhenius,54.390592912576736,0.636045989318713,84.56464831741945,0.24118548837232995,5099.200013129372,5170.5932000575,1.4000860280888408
74,0,arrhenius,26.92310005121746,0.5910031058034019,41.0091267817876,1.8888837029805057,7129.874038614887,7814.9582084254525,9.608643379955932
74,1,arrhenius,27.649472032209317,0.8867535820496569,42.4344164384394,0.6921654465030558,7522.823063082809,7253.823325912682,3.5757817898204416
74,2,arrhenius,42.99744707368635,0.5910031058034019,78.09334526778764,1.3331715577341874,5027.7365354877875,5406.8320741304315,7.540083613507492
74,3,arrhenius,42.44606849110313,0.8867535820496569,89.16615343855405,2.980061701855669,6021.328628899529,5265.3644610775245,12.554773446407388
74,4,arrhenius,53.33347416172179,0.5910031058034019,49.171279651158216,1.9387042276338355,4061.5722968713344,4535.631334297105,11.671810884443513
74,5,arrhenius,53.56361237878945,0.8867535820496569,66.50546492997896,1.5909821990674542,4550.113897310938,4213.477409901388,7.398418918886816
75,0,arrhenius,26.633082085195937,0.6149948450897715,87.50765365293786,1.1471574390484487,2709.984998155623,2879.2178348395923,6.2447886906808225
75,1,arrhenius,27.06276572889211,0.9304111667449665,83.4192867686673,2.4886914871610344,2582.2159671763006,3001.4601524657924,16.235829636974273
75,2,arrhenius,35.50776705777203,0.6149948450897715,87.34633995821143,2.2770279629657937,2468.649450786775,2203.261231891141,10.750340385956907
75,3,arrhenius,34.99537613561641,0.9304111667449665,86.10176666129476,1.2090155331690924,2394.6672082534556,2257.4617601326318,5.729624878477132
75,4,arrhenius,44.1157197284535,0.6149948450897715,52.50110610431632,1.6929316878025455,1705.8078161885812,1868.843084474508,9.557657476925458
75,5,arrhenius,43.810687391283324,0.9304111667449665,42.73291987903434,0.32972271696193356,1794.2756373300822,1839.3412946431417,2.5116351342828316
76,0,charniere,27.254950351610162,0.5239758379300964,51.086244546307356,2.8417095423224716,3974.721654047842,4645.3164822073395,16.871491554045452
76,1,charniere,26.917486494702217,0.9266761301411816,80.95548176742666,3.924872860185945,4498.458029981757,4132.484756711898,8.135527125754768
76,2,charniere,45.40645947505828,0.5239758379300964,54.5291496087404,10.026815763933268,2670.5046160200873,2185.3456965144646,18.16731252195571
76,3,charniere,45.31003912241171,0.9266761301411816,85.96220456460642,1.7103163143839029,2113.5460692330566,2298.3082462137654,8.741809779795975
76,4,charniere,54.07382096490695,0.5239758379300964,91.60547489276567,1.1729860978848798,1638.2461861447541,1717.608383341987,4.844338895364324
76,5,charniere,53.34079740400034,0.9266761301411816,82.4979859258488,2.792509933076463,1596.4908496876863,1839.0163344897503,15.191160340787931
77,0,charniere,24.670706378158144,0.5901024376697512,69.60784476964035,5.649135965430368,4556.196591458766,6739.856550847055,47.92725501533159
77,1,charniere,24.639499614636172,0.9682384102259969,40.26177655492739,16.6552568517198,6663.419049459519,4989.864733061347,25.11554959962959
77,2,charniere,41.400519549302246,0.5901024376697512,68.06476190863752,1.7643198181193294,4387.622387596111,4197.949542173679,4.322907230089826
77,3,charniere,41.689116941435245,0.9682384102259969,42.007657944565054,4.410436992972381,4599.3590231571,4133.122162061004,10.136996454259416
77,4,charniere,53.87794003502937,0.5901024376697512,44.06676744654373,4.28802318603448,3070.7560016230145,3749.6716555403464,22.10907195356773
77,5,charniere,54.47767134263944,0.9682384102259969,60.14764379270893,3.8749861735441637,3656.419781036434,3321.35149289819,9.163835341774323
78,0,arrhenius,44.25781755168175,0.5395725152747338,85.58242939216628,5.318597181767789,2080.577572547741,3236.2363938676876,55.54509654282207
78,1,arrhenius,35.09741564999587,0.5395725152747338,53.18197625020314,14.244953211734579,4726.965961622412,4174.144065637368,11.695068263095798
78,2,arrhenius,26.048216560758352,0.9321640295458001,66.20546423649084,3.1194084344301736,5582.9832547371925,6966.206163504737,24.775695101608477
78,3,arrhenius,34.84374156919048,0.9321640295458001,61.57197415604526,1.5556979282537113,4067.574761779206,4357.267132751138,7.121992537027574
78,4,arrhenius,27.331507437555402,0.5395725152747338,85.18220119948718,37.007204120405476,7537.5239652233695,5409.513644499474,28.23221963262883
78,5,arrhenius,54.24551796293532,0.9321640295458001,41.00610063760639,48.19868851903974,2349.8754569565795,1373.1361817621475,41.56557626502671
79,0,arrhenius,25.046388930621532,0.9918028736353084,67.12001695235459,1.3341095834752257,11447.65897862404,,
79,1,arrhenius,24.719055416946013,0.5978451455550631,83.69764015014698,3.3279645360674057,,11600.798946187771,
79,2,arrhenius,52.53350916159117,0.5978451455550631,54.937025536240014,0.8226730003217487,3675.8247068121145,3519.0003140615086,4.266372998145852
79,3,arrhenius,52.822901495444334,0.9918028736353084,52.44295186112311,0.11173691988599413,3547.7430646380753,3569.832340177628,0.6226289541575354
79,4,arrhenius,37.562911255429825,0.9918028736353084,51.65823229007498,1.2758832936519833,6465.133611447104,6840.712300049192,5.809295076857991
79,5,arrhenius,29.62625837972996,0.9918028736353084,72.8933612726351,0.6032358578919081,9454.10980947394,9735.706906761723,2.978568082693479
80,0,charniere,52.631609455946744,0.6491287688067492,83.64894845594199,3.1020811702516977,1422.1668173764306,1643.2973800234965,15.548848415335748
80,1,charniere,40.29571903155066,0.6491287688067492,49.16440724395465,3.8237423238092347,2089.2150098418156,1829.4100524592445,12.435529907581993
80,2,charniere,45.52578105252023,0.8970312441259847,47.60568051373202,1.5461297415089066,1639.049542975794,1755.967973345065,7.133306669729972
80,3,charniere,25.910463469561996,0.8970312441259847,81.34682927077651,1.4816848294916687,2306.898791554073,2444.811959153577,5.978292940480367
80,4,charniere,46.30344542548215,0.6491287688067492,49.20653343691271,3.0659798676028,1849.1389566119633,1659.24150473948,10.26950685309329
80,5,charniere,24.66602139044461,0.6491287688067492,83.64676956455777,0.8644692291925179,2417.301849112874,2498.354550700892,3.35302360430343
81,0,charniere,26.92955736217622,0.5780758691398408,46.96285946919202,3.0370201278764664,6070.301589001796,5785.915074815532,4.6848827857501725
81,1,charniere,27.23462538615994,0.954679649327391,56.122170972115235,1.5449248792759926,5625.841793236574,6061.358965942522,7.7413690024047686
81,2,charniere,44.46841492147486,0.5780758691398408,60.746136112017666,20.208921151716815,3191.834149058612,2719.5735592094397,14.795900030973078
81,3,charniere,43.97888276339518,0.954679649327391,64.68826304530411,1.776059324230564,2638.4166397676095,2917.262496315831,10.568681698914016
81,4,charniere,55.168591923907826,0.5780758691398408,83.13354161661886,38.83921449401057,2331.757101904199,1612.776624307676,30.834278450760454
81,5,charniere,55.41833901338018,0.954679649327391,94.47980684647116,5.594439470237552,1360.4399994453904,2141.195966875142,57.38995970039412
82,0,charniere,27.02602328774304,0.5923394089123096,61.7563041205875,1.5426956364276359,3143.3450908545597,2950.6630077566683,6.129841857277853
82,1,charniere,28.55842539471134,0.9541097527779856,48.8859510556666,2.2935333820480066,2715.917790374275,3007.906173961533,10.751002280780378
82,2,charniere,38.132061253262414,0.5923394089123096,48.46718436705916,3.65330458983691,2607.6869475818908,2273.395876759574,12.819447945325834
82,3,charniere,37.99981171594415,0.9541097527779856,51.894941468615436,1.2252094420732929,2177.0912049585413,2362.5999639835645,8.520945682133508
82,4,charniere,53.52935249776408,0.5923394089123096,80.74180013725655,6.120026908770234,1894.3548491745444,1488.2354788035127,21.43840002035501
82,5,charniere,54.83897548314106,0.9541097527779856,57.14101501453722,5.32350812169997,1352.5756013666728,1875.1596953875494,38.6362206661754
83,0,quadratique,27.459913013297893,0.6009034540612215,57.63428486010096,0.9697419967558426,1953.478065904139,1920.2681587921152,1.7000399283548153
83,1,quadratique,27.67612503448739,0.8690839262758921,55.65839241998461,3.1914456757771594,2042.8859443908784,1816.5695759169823,11.078267442942156
83,2,quadratique,44.34239133914738,0.6009034540612215,52.931627587328144,2.2266907506665934,1553.0428996774128,1430.814460044388,7.870255204052208
83,3,quadratique,44.16921779249099,0.8690839262758921,94.32482650754841,5.34228298348818,1083.405375528596,1523.9836143026832,40.66605618964443
83,4,quadratique,54.17437197847323,0.6009034540612215,81.86433740689391,3.930378508763243,1401.536338866191,1185.898025074016,15.385852497169013
83,5,quadratique,54.01953458093914,0.8690839262758921,76.71865309699287,0.7128096512005495,1225.9343799672924,1262.1591351479233,2.9548690184867237
84,0,arrhenius,37.25505369338194,0.5603388163165708,58.9278120994379,11.181110852746473,5158.401388487862,3397.2880436745413,34.14068065241381
84,1,arrhenius,46.5923322659612,0.5603388163165708,81.26413226525239,0.749632485961895,2335.9125668038746,2450.807780242231,4.918643577296313
84,2,arrhenius,46.931077682033425,0.8529684943848195,57.457531869493344,2.919659242219284,2084.6893559401187,2494.9213302967564,19.678326326544614
84,3,arrhenius,28.718977234140677,0.8529684943848195,57.469930905514666,3.400492237913045,5910.545764762643,5185.091829526164,12.27389084035985
84,4,arrhenius,51.60724188540725,0.5603388163165708,62.042862989138555,1.363155469961218,1863.5778120448056,2007.1643323996007,7.704884627127277
84,5,arrhenius,28.058988488930048,0.5603388163165708,67.93108348686168,6.250889881917515,4398.318974601311,6741.660787612221,53.27812344995563
85,0,charniere,39.129762302109974,0.9679400833358183,65.69224007019008,16.99624589619905,5302.899883541377,4336.888225243732,18.216667851789115
85,1,charniere,53.802830281967914,0.9679400833358183,55.21031216696573,2.3048203166618615,2605.641551312501,2941.691157914306,12.897000603652934
85,2,charniere,27.462708311789985,0.5794534374833137,65.03628573238831,27.93460893589108,8064.315356165071,6144.060747251961,23.81174996393337
85,3,charniere,45.165786186456444,0.9679400833358183,52.0355339021397,0.5315587361099341,3678.4516966575484,3636.5631817449753,1.1387539749573279
85,4,charniere,27.989858970413742,0.9679400833358183,88.21360366180627,4.113095848029852,5637.698023025932,7744.401628944676,37.368152698395306
85,5,charniere,38.205188760381354,0.5794534374833137,64.9239606650013,2.2672689398017245,4210.344079309846,4723.7275994265665,12.193386346725218
86,0,charniere,53.99517745829361,0.864259315900735,80.42037380238844,2.181761774379193,1129.691260683094,1300.7669442429333,15.14357856113664
86,1,charniere,28.11788920167941,0.864259315900735,72.47932958714385,3.304278640654092,3247.1156840786543,3871.526886084644,19.229718394931837
86,2,charniere,48.206136861172254,0.864259315900735,44.019900306196014,2.1292842065008744,1714.8867482632397,1530.7881792308904,10.735319356732806
86,3,charniere,33.01457993008291,0.864259315900735,41.96779200214581,1.6729198908292633,3008.0759635483105,2803.979430588588,6.784952754948757
86,4,charniere,49.35908984094582,0.6494304644602121,40.32827238017122,3.5704091710659362,1739.9561859791952,1436.1912371068336,17.458195287912485
86,5,charniere,53.67683677419661,0.6494304644602121,47.10859234923415,3.3612672608609344,1096.4915843234771,1355.2206298000058,23.596081281021554
87,0,arrhenius,26.399295207050958,0.5663693037423617,41.46673438152651,0.1795060097950322,3384.927008758074,3401.2442645563397,0.48205635619459014
87,1,arrhenius,25.27404267912843,0.9348857970252318,57.45499039205163,0.36849959454811837,3457.306579348751,3380.6104243656646,2.218378764591175
87,2,arrhenius,44.38119696908295,0.5663693037423617,58.07941148196386,0.9824988688348815,2727.6620653033856,2861.062131992172,4.8906376044771855
87,3,arrhenius,44.39249822949581,0.9348857970252318,67.22783304657212,0.48773675187028614,2866.7528172548073,2827.768560935094,1.3598750504427755
87,4,arrhenius,53.369387430856655,0.5663693037423617,85.49028027896739,1.2049979846915582,2531.958234895526,2658.1042631783166,4.982152807429531
87,5,arrhenius,53.03282170666927,0.9348857970252318,49.39970601329668,1.7769849866350413,2747.2422614881248,2541.461703172217,7.490440912351167
88,0,quadratique,25.216154436407745,0.5882793856121104,60.688903747353685,10.490324545238462,8580.13159473344,6757.685011671068,21.240310395483977
88,1,quadratique,26.239581068653887,0.9746283801597434,58.70388788742822,2.2648141496448897,6669.268273797981,7666.820517716765,14.957446648801584
88,2,quadratique,35.93975261242739,0.5882793856121104,44.21957786520874,5.162453095993503,7112.176661110551,6155.462369288824,13.451779074232642
88,3,quadratique,37.65917034516386,0.9746283801597434,64.14153394361507,3.6296981241634487,5008.610883824128,6427.558297360311,28.3301587296157
88,4,quadratique,54.05772830986048,0.5882793856121104,40.43062715739508,18.810585993335824,6348.115705109229,4001.959301639391,36.95831192209608
88,5,quadratique,52.38651437128952,0.9746283801597434,86.43247449066982,5.506395396292623,3938.3113512601185,5927.379856377262,50.50561846718169
89,0,arrhenius,37.24283471312732,0.5541901305824646,46.43934882277128,3.704623994552497,6776.636212046184,9076.233032575707,33.934193139093814
89,1,arrhenius,25.306775809675628,0.5541901305824646,87.4126999982753,4.695844917690963,,,
89,2,arrhenius,52.57564374324675,0.8652707434009127,91.36397535629848,32.79012762444623,4414.659581685699,3114.737335745011,29.445582878766928
89,3,arrhenius,32.74601479799431,0.5541901305824646,84.5062565742644,2.543118168761667,9884.23440413123,11694.724801150147,18.316951247758773
89,4,arrhenius,36.33654157459852,0.8652707434009127,87.0696026836368,1.4668537830228983,8564.086372610023,9142.874196043711,6.758313709735439
89,5,arrhenius,52.20191691653597,0.5541901305824646,64.15087754130742,1.7937310837001075,3618.3280666421647,3885.2460279484276,7.3768314091531435
90,0,arrhenius,29.6388239922154,0.9061393407077438,67.1134303491486,0.21783790959381796,4996.167628867167,5001.703896195991,0.1108102797999787
90,1,arrhenius,33.724822415043384,0.5307251253812922,91.93740929907398,19.1955271850396,4839.384975670394,4072.5004328128557,15.846735622666653
90,2,arrhenius,54.55027537631179,0.5307251253812922,86.73450541966392,7.790625022507868,1748.9606633205049,3744.3879696670638,114.09217761125186
90,3,arrhenius,24.061058648826577,0.5307251253812922,56.155846140166446,2.4787429674944326,6632.887575878642,6336.617103179515,4.46668919546523
90,4,arrhenius,29.5745838947571,0.5307251253812922,67.27666067046172,17.97205652164297,5731.126552742921,4874.448316466917,14.947815728584763
90,5,arrhenius,24.79275151087296,0.9061393407077438,49.41329676864148,4.645424957314345,4751.767519951249,6793.119612661733,42.95984776484663
91,0,charniere,26.526212987780266,0.6329220947569381,48.92728308539852,2.5672112548152066,2233.714757001345,2528.4538868492864,13.195020936496595
91,1,charniere,26.715771578917735,0.8741263030726792,94.61908259944093,5.402653958477754,2650.8920086123244,2294.3728463639263,13.449026255695227
91,2,charniere,29.749578381694537,0.6329220947569381,54.08503400494599,4.173021732297072,1957.037189536429,2402.574304321966,22.765899246455966
91,3,charniere,30.941285374899483,0.8741263030726792,58.90872784827524,4.168855902429431,2472.430734761064,2196.9522889926716,11.142008627190704
91,4,charniere,52.71265643853362,0.6329220947569381,57.90621542138017,2.0422123137960386,1526.995468637074,1643.8434125134695,7.652147388537345
91,5,charniere,52.67111257347368,0.8741263030726792,58.30983742218125,2.588393665759891,1660.8759941944184,1515.8890061607274,8.729549258372815
92,0,arrhenius,25.405064016630853,0.5642058508837571,43.19731899725615,4.701956426836618,4601.454370962639,6584.904425084495,43.104851080092594
92,1,arrhenius,25.451994598439658,0.9271483456749939,54.52150899332989,8.43339018722201,6383.303057037303,5495.397529506871,13.909813142140512
92,2,arrhenius,31.772469437414077,0.5642058508837571,49.903374596629675,2.5671199566677396,3569.709180214889,4147.219884603188,16.17808833249363
92,3,arrhenius,31.4614086210472,0.9271483456749939,49.12438848221835,26.322530439389464,5728.3392947897255,3826.5783922532214,33.19916654144897
92,4,arrhenius,42.9121912850541,0.5642058508837571,55.9496023622121,8.098582179006234,2509.7422625598633,2036.7487950767588,18.84629647191999
92,5,arrhenius,42.82803406345625,0.9271483456749939,81.04333553104848,5.3581889060137,1833.4895524225603,2630.3819873951825,43.46315657592381
93,0,arrhenius,27.760625592921105,0.6287299409899221,58.75054140169585,1.321633776006235,2399.1749741422227,2296.1850890787246,4.292720880031693
93,1,arrhenius,28.10143075574372,0.9587573126608987,80.82012498630606,1.2358968404578354,2279.4740056854616,2389.655742046033,4.833647415401811
93,2,arrhenius,45.664725445186896,0.6287299409899221,44.77426737999471,3.0631661094091625,2014.0012161964028,1824.6883298266523,9.399839724391155
93,3,arrhenius,44.93864857760366,0.9587573126608987,89.36168372661204,1.8699799757228361,1756.1734746819793,1898.397335094968,8.0985086304611
93,4,arrhenius,53.381944170685856,0.6287299409899221,43.629357873380506,1.076759159354811,1733.6009521410501,1658.8307278462753,4.313000878456563
93,5,arrhenius,54.94631502310389,0.9587573126608987,66.15957745946699,1.5486613967552094,1597.270057039301,1701.6010199544944,6.53182988408242
94,0,charniere,26.660083850267593,0.6452470149251488,83.4103565189752,4.321045958929581,7753.622535232949,9612.261767772889,23.97123698109065
94,1,charniere,26.09107950255761,0.8929466040636123,80.8969790030877,2.7801814677950922,9508.707605014228,8478.682797846548,10.832437487345983
94,2,charniere,37.59115418380359,0.6452470149251488,89.60167048544218,0.20389274341410263,7826.703888678789,7864.006711808429,0.47660961319359807
94,3,charniere,37.93412144135294,0.8929466040636123,84.60979494221937,4.352579086616471,9059.819777584764,7593.500307041956,16.184863568375643
94,4,charniere,55.32676673124205,0.6452470149251488,65.6866597120658,4.018962033251919,5877.256740357014,7292.813298936059,24.08532791938331
94,5,charniere,54.05918078548447,0.8929466040636123,68.91868617202526,2.1333523462151893,7036.660515556373,6355.863538662125,9.675001023413994
95,0,charniere,25.771464276582922,0.5566122431429011,42.642787856500966,2.067520960776899,6773.370952237894,7550.711616488443,11.476422445070996
95,1,charniere,25.086386856889998,0.9462459277578709,85.91123253385726,0.6951236804496308,7425.275582348343,7150.678110838791,3.6981451861845454
95,2,charniere,44.94711118644727,0.5566122431429011,68.83451974736398,1.5712399708900404,7195.133156189454,6819.949145644469,5.21441372106145
95,3,charniere,44.968433934175856,0.9462459277578709,52.61260020362243,3.5756515840128835,7775.701050623076,6687.736209919937,13.991855314653066
95,4,charniere,55.04439261626991,0.5566122431429011,43.881116745180734,0.7733879078264335,6602.179867008569,6793.784333602412,2.902139451718058
95,5,charniere,53.53724501203834,0.9462459277578709,86.54756052760108,3.1056620053778405,6011.870666555923,7125.815756330733,18.52909271604418
96,0,arrhenius,53.600272753539116,0.9737362099575851,86.13111267801061,3.499171250255609,4905.127796732833,6030.348966325825,22.93969120116442
96,1,arrhenius,26.40402519424835,0.5061074428387113,80.76954207844265,3.9091192186941166,,11302.353520772893,
96,2,arrhenius,27.149737345022267,0.9737362099575851,85.3963549790676,4.266785759979589,10061.129573931601,,
96,3,arrhenius,34.53680097161492,0.9737362099575851,52.13185666462608,0.18672304950192004,9537.222962334668,9473.91757086848,0.6637717469351456
96,4,arrhenius,40.99430395999129,0.5061074428387113,63.60069395605036,1.3268669387932615,8227.11855709367,7779.638510026171,5.439085920083992
96,5,arrhenius,53.45179399046188,0.5061074428387113,51.97787733483954,4.654503471987136,6209.094522244419,5165.334089185664,16.81018752926737
97,0,arrhenius,32.688533986107586,0.5932752581087766,56.37410511933622,3.3924090631708146,4464.223426160677,5485.201122994206,22.870219506723718
97,1,arrhenius,42.41962952513128,0.8785483294466392,82.95345979408076,2.465739063488648,3396.233759606282,3765.560520331912,10.87459777116299
97,2,arrhenius,53.05963150261406,0.8785483294466392,56.451804401093334,0.09888344447666318,2695.8908886931026,2693.5218159149063,0.08787717589508354
97,3,arrhenius,41.19835984844359,0.5932752581087766,52.42949036071907,0.892447829432078,3727.3299059494348,3863.5471107609337,3.654551870873404
97,4,arrhenius,53.84043486645811,0.5932752581087766,64.49582635711349,1.8727989944078711,2746.7871997909183,2548.7699884395606,7.209048133267494
97,5,arrhenius,33.699543198164335,0.8785483294466392,44.26962112613778,13.695919673970174,6001.829333302921,4332.632379625029,27.81146981997406
98,0,quadratique,39.244491054043,0.9598432381703543,82.47898857280343,5.277783716211147,1803.951327365595,1489.484362204448,17.432120279008842
98,1,quadratique,32.78030552847954,0.9598432381703543,53.84570975325043,0.6494509589038338,1963.401873557127,1988.9409311031197,1.3007554841395408
98,2,quadratique,31.619459410021253,0.5319674927517268,42.6351098604482,2.9520469028478,2266.420781857047,2030.801493146403,10.39609637348912
98,3,quadratique,40.219098186580844,0.5319674927517268,78.64319723637696,0.5451719567818651,1465.689504852544,1499.3341932189776,2.2954853845268213
98,4,quadratique,52.422518165552944,0.9598432381703543,53.488945397291474,4.933718000870181,845.8828585285843,1163.6383271603327,37.56494949956605
98,5,quadratique,25.804953167667673,0.5319674927517268,87.02626113849999,3.49054536213752,2449.6090765228446,2909.9934130321944,18.794196221825455
99,0,quadratique,40.494381101601896,0.8716217454022502,57.471445779039094,2.1228065751716234,2066.980131865507,2363.381661129403,14.339834461610689
99,1,quadratique,35.509704991671015,0.8716217454022502,81.88510341302042,2.7113997277967057,2662.2726765615603,2297.352519363671,13.707091704415467
99,2,quadratique,41.623444752648794,0.6173420014163482,57.04699538781233,0.7067835380277199,2197.8335126758643,2231.4814557761188,1.5309595975396721
99,3,quadratique,26.702787850333454,0.8716217454022502,56.831795749514114,0.5203912598203393,2500.842962780147,2595.4574742505483,3.783304784768249
99,4,quadratique,36.07244880726539,0.6173420014163482,86.04120893872309,1.2702583044316649,2482.5893403645073,2304.809219988334,7.161076440861162
99,5,quadratique,27.20177233719119,0.6173420014163482,55.093398647975825,0.9058844164798553,2456.3384605212864,2557.8717851285614,4.133523382023158
100,0,charniere,26.560203423896066,0.5784582261498289,45.60229898630249,6.731252068446818,4399.751400710334,7617.3391507540655,73.13112621600068
100,1,charniere,36.46518925366128,0.5784582261498289,69.18816171632439,13.381102172833854,4508.3377240345335,3745.867445674522,16.912448113529372
100,2,charniere,52.14117848702908,0.9927223528020628,82.78840177151935,5.988154540648908,1994.6095643610158,3098.8726662888607,55.362368739147286
100,3,charniere,42.78455630976849,0.9927223528020628,83.42356983431714,2.4283898344518136,3344.615271225005,3140.5772521565277,6.1004929572586075
100,4,charniere,42.41416138277027,0.5784582261498289,53.296971244776486,2.8137812846773853,3408.6785169844966,3174.0740449879736,6.8825637509537545
100,5,charniere,36.13398743848326,0.9927223528020628,62.512523878821426,8.8703603193685,4422.245977646543,3806.2621909846716,13.929206782606181
101,0,arrhenius,30.831525675338465,0.6487386748552102,78.48578466140457,0.9749469195436916,,,
101,1,arrhenius,51.885209049200036,0.9101321900222652,59.877204700297504,1.343375615773324,4766.3626298371955,4500.819957014737,5.5711806558773835
101,2,arrhenius,51.058582539113175,0.6487386748552102,45.23682769291535,0.27290567030623464,4770.895754760262,4817.668518125315,0.9803769725713334
101,3,arrhenius,26.539948227593726,0.6487386748552102,84.27169148427838,0.22312726820352324,,,
101,4,arrhenius,35.46056851388901,0.6487386748552102,86.39826104305266,1.2449108392697705,10299.788026537404,10727.560519998757,4.153216477457562
101,5,arrhenius,31.521486958788987,0.9101321900222652,83.53969553507815,0.6711222301005006,,,
102,0,arrhenius,24.21639001965765,0.5848776579512122,64.84227523533771,4.750414739709312,8004.8154406609565,7108.21805338273,11.200725287480134
102,1,arrhenius,24.41159212881464,0.9143928138406833,60.771106227967024,1.3768057519233252,7311.184164549372,7701.186285608571,5.334322214864306
102,2,arrhenius,48.98595550667372,0.5848776579512122,85.1393016417501,2.2434684282784385,3906.477514087435,4400.559401591384,12.647759668965305
102,3,arrhenius,48.52634600215638,0.9143928138406833,61.51414493087232,3.0609930309962774,3797.341883459751,4471.300128926263,17.748158215674533
102,4,arrhenius,54.2961880697977,0.5848776579512122,86.0541961375895,8.124481672697035,4595.938125087608,3549.9323773247647,22.759352264841553
102,5,arrhenius,54.8086142108992,0.9143928138406833,44.547716726321504,0.6462340621388523,3872.0472408149435,3759.243483702626,2.9132846294658354
103,0,quadratique,28.151846491784546,0.9858972078469354,41.104700757096175,4.672421913527715,5106.546179485398,6868.901637681806,34.51169139087284
103,1,quadratique,27.683977432220477,0.5029155616556644,55.555064734532415,8.543092249691583,7193.112443538437,5319.877336593401,26.042066235566224
103,2,quadratique,54.10605803329137,0.5029155616556644,64.61996473762217,2.929653956142173,1433.0524421154403,1235.518959408016,13.784107050250707
103,3,quadratique,55.828265037240556,0.9858972078469354,45.127390806548476,3.3417136102357885,1029.9627873275047,1255.8912484331918,21.935594555985354
103,4,quadratique,46.10726752706693,0.5029155616556644,63.45945128734357,4.92132236855714,2465.3964675437915,1950.4879447394562,20.885424700771345
103,5,quadratique,45.341975618772565,0.9858972078469354,68.30852139087987,3.239852740807655,1802.057537770558,2205.8442673497293,22.406983190931967
104,0,arrhenius,53.307970859454954,0.575900743613491,59.138608674005965,2.166648338999447,1634.5670549755675,1818.8507657411806,11.27416034751585
104,1,arrhenius,44.16153166353787,0.575900743613491,52.56356289993736,0.5235775559111501,2238.2836604385934,2284.205574713195,2.0516574858792938
104,2,arrhenius,27.05507943537028,0.9910695701077821,68.79258719162027,3.0791632196450625,4068.3953767544144,3771.14995531659,7.3062078267071895
104,3,arrhenius,44.35581083028148,0.9910695701077821,55.50603351000984,4.488002017675632,2466.9394022238466,2219.1314414468516,10.045158002405984
104,4,arrhenius,26.539938009713758,0.575900743613491,51.847589682996414,2.568399804746856,3701.0659986527016,4170.597646542406,12.686389490504313
104,5,arrhenius,52.11033349596938,0.9910695701077821,68.55551594207773,0.7591186585518331,1840.6333577106263,1796.7106443622672,2.386282589325126
105,0,arrhenius,24.71575028783133,0.617697850404307,58.25313338504041,1.2492007740586424,9835.702803111666,9578.30294218319,2.616995105291746
105,1,arrhenius,25.460287770411657,0.9184671982780166,81.49116194401769,0.6081160857745735,9471.703445213632,9600.678163997236,1.3616845114463436
105,2,arrhenius,30.623410379192602,0.617697850404307,69.73919580535261,0.6627576312266205,8339.635839733352,8203.975300627319,1.6266961976887773
105,3,arrhenius,30.59934904361152,0.9184671982780166,88.11686971595087,0.9403278733038044,8383.360398536117,8217.337478850088,1.98038628656618
105,4,arrhenius,52.55840894005782,0.617697850404307,44.56947088958667,1.725097020107003,4499.3287077935465,4858.982746321901,7.993504406676862
105,5,arrhenius,51.10154900544754,0.9184671982780166,84.14352234190608,1.4105852621042125,4968.801746177958,4772.879175594252,3.943054695921634
106,0,charniere,26.114468323669804,0.6327192733074355,66.96473923855577,2.945960239698235,3023.657579661151,3467.831365343624,14.689949968880065
106,1,charniere,26.498089284168767,0.8900328513392545,60.60747990635631,4.254167351912719,3369.6251316186094,2996.8347473687572,11.063259849049773
106,2,charniere,47.775069060634635,0.6327192733074355,69.54358399687091,0.6189509366351201,1866.4410883230912,1843.881171120981,1.2087130605541503
106,3,charniere,48.82904728568069,0.8900328513392545,79.67102096617,2.9726712342606216,1957.0348881456969,1759.5413757580618,10.091466104355524
106,4,charniere,53.63438661361411,0.6327192733074355,61.97533817523316,2.0669686944530654,1518.1523796606596,1654.4122385889782,8.975374326968135
106,5,charniere,52.278965136449926,0.8900328513392545,69.50516734002039,0.7353800502316065,1635.0007051382174,1675.9699821343359,2.5057650964532776
107,0,arrhenius,26.51435584399193,0.5775006786737094,42.78048599201742,3.312763835875852,6700.3062546382625,5767.963251917561,13.914931158188335
107,1,arrhenius,26.57894790090102,0.9386292109672675,62.14239393271104,5.1820786198367665,5066.096114589176,7272.871676740554,43.5596860429943
107,2,arrhenius,38.94841040891137,0.5775006786737094,42.3308222393058,9.732788210811993,6214.0225774154,4243.185257604198,31.71596651377041
107,3,arrhenius,38.99040693468673,0.9386292109672675,63.12722915412535,1.712625726957188,4196.244058819448,4603.324169871526,9.70105897907673
107,4,arrhenius,46.118118267836785,0.5775006786737094,43.14127242118502,2.6212666536785263,4145.0818543644855,3678.1250188476024,11.26532242120164
107,5,arrhenius,47.79807733907375,0.9386292109672675,43.623117995064064,5.198345804196398,2994.208291469668,4249.7949328277555,41.933844246413436
108,0,arrhenius,27.39414976677838,0.5681285155700112,53.02813406215001,5.766560779129932,9491.420810303633,8360.984237014352,11.910088024567496
108,1,arrhenius,27.63721587586271,0.9330479061286786,91.68968413963844,0.41283874436369417,8814.804037423146,8857.81280462665,0.48791518246929866
108,2,arrhenius,43.61864871452591,0.5681285155700112,58.183288654743684,4.719574524976005,3957.6891755715856,5357.479710102824,35.36888503451197
108,3,arrhenius,44.54307691901858,0.9330479061286786,91.87731877319924,4.366588050948199,5383.439944602477,4804.806818182395,10.748390106965518
108,4,arrhenius,53.181382143152796,0.5681285155700112,94.6249111616158,2.594884879393066,3415.357870203088,3882.556771067345,13.679354217614554
108,5,arrhenius,53.07168943926395,0.9330479061286786,48.941491847282144,7.201539376488546,4219.292899839701,3499.795975403578,17.052547465084928
109,0,arrhenius,24.52684564543925,0.9358477412256431,65.01773554258654,5.4584078746241,2490.2254040587795,1962.9136656200042,21.17526138715468
109,1,arrhenius,42.019862544356435,0.642893979392753,65.83733836396074,2.814654237303435,2193.4680682776457,2555.270727850808,16.49454873793794
109,2,arrhenius,55.366924235379635,0.642893979392753,56.11306918993242,2.5266309362174475,2899.488817280342,2611.7490454539093,9.923810366557182
109,3,arrhenius,54.897087629343226,0.9358477412256431,62.895087392599685,0.4720851257244447,2720.623737460972,2690.6199575539144,1.102827248543324
109,4,arrhenius,25.888426258591675,0.642893979392753,63.97771514717499,3.2873020626121154,2035.985426233822,2378.4732595292467,16.821723224657887
109,5,arrhenius,43.23603107433402,0.9358477412256431,62.035791239114836,1.0746204399592034,2572.594954807855,2499.863957866015,2.827145284022079
110,0,quadratique,36.38668968560055,0.6282475890369983,39.95185562717565,0.4210144902390655,3080.971670080407,3113.8959478516445,1.068632928078116
110,1,quadratique,51.04239244508424,0.6282475890369983,93.11362018868955,1.5583977848737698,2249.5243143755824,2080.315648356665,7.52197542109635
110,2,quadratique,54.49287297574544,0.9573173304791113,46.06309801310009,2.8485188978636407,1764.4282060214907,2072.9385104263647,17.485001846604824
110,3,quadratique,37.26913683220418,0.9573173304791113,87.84950500871763,2.4452207582928946,2721.9416987702184,3129.7124008542337,14.980875684010694
110,4,quadratique,54.596905817001655,0.6282475890369983,65.27899917706014,2.213283583472542,2119.8096969989188,1901.0522303116652,10.31967478009726
110,5,quadratique,26.382374197359734,0.9573173304791113,69.26846028856208,3.7671617986177117,4340.135029719805,3614.038005080484,16.729825677478917
111,0,charniere,26.19367320978821,0.5088277421576071,91.36173611322225,1.0988031390800992,8390.505542713398,8029.712551172659,4.300014935978005
111,1,charniere,27.10793615460391,0.8656566399087635,58.237618006139215,1.7655055469781544,7868.4961960437,8553.601398932675,8.70693949414943
111,2,charniere,34.17797443779722,0.5088277421576071,84.4023601021145,0.8481049335849159,8162.528467168431,8450.696867440909,3.5303815653636916
111,3,charniere,33.654248444181896,0.8656566399087635,43.065171879570606,0.466862890031854,8520.193091170406,8391.63975248903,1.508807808764294
111,4,charniere,44.00004963789445,0.5088277421576071,86.22382038975586,0.5749951140829338,8628.86046404908,8455.654276092408,2.0072892437919325
111,5,charniere,43.805908400087155,0.8656566399087635,62.646369933339756,0.48569252132576907,8719.00144894988,8620.442035920145,1.1303979430076412
112,0,arrhenius,26.925839549246536,0.5993248759730867,58.546442463079394,3.2298269897045375,4611.439519097158,5605.738464291989,21.561574017769995
112,1,arrhenius,26.547708216156714,0.8730665611323482,43.24371732243822,10.221205732465505,5825.721696040891,4796.647579508587,17.66431989416271
112,2,arrhenius,38.92503140423387,0.5993248759730867,68.4781481642466,1.3701969276917256,3787.0270120137,3972.796860207872,4.905427069964084
112,3,arrhenius,38.606201347801075,0.8730665611323482,55.2508208647709,2.6265433704296655,4210.705995271331,3921.2656709998487,6.873914364871989
112,4,arrhenius,53.04736416069653,0.5993248759730867,78.02607646616678,1.069173444294113,2865.7173515964964,2990.117333578412,4.340971795861586
112,5,arrhenius,52.960130120028644,0.8730665611323482,68.54736905048343,0.4566392770540381,2984.777588638825,2927.5429576304655,1.9175509500679633
113,0,arrhenius,53.174787628923575,0.9550904479145939,47.71959193832753,5.6889427833204005,2152.3865964888582,3057.981975797613,42.074011275949815
113,1,arrhenius,26.255773273539646,0.5053170501150018,73.79475412516872,4.0603892919079785,,11009.522234230933,
113,2,arrhenius,31.93408788018721,0.5053170501150018,65.21749738297544,1.3290313340786784,8100.29066762998,8466.218017309746,4.517459492436098
113,3,arrhenius,54.0653458372822,0.5053170501150018,41.39775147391634,4.33695292601855,2814.0083259559547,2286.8379505016787,18.73378875932037
113,4,arrhenius,27.469877909152768,0.9550904479145939,84.40026643830643,5.00687890401638,9294.806936357108,11947.9560831769,28.54442448333019
113,5,arrhenius,37.2388713624752,0.9550904479145939,46.55914792049138,6.684381919147935,7716.846774071316,5996.374174823725,22.295020875992975
114,0,arrhenius,27.042893366841138,0.6356180847832401,56.39860496210671,1.3199979548595286,7805.526877828157,7568.681834783538,3.034324866875866
114,1,arrhenius,27.478125422358715,0.8696206228908953,42.24191266691165,1.0530510305814473,7337.9955927056535,7560.122166088781,3.027074227244469
114,2,arrhenius,36.4097220155113,0.6356180847832401,58.79835611623486,0.5056617734731089,5219.905364061076,5304.531174762431,1.621213504827142
114,3,arrhenius,37.34912178792381,0.8696206228908953,53.93686113451321,1.693091170069963,5303.969377281703,5066.1172121693435,4.48441814410058
114,4,arrhenius,52.96832089942357,0.6356180847832401,89.49201799016058,3.249286185299118,2752.4110772279937,3174.188779774668,15.323935659038796
114,5,arrhenius,53.90197196579673,0.8696206228908953,80.86123620475384,3.5047554340808142,3014.4148409623344,2688.5643905745123,10.809741445002846
115,0,charniere,25.422731627298194,0.6333280552965416,90.15837823971779,2.885550710081252,3600.52924265138,4209.531976023595,16.91425599764755
115,1,charniere,24.359569553607486,0.9825156470987705,62.059483730650605,1.8317558173802946,4287.084573668051,4030.159232464632,5.993008460376429
115,2,charniere,31.590818860658768,0.6333280552965416,52.05960495757684,4.34600398608095,3722.484311723074,3267.9745719855855,12.209849704567423
115,3,charniere,30.72518574619221,0.9825156470987705,93.32727874716561,0.7525112087532918,3304.809666316968,3413.0822130755614,3.276211270564856
115,4,charniere,39.09609509396166,0.6333280552965416,56.83580054692239,3.28853241660698,2406.794072461873,2941.001717717309,22.19581855247812
115,5,charniere,39.13501851541235,0.9825156470987705,90.08049886915906,2.182812351833489,2784.102524944435,2558.515340794872,8.102689542802144
116,0,charniere,25.61575763174743,0.5009635493622816,80.06496831832114,0.40226919321385063,3511.067446999207,3454.949983146103,1.5983020748025087
116,1,charniere,25.82201026318788,0.9610570987051399,68.57856588129769,1.5149023202682377,3382.7027405178137,3591.803520894424,6.181470747400099
116,2,charniere,34.18716330155828,0.5009635493622816,57.698727944186125,1.1396128333362154,3280.5161108662646,3151.7313078653165,3.925748225237059
116,3,charniere,33.180577066509215,0.9610570987051399,43.09439159987231,1.1849626999058296,3318.722958667027,3189.515518121461,3.8932879349911893
116,4,charniere,38.257015370969754,0.5009635493622816,60.20082923310313,2.5835030881428813,2820.329754727912,3176.077069267994,12.613678026256261
116,5,charniere,37.404944161382545,0.9610570987051399,57.33433043057552,1.297848383003866,3175.7131691284203,3038.927408492984,4.307245439076524
117,0,quadratique,26.128564291693156,0.6102730693133913,54.78689643751658,22.22464860847854,11365.994484260184,9393.756034310798,17.352097545714752
117,1,quadratique,25.234866729881478,0.8514146743815736,84.40915985868997,3.0784210806614167,9669.14841205634,11871.53488411098,22.777460622163094
117,2,quadratique,49.33255266072745,0.6102730693133913,92.96041357736615,6.761778819304875,4878.526776296487,4381.979255638643,10.178226817785264
117,3,quadratique,48.4601114622917,0.8514146743815736,56.69826542103228,0.8617807252600992,4673.685463983063,4563.152966154197,2.364996503950998
117,4,quadratique,53.17642720037209,0.6102730693133913,57.4993133695337,2.2359350058480914,3620.6634242159644,4082.264376272949,12.749071039568996
117,5,quadratique,53.27481566090209,0.8514146743815736,49.245584495149615,0.28528725510940134,3906.726034081033,3888.1563505134927,0.4753259738600639
118,0,arrhenius,27.69354224972669,0.872505406332458,47.94903205067686,0.7487313061755386,4596.647970056377,4739.077083586111,3.0985429917094036
118,1,arrhenius,54.74920443014266,0.872505406332458,41.16639900021386,0.7466072052707383,1447.0641250983952,1397.3004963003486,3.4389373584023284
118,2,arrhenius,43.75675561195101,0.6427906654184264,52.954170744959185,1.2695575163792552,2124.030285430351,2259.6377822913637,6.384442716810759
118,3,arrhenius,38.46901291197881,0.872505406332458,54.699292802753256,0.2973843753778227,2844.4341030398937,2803.1858558500653,1.4501389624651764
118,4,arrhenius,43.236020218583796,0.872505406332458,51.91912637246143,1.16994992796545,2386.0326721539514,2267.2657358208016,4.977590530054847
118,5,arrhenius,53.49129473006296,0.6427906654184264,51.348657032681146,0.6138393050960506,1466.6237216629486,1513.6927224247856,3.2093440237327755
119,0,charniere,47.91070784440514,0.8857812109118621,50.046081822810315,0.4582334687605758,1947.3953405614066,1919.4497807721868,1.4350224223687114
119,1,charniere,27.936905371649466,0.8857812109118621,54.166695274051115,2.152120731382189,5254.1851384889915,5759.496799630609,9.617317392187205
119,2,charniere,53.79359154649152,0.5961743971966591,84.23702548250695,2.1721389501808703,1365.7331718723685,1505.0760864047368,10.202791980320312
119,3,charniere,31.822064450498065,0.8857812109118621,62.23054314907193,15.148268909690898,4938.957872564609,4250.454954407045,13.940246827820197
119,4,charniere,53.688017287859026,0.8857812109118621,65.68777576183598,0.8531863049967563,1476.9500667537914,1440.839361076634,2.4449510169646764
119,5,charniere,32.39016881513449,0.5961743971966591,65.73227634085346,1.2153739004027087,4189.668393624293,4364.836828899898,4.180961804570774
120,0,arrhenius,27.59491464211525,0.6021213411827078,43.62914975655382,0.32438134519313183,4834.667669437722,4772.254465629646,1.2909512726721677
120,1,arrhenius,28.138319248609406,0.9202771718805164,48.34124045652998,3.403227844095054,5229.376602669798,4487.286776021736,14.190789515316155
120,2,arrhenius,36.46736097023261,0.6021213411827078,58.47661005729668,0.8456298330426345,3515.074536671674,3680.1662573439853,4.696677665009967
120,3,arrhenius,35.92550923618727,0.9202771718805164,60.119200917470465,2.4547071729675847,3296.758407501897,3813.469234157465,15.67329973223919
120,4,arrhenius,53.836232083562635,0.6021213411827078,67.74226597224968,1.178908203995042,2132.762549891123,2287.7799052386104,7.268383222286092
120,5,arrhenius,53.1217432672163,0.9202771718805164,83.77754003283047,3.415000743865023,2476.2373500768686,2077.1424273174143,16.11698986557429
121,0,arrhenius,29.652765004408288,0.6110570403818442,53.079082102287465,0.4891369951108539,6784.424265469658,6821.976471950555,0.5535061636994623
121,1,arrhenius,29.766477933156917,0.9373486142864443,62.44019503281623,1.139907146278856,7046.3528052243255,6723.4287070990595,4.582854521360934
121,2,arrhenius,36.19268590896524,0.6110570403818442,49.83361077150423,2.1549220918284764,5398.38438039939,6040.17444782564,11.888558172265022
121,3,arrhenius,25.483699197289376,0.6110570403818442,63.11131421821277,4.580119027436577,8539.886429101489,6905.941334608167,19.13310098510566
121,4,arrhenius,34.95667009079455,0.9373486142864443,81.01153778475825,3.350157784384538,5271.046601086131,6262.178039975653,18.803313912749186
121,5,arrhenius,54.47308995503945,0.9373486142864443,94.60249245722432,12.549511892683459,4253.559860438383,2465.5646815922655,42.03526546025479
122,0,arrhenius,25.62742993236703,0.926446047762804,79.98392020250691,2.0103885632174685,,11963.80278093765,
122,1,arrhenius,52.15662098780325,0.926446047762804,85.05215056132317,3.5302891064530733,5881.7631167943455,5357.332317065092,8.916217625831157
122,2,arrhenius,38.105215012642944,0.5136041279388164,91.07722359604514,0.43983540608351146,8242.370597295296,8336.916035249562,1.147066087822973
122,3,arrhenius,52.711536245179225,0.5136041279388164,45.18793749132731,2.387283019719849,5053.506923187503,7585.142839725107,50.09661518264572
122,4,arrhenius,43.33588044740662,0.5136041279388164,87.14499532420055,0.6994561105293601,6972.357983173765,7156.045846214978,2.6345156614807035
122,5,arrhenius,24.39065801818392,0.5136041279388164,88.51985958474928,1.012839042172981,,,
123,0,arrhenius,32.33927926216827,0.997003955452822,84.07930356703729,2.533286802535711,2882.2525030233032,3179.278326446446,10.30533664595941
123,1,arrhenius,46.10504796616261,0.5518541899123511,51.38539854050232,4.081927023856953,1311.291500332133,1699.6780492808177,29.618627807036923
123,2,arrhenius,53.13128950702706,0.997003955452822,88.27932732998299,4.536326340742768,1256.4620971965726,1159.3394343429447,7.729852183390859
123,3,arrhenius,45.879509039673636,0.997003955452822,48.43332986813393,0.589400948811376,1612.5685946538822,1641.378285716531,1.7865715082236562
123,4,arrhenius,52.959080212196135,0.5518541899123511,48.00446179675105,19.63871911184625,1355.2646838960154,1130.852796610595,16.558528378404837
123,5,arrhenius,26.269165926581028,0.997003955452822,52.33289096708257,33.57622373100782,4629.237596670195,3461.5937599487397,25.22324275516426
124,0,charniere,39.493536421082254,0.9433251731200416,54.65729742429557,24.18123985920777,1930.8884358731943,1609.5870403662886,16.64008078030699
124,1,charniere,39.72667181442997,0.6422552445779821,66.8943982081352,23.522076154448364,1897.3112290274876,1589.4090653614367,16.228342454067146
124,2,charniere,28.401375629916625,0.6422552445779821,67.98529436789103,2.2453639923932234,2723.975059995183,2931.324783116143,7.612027223234802
124,3,charniere,32.38783058926966,0.9433251731200416,94.30905901029506,3.913195371875927,1915.502433798998,2452.5070349172624,28.03466033991031
124,4,charniere,53.33232265907207,0.9433251731200416,90.18669914500366,5.995511922254691,768.4117844397823,1337.1952731705442,74.02066187017664
124,5,charniere,31.696153864017056,0.6422552445779821,53.50396701873035,3.334861262794629,2516.487315533066,2394.487328572205,4.848027097447052
125,0,charniere,25.28400440256936,0.5661092834162906,88.97159985682902,1.2047177523623998,3857.4466493039827,4057.874163680621,5.195859660503734
125,1,charniere,25.716488723133228,0.8541718008501777,83.67547068456578,6.432423448375045,2823.163609804527,4472.2467230522425,58.41259456308649
125,2,charniere,31.63569659125438,0.5661092834162906,57.13105911724229,5.486550244934597,4321.5537889661,3448.955789172439,20.191765332681967
125,3,charniere,31.435050323509802,0.8541718008501777,41.5154839095387,7.192244158749662,4563.019510297664,3389.797149625349,25.7115350487682
125,4,charniere,54.50043124530299,0.5661092834162906,53.694420914695094,4.994618184202448,2991.7258647283247,2385.331520868329,20.269047742950935
125,5,charniere,55.38418988848008,0.8541718008501777,79.33070368118638,5.952967594247143,2144.218693098354,3201.8960070962953,49.32693280784799
126,0,quadratique,26.5043258364596,0.5350230749393413,90.5588060049132,3.7492667668004143,,,
126,1,quadratique,27.446779932956304,0.9743646925175176,82.34742000072104,0.6578012789978616,,,
126,2,quadratique,31.130657687601207,0.5350230749393413,87.4567506108805,0.41271020105917894,,,
126,3,quadratique,31.792934318295874,0.9743646925175176,87.88859428568789,5.540175457185883,9613.463713819017,,
126,4,quadratique,54.71962497499741,0.5350230749393413,47.11248275384823,5.611726607547614,4499.668917452736,6438.977353111246,43.09891396979386
126,5,quadratique,55.18623440871032,0.9743646925175176,65.48373710068076,13.490927803255339,6888.729805010812,4199.5024057751,39.038073423631566
127,0,charniere,27.325462248648464,0.6489927566522165,48.87849652625575,21.280607302014882,6456.7072757618125,4078.798659982123,36.82850273708785
127,1,charniere,25.135853608303155,0.9980135506041606,91.80313209411412,7.491907135402217,4402.632355179619,7693.905807860671,74.75694509919568
127,2,charniere,48.962408320525874,0.6489927566522165,89.81980750486086,16.05359654604707,3408.2505919280584,2180.3199970292776,36.02817814532048
127,3,charniere,50.21022245136211,0.9980135506041606,58.86367924152172,1.73432238056154,2144.4357205663578,2344.6387494241744,9.335930517187146
127,4,charniere,53.990291627571054,0.6489927566522165,81.85148430384761,5.041584634303686,1631.5420667870512,2222.5384139963853,36.22317556133665
127,5,charniere,55.45967086096065,0.9980135506041606,63.986859773664804,1.3531134339718958,1829.3523297210331,1999.567748678413,9.304682110271061
128,0,charniere,25.726203705276813,0.6114843518527113,40.47690855368759,4.847920762669623,3915.8916580168952,5223.258254271953,33.38617894543948
128,1,charniere,25.399777766833708,0.9998080067674571,51.05690533608564,0.4116220455461619,4794.887275096534,4825.618782108956,0.6409224085837053
128,2,charniere,34.67095916378933,0.6114843518527113,44.05303111310604,2.477671798499464,3893.0647173445373,3427.321865281553,11.963398655768245
128,3,charniere,33.818224977886395,0.9998080067674571,47.46828937076134,4.5792675555374345,4322.818279440004,3456.1480784575674,20.04873082693424
128,4,charniere,53.92844190533847,0.6114843518527113,52.0461658141042,4.624208321010466,1627.216705237687,2211.2721168034072,35.892909019785876
128,5,charniere,53.24340766850284,0.9998080067674571,94.34626915672976,1.2711548308906837,1983.8426396650957,1853.191192257465,6.585776754434856
129,0,arrhenius,26.09561572129753,0.636466805596281,92.74132118078109,3.1907082199092076,1624.2758300453067,1890.1163525807772,16.366710482175627
129,1,arrhenius,26.651161186510194,0.8707020919434162,78.67120678503385,1.2427783705806663,1734.6656982819538,1823.8901270340446,5.1436094482331844
129,2,arrhenius,29.96818877034001,0.636466805596281,49.91448376833944,10.406453486585445,2090.0865770005007,1605.9785062782462,23.16210610839871
129,3,arrhenius,30.161934403090974,0.8707020919434162,81.64955787509476,1.891256819943317,1599.305857902704,1733.690700614551,8.402698086035672
129,4,arrhenius,54.40012919139187,0.636466805596281,50.954931859130646,1.1862393458390719,1232.9362697316706,1186.8796442936168,3.735523608862383
129,5,arrhenius,55.502695177934015,0.8707020919434162,88.57779987615044,2.5844210419247147,1115.06096667737,1240.6665046634241,11.264454746392047
130,0,arrhenius,25.802753617152508,0.6089163400400276,82.28381644789913,2.072083095763509,3481.7247727822355,3142.7920238320185,9.734622093043182
130,1,arrhenius,26.985030462772137,0.9589701747493126,93.24167502686245,2.733391308257942,3387.068165521478,2956.1825389775454,12.721492615062054
130,2,arrhenius,31.705804863003515,0.6089163400400276,40.3403325622743,2.56792223820045,2121.9064992315652,2366.835294001789,11.542864629469918
130,3,arrhenius,30.43327809919216,0.9589701747493126,82.80495591266269,0.30567285959878376,2516.4937337028955,2542.2668041633638,1.0241658906316635
130,4,arrhenius,52.54352674755041,0.6089163400400276,89.3014042013702,4.404784571318753,907.0886798722339,726.4503849524802,19.914072232187607
130,5,arrhenius,53.37871900374743,0.9589701747493126,65.25990519006571,3.520481145715369,694.124288820726,859.4862499707873,23.823105431305542
131,0,charniere,26.32405410408903,0.6112680789054447,60.67296410123738,4.007105864733668,8162.923456967691,6994.205185118428,14.317398392994498
131,1,charniere,27.17828304827512,0.9774013524184911,66.95894811831845,2.6521526119878747,6881.219289924563,7852.584257673828,14.11617515476554
131,2,charniere,37.37475165673021,0.6112680789054447,53.594683701175725,2.8655036180679807,5856.726840302646,6863.914372647626,17.19710616199633
131,3,charniere,37.517536774960526,0.9774013524184911,45.71811841728988,4.638386505865528,7677.789014244894,6494.17703461341,15.416052426492627
131,4,charniere,45.02601610932297,0.6112680789054447,88.51933093155863,4.5076939865637655,6771.320237273608,5740.971041018416,15.216370813235228
131,5,charniere,44.38323857481752,0.9774013524184911,61.832049530760386,4.2226327004652395,5361.813528498184,6748.944836763576,25.870562280705062
132,0,arrhenius,25.190510030207687,0.5900114042128479,94.38944482253414,2.333540434234327,4621.000990215164,5164.274610464768,11.756622026265946
132,1,arrhenius,25.61141402588793,0.9965427324778288,82.014697211654,2.0658731160021664,4982.582342644672,4638.091306764526,6.913905525087541
132,2,arrhenius,39.574421442512694,0.5900114042128479,72.40833910069783,1.623324101737461,2033.5307331946708,2210.567899470353,8.705900697038267
132,3,arrhenius,39.36882211200513,0.9965427324778288,68.13769149395404,4.074100362398262,2503.6458052869893,2136.93425220754,14.647101930515042
132,4,arrhenius,45.01087808572358,0.5900114042128479,41.701162071552965,4.551418736769729,1360.322673740278,1763.6181697766701,29.647046529593602
132,5,arrhenius,45.664904061139524,0.9965427324778288,52.00442438743377,4.372015683474007,1773.620607488055,1472.063714356475,17.002333636541877
133,0,arrhenius,26.956135603029423,0.5863603932133773,68.58300513687371,0.2662102409319493,10374.696021269325,10485.160846118204,1.0647523997080361
133,1,arrhenius,26.061402935128843,0.8500518227975943,59.783699721797305,0.8778939103458765,10304.764656194555,10638.885684524694,3.2423935866336064
133,2,arrhenius,43.38220308202123,0.5863603932133773,61.19950466817639,5.734082284837593,9096.884153781317,7347.741657880704,19.227929765089332
133,3,arrhenius,43.57692004186631,0.8500518227975943,92.60638101143059,2.6430573106916593,6733.000876690505,7786.132604519247,15.641342502637427
133,4,arrhenius,52.6307228278276,0.5863603932133773,66.0607205221714,0.5370432887391251,6374.15243115504,6561.312354827866,2.9362323178536145
133,5,arrhenius,53.366783155576165,0.8500518227975943,81.31526689989929,0.9701087089437399,6242.450943585557,6566.874556454656,5.197055063804085
134,0,charniere,40.766604852461974,0.8510560120788108,64.9583924195202,13.534640560309441,6418.58076459575,4935.6025969283555,23.10445598577421
134,1,charniere,53.10125974103143,0.8510560120788108,61.00622002570405,6.932038092299544,3996.755956874046,7209.372457798986,80.38060205801509
134,2,charniere,32.555623960082634,0.8510560120788108,58.2393458884461,3.4489630942870053,6096.093570481084,5585.5798693113375,8.3744400453725
134,3,charniere,25.95283122607534,0.8510560120788108,59.094797433387335,1.6080927489889776,5664.005324024499,6255.094656240709,10.435889417494717
134,4,charniere,25.37719553587294,0.5176873208161941,62.28663988962547,2.954965036036782,5325.628487895521,6524.602444655832,22.513285699245206
134,5,charniere,32.174887303749095,0.5176873208161941,51.933372533457295,4.702896153499113,6240.6296827810065,5581.588583950958,10.560490404493288
135,0,charniere,25.72157050467187,0.5396568694216896,61.558250335243414,8.22319158362954,3566.939890835432,6754.07134781124,89.35198109630419
135,1,charniere,43.95946023741535,0.5396568694216896,46.931909102529815,8.704028381010463,4270.308234103634,3226.502938582922,24.44332442292222
135,2,charniere,52.90227821421007,0.5396568694216896,46.927857414114236,3.4317089425215053,2579.3427068928154,3143.795733851438,21.883599470912742
135,3,charniere,32.67183297237769,0.9041815996192338,85.1515667827045,5.458157313814601,4848.383896629762,4003.60628154025,17.42390109984357
135,4,charniere,52.27994908462737,0.9041815996192338,65.16116126875247,4.392912818479657,2482.1033773051313,3278.8318472846663,32.09892372994387
135,5,charniere,33.133842978511794,0.5396568694216896,59.809343783509306,9.448597368316365,5183.455278121294,3897.8666786596245,24.80176890669773
136,0,arrhenius,25.428800733092448,0.6331035093013578,80.46762863111182,0.4406362024217845,,,
136,1,arrhenius,24.738317048607385,0.9401542695787988,86.81158645937572,1.0771842112799694,,,
136,2,arrhenius,33.450092576923744,0.6331035093013578,57.04701497133698,1.2772725830451486,10205.814279812734,9810.583057060112,3.8726084163063357
136,3,arrhenius,33.09829100405275,0.9401542695787988,67.94202813089561,1.0960675320281066,10351.412795011767,9902.519575899818,4.336540605628886
136,4,arrhenius,54.154689780187894,0.6331035093013578,53.771350007409545,2.6191963260468722,4397.5120545478085,3929.990495083616,10.631501486862144
136,5,arrhenius,53.76968159133648,0.9401542695787988,60.909902037676446,2.9105750571099502,3909.9921815611237,4536.558842151603,16.02475482036164
137,0,charniere,26.951451647135492,0.9697267454644655,84.57320374715037,6.4494494848077135,9679.564048712651,,
137,1,charniere,55.196910104259736,0.9697267454644655,80.45862640631633,2.4140479173907803,3373.063767957058,3893.260182688248,15.422074722478598
137,2,charniere,35.15203331266621,0.9697267454644655,81.97452822579935,1.153396070806112,8224.683457599058,7749.1553754832685,5.781718950854373
137,3,charniere,41.93837214091662,0.9697267454644655,53.68737343174296,5.217319930964809,7245.325120471987,5800.929595995034,19.935551551658456
137,4,charniere,54.79620601670943,0.6343735110158943,53.0112605517401,2.057131272756021,3444.2304426174655,3851.597148710165,11.827510176209888
137,5,charniere,42.32029219546253,0.6343735110158943,52.59634992651097,2.0362242380674886,6443.867810416346,5823.824295136433,9.622225866856382
138,0,arrhenius,26.059007083171743,0.5669160281270902,53.92759148799813,2.499596491261774,6573.459484970713,6193.809738392407,5.775493824010347
138,1,arrhenius,25.132089639680995,0.9419304432906704,66.36636882982855,2.4932605402598336,5933.649991660815,6804.347744177863,14.673898085339228
138,2,arrhenius,37.885787364800464,0.5669160281270902,47.771015296147716,0.3819642334213695,5128.689469854378,5158.623722633392,0.5836628042107607
138,3,arrhenius,36.642012283789576,0.9419304432906704,60.177150754696285,5.116389764734339,5820.832601844898,5151.047380379879,11.506691005900644
138,4,arrhenius,52.36669113653078,0.5669160281270902,41.378040414564715,1.317966172962545,3976.7322606786497,4110.931921658057,3.3746214776980104
138,5,arrhenius,53.4125670476896,0.9419304432906704,41.16350110444203,1.5529262902701402,3859.785527911645,4129.5855111653655,6.990025256654526
139,0,arrhenius,26.352226983574205,0.5128897752761101,64.6352619751983,11.242009435621013,9594.622010104118,8317.507323881553,13.310734752006203
139,1,arrhenius,40.008806851321296,0.8548676286690658,83.47314804204191,3.263092965783641,3444.087788450677,4032.2438195959935,17.077265948842097
139,2,arrhenius,54.119455122779335,0.8548676286690658,55.57865418469845,3.9313240927247537,1984.2496871326177,1778.1125489925917,10.388669302899523
139,3,arrhenius,53.47066548809012,0.5128897752761101,40.09020650066082,0.09874028257804328,1934.1445683432835,1937.4575374728577,0.1712885987841101
139,4,arrhenius,26.74318308980655,0.8548676286690658,62.163038807669594,5.032597564567729,9034.363364261268,8360.481698916947,7.459094107395621
139,5,arrhenius,34.541596530985416,0.8548676286690658,69.37693097979636,2.2466340639719706,5050.916338445041,5436.426545700667,7.6324805525151005
140,0,charniere,30.033029628751496,0.9552968433537443,46.21464791598943,0.09604895706385456,4466.828285459925,4466.663795020095,0.003682488542605718
140,1,charniere,41.80973409810958,0.6356196458048428,86.85755793273553,1.8869752930390813,4392.914715841354,4050.878366869984,7.7860912650534315
140,2,charniere,52.045821319700366,0.9552968433537443,57.81106864167804,5.960688908352051,3363.047700066158,4913.525760627363,46.10336215364128
140,3,charniere,31.062543362269594,0.6356196458048428,49.6178428843018,1.8839422341149068,4099.042529199623,4542.142575630078,10.809842622369052
140,4,charniere,25.921093008749114,0.6356196458048428,45.35799884025513,1.2757427206828775,4432.294808678212,4736.109459478371,6.854567755856521
140,5,charniere,41.17199888569057,0.9552968433537443,41.89546077530402,5.263982012548029,4954.477799969059,3953.6044381300867,20.20138957621775
141,0,arrhenius,25.87776803280623,0.6482798085173707,89.74643589358479,2.23646268872159,4957.073630832897,4642.8630010957495,6.338631481742851
141,1,arrhenius,25.226753891693885,0.9206703964261278,59.97673406920572,0.4046162709828688,4805.4837681570525,4725.24262458791,1.669782844775191
141,2,arrhenius,47.41068089833048,0.6482798085173707,52.39387820439269,6.159658581557937,3480.7418695347296,2914.005657410933,16.282052314311724
141,3,arrhenius,47.45356966611607,0.9206703964261278,64.08491550934419,5.135179559671562,2241.9867769420343,3239.83063115638,44.50712486250068
141,4,arrhenius,53.74904082425577,0.6482798085173707,89.62989602595157,12.189910544652758,3335.6051317564798,2369.8187282235526,28.953858906685348
141,5,arrhenius,53.435996793373235,0.9206703964261278,43.77994946341994,3.615225597646537,2349.261715560894,2852.615332615708,21.42603413322286
142,0,charniere,53.3047831716948,0.9323110947702175,94.74520274279608,1.3326504533883874,3190.027004379473,3397.963012068659,6.518314967356638
142,1,charniere,27.19059546909714,0.9323110947702175,49.274666142962595,3.867361808672979,9292.707365307164,11659.055556666572,25.46457236126675
142,2,charniere,31.973357161408302,0.9323110947702175,64.78851972089691,4.833632704264585,9191.178208244226,7993.101956907193,13.035067150176594
142,3,charniere,39.531677875120835,0.9323110947702175,49.923161381029885,4.1603404446731895,6633.360999195142,5814.144511813062,12.349945788891617
142,4,charniere,54.27046788223785,0.6396861635621507,49.564166485859474,2.2494023346549112,3052.840778103307,3379.785704335714,10.709530892585033
142,5,charniere,39.34063121692084,0.6396861635621507,65.97115309575699,0.190288604499844,5939.102728305762,6002.2581940193695,1.0633839588698917
143,0,arrhenius,24.292135226241548,0.5979301212409508,59.22506246090657,0.44018987739821536,2994.8125988780835,2934.532964115382,2.012801561783308
143,1,arrhenius,43.278831040550486,0.5979301212409508,93.1330755834875,1.2632566317716847,1625.6208452047258,1732.746403468015,6.589824347989218
143,2,arrhenius,53.22588152787405,0.5979301212409508,91.31980754091374,0.906527030486237,1261.822614936502,1324.5867020893122,4.9740816506105
143,3,arrhenius,38.51382329828758,0.9284914191029229,93.20804507447747,0.915353382564306,2006.4812502886393,1947.83642298373,2.9227697640570054
143,4,arrhenius,38.9443053402945,0.5979301212409508,44.76007155324711,1.0195355630734968,1862.2681277076078,1969.1929778826852,5.741646360381973
143,5,arrhenius,52.03535448739972,0.9284914191029229,55.474011036770534,1.0067571276632536,1398.1061446201743,1341.524953040125,4.046988263213795
144,0,charniere,27.241288715016825,0.5369844940979664,66.47543974955045,6.454498029014829,8456.191507039932,,
144,1,charniere,27.176520079317356,0.913241186977317,83.79560972486118,22.48365612889199,,8509.094050900681,
144,2,charniere,48.492201706044256,0.5369844940979664,65.54789997672263,4.5278003495055446,4779.364862387938,4138.072320073499,13.41794486880892
144,3,charniere,49.12348731634617,0.913241186977317,59.80742012314853,2.081995116202256,3843.2094570189633,4271.702864544407,11.149363892797306
144,4,charniere,54.520016845710344,0.5369844940979664,66.73983258271016,6.884630196915633,2611.08161576712,3794.2104939346323,45.31183058480981
144,5,charniere,55.325921905403526,0.913241186977317,84.70758309343202,10.5266760652916,3980.9251065600947,2962.030077431965,25.594428477167558
145,0,arrhenius,26.325606813291685,0.5719090005681652,50.36751968784316,3.6314411811316787,6325.145212242864,5638.560179130095,10.854850127137382
145,1,arrhenius,26.641178318503883,0.8620569708422323,77.12547976897625,2.4292061493656356,5607.047778721599,6150.584780889386,9.693817916631222
145,2,arrhenius,44.67488794683019,0.5719090005681652,41.94681283475405,1.5659064291054634,4199.122499967645,3935.9691466083054,6.266865359640432
145,3,arrhenius,45.53835813817428,0.8620569708422323,73.67740505283336,0.760867682152998,3815.0877669677034,3936.9888707634145,3.195237206629199
145,4,arrhenius,53.192638411276775,0.5719090005681652,65.39430456693869,0.2663915122611392,3348.060470544653,3378.2864466893166,0.9027906279048304
145,5,arrhenius,52.116034735102765,0.8620569708422323,65.78012711150562,1.371158854726941,3302.8047693302033,3500.751705880119,5.99329813218293
146,0,arrhenius,26.11666528071706,0.5154060353315307,92.69798591761332,2.3276697280359993,5997.6470669952805,5623.397361380287,6.2399421212106425
146,1,arrhenius,25.322967828966668,0.9784543807474151,84.05223441101943,1.754581526738418,5500.938782875031,5878.350080885147,6.860852536389501
146,2,arrhenius,35.709310925504,0.5154060353315307,43.30137654283567,2.3285609855678953,5418.612651387059,5077.20497444456,6.300647396434668
146,3,arrhenius,34.76314589861676,0.9784543807474151,45.477144769565925,1.9880345230292713,4851.639293253588,5267.750232534726,8.576708080086616
146,4,arrhenius,53.69357780376644,0.5154060353315307,48.64152887930471,0.2633011087862457,4257.323228771828,4300.936113217558,1.024420324747376
146,5,arrhenius,53.98098710828015,0.9784543807474151,67.52269066325135,1.0494736391514636,4339.464176433495,4198.260021634615,3.25395369238724
147,0,arrhenius,33.21790654670148,0.9744159457473365,86.46123739077451,1.8139929012877953,9522.270935027997,8999.76700599001,5.487177718457243
147,1,arrhenius,53.78540091151576,0.570794688292383,60.745455386118806,1.698547479652712,4450.631353867852,4092.4913805844863,8.04694760827859
147,2,arrhenius,33.07546602933008,0.570794688292383,54.16591861980812,0.5371961347671976,9292.276236957923,9163.250313609651,1.388528709845072
147,3,arrhenius,28.103133486247565,0.570794688292383,84.59476446840128,1.3978955654351621,10731.278286187244,11352.041877822401,5.7846192697674494
147,4,arrhenius,45.87864575135862,0.570794688292383,56.15270459238391,2.3638475626048967,5338.876791025316,5931.852377645297,11.106747914032699
147,5,arrhenius,27.483876830592326,0.9744159457473365,68.9048631077578,1.947078423924398,11908.411370252272,11130.48159913509,6.532607473239331
148,0,charniere,27.057714192342765,0.6321923768827494,46.37250159952248,5.149509736351318,6486.939990840475,9204.331627392237,41.890192300047566
148,1,charniere,26.857373905971635,0.85141573999503,65.43194747256275,16.68025735517009,9157.559570710491,6824.681285388723,25.47489063334339
148,2,charniere,49.372052738521255,0.6321923768827494,42.92622475052029,4.78991603168442,4718.048280634099,4090.4233475955616,13.302639051294008
148,3,charniere,50.11274675931819,0.85141573999503,55.4913897803524,13.407542531329508,5193.973476050349,3907.5150232072506,24.768290765731045
148,4,charniere,54.023482559360204,0.6321923768827494,83.34599781943088,5.804388334751204,2845.463448373142,4185.312887948379,47.08721316878203
148,5,charniere,53.87209801886663,0.85141573999503,50.865748136993695,1.9337434904481765,3587.130277444492,3850.7215083679234,7.3482480572525075
149,0,arrhenius,35.26166002515002,0.8850853653031127,44.74655577144323,4.529442046422709,1575.569794123649,2071.6567402794476,31.48619299545078
149,1,arrhenius,53.41939200801768,0.6039065080783832,95.00150463046839,1.07329635084249,890.4573192476344,848.9401061751067,4.6624596345175044
149,2,arrhenius,47.62748332195919,0.8850853653031127,83.975714208734,3.485666481932414,996.8508595649705,1203.3440437063896,20.71455144569304
149,3,arrhenius,25.08173918181492,0.6039065080783832,45.43287018769033,26.461568338980037,4556.871891925145,2465.750489439946,45.88940510244982
149,4,arrhenius,47.94296399456544,0.6039065080783832,47.223242672457566,3.9131279629725806,1274.4398673803323,1077.6092845478022,15.444477834574034
149,5,arrhenius,24.780176711824858,0.8850853653031127,83.0972412429247,5.049662782183508,2653.771683099705,3803.0392732982805,43.3069505382689
150,0,arrhenius,25.408307999636154,0.5610303268858639,65.0690017174645,0.6280737157997979,2162.11687315559,2215.362990619527,2.462684516504642
150,1,arrhenius,26.3810994804659,0.9000266053241669,79.41292721020383,7.150083310220227,2337.9798979824986,2033.628293188142,13.017716921218584
150,2,arrhenius,33.21214040055155,0.5610303268858639,63.53420596085432,0.44691036099558124,1753.322353775666,1780.0607250494606,1.525011713688319
150,3,arrhenius,32.926434705819254,0.9000266053241669,72.79005758224527,2.2307814179453644,1623.7790570344953,1829.4130733828708,12.663916033251752
150,4,arrhenius,52.64566087968663,0.5610303268858639,39.8261901978079,4.507094011987346,929.9195003851488,1270.4071288692799,36.6147422807146
150,5,arrhenius,52.989413875402235,0.9000266053241669,62.3204545533681,34.912896433320924,1316.8844745780204,896.3120942389686,31.936922976772063
151,0,arrhenius,55.20513666719594,0.6448534254231708,49.28554789549459,0.10479191228047259,991.0451079538362,993.1566785706761,0.2130650360809078
151,1,arrhenius,35.6041203811907,0.6448534254231708,80.75448994016068,0.22415858579065442,1992.2002727543606,1983.264960917302,0.4485147381645983
151,2,arrhenius,55.514401131291685,0.9704663561828903,65.38487895438419,1.2943138571113262,947.1845898397295,1018.2496048078759,7.502763002106184
151,3,arrhenius,31.235791308687503,0.9704663561828903,53.133699136829854,1.0977108816008836,2250.9438943866003,2366.7451801519337,5.144565622187139
151,4,arrhenius,32.14888100107148,0.6448534254231708,50.3146202624191,5.04738485762556,2598.6904012930913,2171.985528372069,16.419996499340467
151,5,arrhenius,25.110430704126966,0.6448534254231708,59.42017290726669,2.231503097325197,2780.4359981637085,3062.445051664068,10.14261985122505
152,0,arrhenius,55.27964950990056,0.5237013492683117,56.500324715113074,4.015844442667384,3875.1050558482943,4837.687019834232,24.840151431074435
152,1,arrhenius,54.44972980025635,0.9665600975310988,62.28489769781243,1.4613642737724468,4635.837977904902,4447.884710669231,4.05435367093251
152,2,arrhenius,42.737955862811226,0.9665600975310988,87.58969066017836,11.81995162819247,7547.189022712995,6012.16789909595,20.33897811486441
152,3,arrhenius,38.927636893607186,0.5237013492683117,84.5700423820122,0.6572652539561878,7039.537699804488,7041.449932103099,0.027164174412539224
152,4,arrhenius,27.273567158235103,0.5237013492683117,59.64731607181776,2.742723590786251,9592.963372208418,11597.688800707703,20.897874313865668
152,5,arrhenius,43.248296714196776,0.5237013492683117,61.180580600725314,1.6795934185478922,5817.221847346703,6282.7621024958735,8.002793556197425
153,0,quadratique,25.684461438469935,0.6184973982284053,91.41633965951131,4.864307333098406,8558.696934668882,7552.184142806304,11.760117218141893
153,1,quadratique,25.312399384065092,0.8738501693082584,41.544826185226334,2.7384374194111625,8473.391863234116,7842.428856143981,7.446404194144156
153,2,quadratique,37.16428544779555,0.6184973982284053,94.34995086405351,4.0220485065573675,4672.123973307427,5922.224407327915,26.75657669108326
153,3,quadratique,37.840575099223635,0.8738501693082584,82.99061045795901,1.9445630477724056,5202.06797963975,5661.1079387007385,8.824182245553388
153,4,quadratique,53.00408291747345,0.6184973982284053,62.19000807449311,2.266422170478159,3535.0563179322003,3947.724148150561,11.673585739639568
153,5,quadratique,53.53383727617444,0.8738501693082584,84.68975009605445,7.952329504119795,4292.8163982792685,3329.103026588044,22.44944302946474
154,0,charniere,45.56868128737927,0.9052411324427871,57.947168566271976,0.4707891698548716,2100.8082150650225,2156.911840044328,2.6705733810912897
154,1,charniere,24.95592646803025,0.6398511454570728,80.51866484461017,2.712810067075515,2567.063260537812,3029.709150896478,18.02237979370013
154,2,charniere,52.595925938934116,0.6398511454570728,49.483677727129766,0.2068222217017657,1994.352268768244,1968.4642765540013,1.2980651723194097
154,3,charniere,25.279279219213027,0.9052411324427871,54.97477470095441,1.0441140366833621,2851.0170002532186,2673.661172074878,6.2207916740794085
154,4,charniere,53.71852210650058,0.9052411324427871,47.91744006199035,2.935161427496831,1714.0880960962193,2093.929100672058,22.1599464718829
154,5,charniere,46.273798138906095,0.6398511454570728,56.58502030217452,4.945476078190351,2608.2427468995706,2023.713613844593,22.410840929196866
155,0,charniere,54.338332233012835,0.9818673256460833,78.8990677546276,0.8350825172382349,1167.2408567624034,1222.3774321762503,4.723667364315897
155,1,charniere,50.70670680172686,0.5432643186992439,80.49126497539177,0.6155337034983588,1253.581298206674,1287.4149415886557,2.698958849368821
155,2,charniere,24.450794324574485,0.9818673256460833,92.6040285212221,6.963873962466028,2023.6544499714696,3262.2667874146146,61.206711326659914
155,3,charniere,50.69656438378315,0.9818673256460833,45.65458533742458,1.1510768614953935,1342.0959101027322,1264.2899240218255,5.79734916820892
155,4,charniere,46.404153867417904,0.5432643186992439,83.82583324995984,2.558941953300638,1525.00093014442,1348.111362450694,11.599308839567342
155,5,charniere,53.77245488874366,0.5432643186992439,60.06213061662357,1.241171941821874,1154.5560784303361,1237.8036972022828,7.210357324966411
156,0,arrhenius,52.690918494322325,0.5373276687057936,69.63707104042578,0.5785644579586694,2999.420588980332,2934.1675637805456,2.1755210136091483
156,1,arrhenius,31.735344168681607,0.5373276687057936,45.25876913557025,1.1020779478978924,8010.525011985493,8592.090288628724,7.26001449059934
156,2,arrhenius,32.309027610711006,0.9571438477388924,45.51960210997954,2.7122870269378345,7517.969126697139,8313.590450337824,10.5829288499649
156,3,arrhenius,43.69254003120635,0.5373276687057936,66.1498923312306,1.2947355394693827,4802.061054293645,4569.109312134682,4.8510783083583355
156,4,arrhenius,24.968760128331677,0.5373276687057936,69.71375013358318,0.41609973072281214,,,
156,5,arrhenius,25.333990537847793,0.9571438477388924,73.69686583471135,3.560311179729758,,11298.451515218268,
157,0,charniere,25.775777505130545,0.5220594386599383,77.30560221595438,0.44277157706142667,3837.4281537522147,3783.7776793217413,1.3980841407549038
157,1,charniere,26.58885321369567,0.8545805478530892,46.023347546944535,2.54686051307653,3449.3179370582893,3966.767848051187,15.001513935076643
157,2,charniere,43.59878782605947,0.5220594386599383,94.46200428900555,1.4763285513827002,3216.652559509139,2970.9153537924467,7.639532127591414
157,3,charniere,42.87359173303035,0.8545805478530892,92.18684436426834,4.225384548770268,3580.985994526267,2943.0569589861707,17.814340422308426
157,4,charniere,52.348361466863956,0.5220594386599383,88.90280567073265,2.09336199535157,2539.5945669711577,2856.7037693781003,12.486607371551523
157,5,charniere,52.42088584742416,0.8545805478530892,41.68690467066004,3.184796482201504,2430.165593499105,2906.91732671499,19.61807600647608
158,0,arrhenius,45.144566600745144,0.8582139197076178,66.48666046950562,2.4607236769937004,6338.7350294953485,7155.309015779116,12.882286173567628
158,1,arrhenius,54.688669729037954,0.6372349171281899,52.071081877436335,1.9353677811016972,4151.6764032106885,4580.573504889877,10.330696808342333
158,2,arrhenius,54.43068188543191,0.8582139197076178,67.5346829290472,3.486183568407092,4933.63797258547,4319.540547321828,12.447152155791946
158,3,arrhenius,50.15158236190922,0.8582139197076178,65.39872716308066,1.8001940799750482,5799.4400699684265,5412.29896245773,6.67549113086712
158,4,arrhenius,25.701091461644406,0.6372349171281899,87.26743288883146,0.3651327721976279,,,
158,5,arrhenius,25.35703504238502,0.8582139197076178,92.40962640933978,0.27238456094364266,,,
159,0,charniere,32.61282743153034,0.9042535213771058,48.973043127299114,24.810090874884473,4231.890979903202,3540.720128509587,16.332435185025115
159,1,charniere,39.08729281838348,0.9042535213771058,43.37069886414257,1.3361480538196724,3161.0529820544175,3076.0390494132716,2.6894181503371692
159,2,charniere,27.077378003355296,0.9042535213771058,67.37166360060638,1.4831643092715283,4085.5991946437907,4349.410693388051,6.457106685602362
159,3,charniere,33.45459433558627,0.5246420251765722,40.801916583801145,1.8998153883177282,3307.7932203581227,3637.800368761917,9.976655927968368
159,4,charniere,27.215205806553733,0.5246420251765722,85.83293835306523,0.8714512752892876,4140.245159404697,4267.820685749956,3.0813519836009577
159,5,charniere,53.172140021109364,0.9042535213771058,65.45639246905739,2.328131127740751,2131.5053549865265,2440.275601263664,14.486017853757135
160,0,charniere,27.245322583812246,0.5542288712831235,60.235350620736924,2.803248302629573,5389.176749853896,4766.617452901373,11.552029667043309
160,1,charniere,26.170649525058927,0.88482601145396,82.98933948171072,3.122173495421672,4719.65649873629,5570.1292905078935,18.019802754698816
160,2,charniere,38.69180990349915,0.5542288712831235,55.56599439318948,2.320368774202941,4128.115315359415,3695.447070549206,10.48101159384737
160,3,charniere,38.32183807794325,0.88482601145396,67.88279609374379,0.3388560119221982,3739.815279257523,3811.4043934879614,1.914241984824752
160,4,charniere,48.2330646788837,0.5542288712831235,90.30531793290191,1.1331088790661654,3135.21306790573,2948.8177887233214,5.945218878119741
160,5,charniere,48.64576935651559,0.88482601145396,78.83091921444837,2.6897190410955263,2714.5597816110326,3168.8387312471295,16.734903121805342
161,0,quadratique,26.851689664614316,0.554636391499479,53.115305922272285,1.9283806602842104,10405.539192278036,10966.892055004602,5.394750357032403
161,1,quadratique,26.171471297008424,0.9650544619350186,58.3082234588294,3.541729104164947,9529.127236176308,,
161,2,quadratique,36.879449122012915,0.554636391499479,47.301775290541144,14.867362986302895,8841.425965127157,6982.743719904198,21.02242616240951
161,3,quadratique,37.15810130206978,0.9650544619350186,53.522520356302714,7.282249689078838,8077.685066092782,7022.685765048734,13.060663945324585
161,4,quadratique,52.47167551187952,0.554636391499479,81.46822263932522,4.210553408716618,3591.090429828936,4604.294547071685,28.21438604905902
161,5,quadratique,52.97040965367372,0.9650544619350186,62.84890809467079,1.0586482641080095,4167.024054998815,4076.123045553308,2.1814371178505816
162,0,charniere,26.58347268262061,0.582932620600864,76.3136514621653,3.4548895726224167,6150.797123592033,7545.471715276464,22.6746966882554
162,1,charniere,26.795562654572056,0.9692381366456576,94.54889346959823,2.5686541837083805,7437.479208262868,6652.4402939790225,10.555174573283992
162,2,charniere,36.268359570116566,0.582932620600864,66.79338238699675,0.6374816920602661,5277.790951789314,5079.735926256986,3.752612169399809
162,3,charniere,37.818604933169546,0.9692381366456576,89.9394328600363,4.149634406107715,5742.083296869874,4723.368346213271,17.741208164150546
162,4,charniere,52.2797118998306,0.582932620600864,57.94516418539814,2.5536152629570883,2959.0152705746095,3465.976087782853,17.132754340595106
162,5,charniere,53.29171586490733,0.9692381366456576,45.40746656091348,1.0942049929770246,3057.2447566513947,3220.768973525455,5.348744699563031
163,0,arrhenius,26.430842442849382,0.6248067502271105,88.48961792457054,1.7068269510351366,2568.5615882158854,2332.1827177285963,9.202772149663621
163,1,arrhenius,54.338055104953,0.6248067502271105,85.80988200530845,0.8279446429335481,2129.0420043368417,2239.8312116739594,5.20371167461426
163,2,arrhenius,46.588306936318816,0.9034589188185193,85.5516695790678,0.989386085429029,2372.588453915239,2240.2373849569753,5.5783407670157965
163,3,arrhenius,31.554763536575653,0.9034589188185193,88.43357290154263,3.8639255368435252,2733.2110676492703,2292.951743193375,16.107768977920365
163,4,arrhenius,32.269503243378914,0.6248067502271105,65.15980892713257,4.858824176633618,1881.8853263406434,2745.936534545869,45.91412644071078
163,5,arrhenius,47.465769126756186,0.6248067502271105,80.32362277419534,0.9810651296706842,2360.1626201330337,2241.474438968877,5.0288136991791905
164,0,arrhenius,55.54348465460572,0.5984561010485885,97.24893616594403,1.120111608097086,1040.3298841640735,1083.3438529571056,4.134647042999699
164,1,arrhenius,38.33354334012865,0.5984561010485885,64.9370868652677,1.2851610805387026,1596.3484738085886,1676.7215356415386,5.034806820167214
164,2,arrhenius,26.0874003004491,0.922170680370834,67.61487998108484,0.2655964680187341,2298.717335125366,2294.1625518778396,0.1981445555713746
164,3,arrhenius,42.300879385888095,0.5984561010485885,82.04393205854106,15.471704281594826,1650.1680820973738,1478.323184218781,10.4137814652297
164,4,arrhenius,53.751405591334574,0.922170680370834,81.66633961790257,2.1425380077477056,1078.427271106727,1204.9946194301322,11.736289661287639
164,5,arrhenius,38.64451619416719,0.922170680370834,62.317870532978624,0.9155675691153624,1605.678350363497,1653.022228411102,2.9485281430672163
165,0,charniere,26.812252626678088,0.9733306979749085,83.50678718037645,0.8828335325671332,2101.0485617047034,2174.907674930594,3.5153453647908313
165,1,charniere,36.46073361860033,0.9733306979749085,51.9031187087406,2.09021049614206,1492.8707801621997,1648.5744259273642,10.429814008969176
165,2,charniere,30.7265407729636,0.9733306979749085,43.45791570698878,6.001285276667755,2297.239889876093,1808.6867214625995,21.266963479371096
165,3,charniere,52.398393390180004,0.9733306979749085,60.83669396277802,0.5968145688320617,1028.4517063676165,1064.5113767763762,3.506209400548202
165,4,charniere,52.2285127187957,0.6265559345972819,78.94739944948296,0.14839666272900864,1060.2834848388154,1048.0583763441466,1.1530037645099478
165,5,charniere,25.304777735154197,0.6265559345972819,81.759192417329,1.6481456156009764,2203.870542070229,2330.7649375606884,5.757797160411236
166,0,arrhenius,25.474980816491946,0.5273146223530938,89.6274924203399,4.074651301397147,9432.344576392461,8187.696900177066,13.19552806977106
166,1,arrhenius,25.446351307049028,0.9571972111714033,54.211424439223194,1.069053611291766,8590.435033779419,9063.819102517613,5.510594828745547
166,2,arrhenius,42.38920971138555,0.5273146223530938,64.2868060037419,3.2489543259412126,7138.085912453509,8214.382018260992,15.07821731214689
166,3,arrhenius,44.09188970870773,0.9571972111714033,71.67490360596412,0.7316056736837754,7787.813377156523,8009.777504173507,2.8501469702401545
166,4,arrhenius,53.660930722908965,0.5273146223530938,53.79592197757328,0.38436917175619745,7643.299838819,7629.397963822895,0.18188315634956365
166,5,arrhenius,53.4981607028561,0.9571972111714033,92.63767499390613,2.5868086553197434,8096.492763778109,7339.927924144238,9.344352693286806
167,0,charniere,24.891483941488875,0.8676926533119146,63.22652213707711,3.387137021840288,4951.524513162865,6113.483358107346,23.466688731028036
167,1,charniere,24.89460802666635,0.6469246668482053,46.59212142471687,0.29973270086514064,5665.987235242606,5699.405648636621,0.5898074246646876
167,2,charniere,53.120154596312425,0.8676926533119146,85.34478667961953,4.063683621896622,2989.875442334319,3832.53966066659,28.183923865215217
167,3,charniere,34.79841115866656,0.8676926533119146,60.568767183683114,9.787488434295815,5476.035705195572,4520.284647914421,17.4533386693288
167,4,charniere,42.988356573726655,0.6469246668482053,96.72401247592589,6.15517022475032,4541.17114917739,3968.2471237304126,12.616217416750745
167,5,charniere,53.2420450229039,0.6469246668482053,93.81700262725548,0.9226560659800772,3271.7858980889214,3364.634879285179,2.8378684940995553
168,0,charniere,40.55801419967466,0.9494027308501151,87.0577048679209,1.3546768700921266,5052.462861769054,4837.764843131688,4.249373513696487
168,1,charniere,54.39585219011084,0.6234574168198513,63.813954125175236,5.152656772564644,4086.164294174426,3541.86224579483,13.320610949383457
168,2,charniere,49.57664330245585,0.9494027308501151,46.61149116603683,0.8828195055401884,4164.115817731639,4049.1469975891964,2.760941942413863
168,3,charniere,40.41738518977535,0.6234574168198513,81.07874988525957,12.609661701146672,6022.075144803921,4646.080162595518,22.849183198845736
168,4,charniere,55.38326783180768,0.9494027308501151,68.35790281928318,4.896334265196114,2943.893893395756,4146.2399264186015,40.84203020088981
168,5,charniere,28.005561422614953,0.9494027308501151,50.01629134708558,6.428666076814347,5440.540994200117,9087.188085509259,67.02728819057968
169,0,charniere,26.366421869665565,0.6351477723548322,58.422227310718874,3.5262174482608994,9602.986909816755,11456.309013135193,19.2994338191158
169,1,charniere,26.347292631510545,0.9898019690716873,67.81897176815318,2.800183579599479,11588.049056519847,10391.063890294228,10.329479624977532
169,2,charniere,33.57940420628167,0.6351477723548322,61.32892163229546,2.4436533116485153,10030.010968194265,8992.971832713964,10.33936192860418
169,3,charniere,34.38104582390051,0.9898019690716873,57.07286366681266,1.0678788967224144,8642.495926516034,9112.100343130816,5.43366662371213
169,4,charniere,53.88365111834423,0.6351477723548322,48.17277177275591,2.1546465713185703,6337.673808277204,5799.717703714069,8.488226450855635
169,5,charniere,54.54089855975923,0.9898019690716873,44.70196985395751,1.829915001537518,5671.311217388377,6262.483500843689,10.42390834843913
170,0,charniere,52.29087861869499,0.5858020855136348,76.36148697887155,0.7945400732238976,1426.6422958080602,1482.6592786851106,3.926491107241566
170,1,charniere,30.853190082269386,0.5858020855136348,83.76214380761084,4.211469065129437,1563.6098843365253,1996.4966499281736,27.685087561040323
170,2,charniere,44.61231703632484,0.5858020855136348,48.37116034863589,4.29767715263431,1752.6137204035315,1523.3283039765847,13.082484392177122
170,3,charniere,25.91956184061372,0.5858020855136348,57.7476925081932,6.52934908597054,2306.109011131453,1912.0182747560373,17.08898991648542
170,4,charniere,26.072251090542945,0.994462111363873,54.51172935747106,2.355098345289022,2153.1373904124175,1987.187689148554,7.70734380457148
170,5,charniere,30.76407657813292,0.994462111363873,44.179211153950504,1.8316270767585705,1769.8843841587197,1935.7108774826386,9.369340438739519
171,0,charniere,26.66574674147968,0.6213722717208003,57.97830529452383,3.898803919030899,2523.3633001215308,3366.438234407768,33.41076309723744
171,1,charniere,53.55283926302133,0.8693219370417751,78.35910914734227,4.011851709439851,1843.2727557959008,2480.3407366329543,34.561785760348634
171,2,charniere,35.594245326142925,0.6213722717208003,48.69087636666892,0.7311117777497422,2550.197530560287,2636.782745264556,3.3952356108370227
171,3,charniere,26.139791165846567,0.8693219370417751,65.31335109086773,4.4291950078447915,3315.542454001077,2912.943210816283,12.142786550627688
171,4,charniere,40.46698958099759,0.8693219370417751,69.0770911589851,3.682744679175549,2677.004119104735,2369.2253371919787,11.497135163754846
171,5,charniere,36.07922693205326,0.8693219370417751,87.66715769632229,3.112459380318233,2824.979410690608,2544.516223957764,9.927972772880514
172,0,arrhenius,54.30869364269298,0.9681901553998796,62.79697218455447,1.4606008256108087,2307.917155745927,2156.5379657337276,6.559125817636782
172,1,arrhenius,27.59365037185094,0.6207721851485344,66.99717019523624,9.157646870191343,1321.5177271172017,2704.5198752348956,104.65256119829857
172,2,arrhenius,49.81159964077297,0.6207721851485344,61.90563757644528,0.6209827782811761,1991.8444379536588,2068.0383879877572,3.8252962220471907
172,3,arrhenius,50.50848645955885,0.9681901553998796,41.47899428431486,4.727847038983228,2399.984978805191,2003.293881201577,16.52889918507335
172,4,arrhenius,55.12122728972052,0.6207721851485344,47.633342781060826,5.562775611399209,1723.122150619377,2457.352080286759,42.610439973942796
172,5,arrhenius,43.15451951530739,0.6207721851485344,53.162654588725,6.0605968397867995,2215.6167173302924,1783.0306916805155,19.524407008944287
173,0,arrhenius,54.28880819928042,0.939881131826454,87.56514244617084,1.3608188361899245,2744.437417804031,2954.365677573129,7.649227430264097
173,1,arrhenius,49.32777529661288,0.939881131826454,63.937666484953816,3.4347069006442514,3394.1088930970654,2882.567329461571,15.07145409140724
173,2,arrhenius,26.56259749534125,0.939881131826454,83.00521488852497,0.44757094659332247,3327.5026558865798,3376.5758330398694,1.474774995790787
173,3,arrhenius,44.44795749560326,0.939881131826454,45.39190535677772,3.0903139046381196,2655.6645156414597,3155.025189235495,18.803605299271684
173,4,arrhenius,44.87943322450809,0.6335582893916761,72.86451974063986,1.8055803205265004,3300.100783098488,3011.225903405658,8.753516897796182
173,5,arrhenius,54.47681098071925,0.6335582893916761,61.92462350186814,0.39022339793495797,2912.180422249977,2904.6345387481074,0.25911456049276627
174,0,arrhenius,26.57389946342099,0.648348826872188,63.88136933458502,3.7019562709688025,11317.895476426496,10107.711068688202,10.692662874108787
174,1,arrhenius,26.685644447340565,0.8641780083666922,92.97566620738189,1.5148666533937383,9844.889419185238,10558.303222707222,7.246539530771347
174,2,arrhenius,32.037243782057935,0.648348826872188,61.665773669556756,0.4791611467289911,9520.350470447469,9755.667132968963,2.4717226876463325
174,3,arrhenius,32.56894922432887,0.8641780083666922,45.15596862891022,0.16968024336989074,9603.726583498528,9644.073616331776,0.42011850798182376
174,4,arrhenius,53.84324932489707,0.648348826872188,46.57744949834796,6.9081474601572195,8160.4825987718195,6603.376073242879,19.081059320723142
174,5,arrhenius,53.98579184579265,0.8641780083666922,49.26275496391691,3.8526567796211975,6475.795110994718,8268.513579163497,27.68337227231093
175,0,arrhenius,27.70908243740369,0.5552736284155417,67.6900214037516,2.191471890376966,6631.066444663326,7311.052083033096,10.25454418296504
175,1,arrhenius,27.335253734451026,0.8838272810464716,48.61237086565594,3.0198361376333778,7552.769105808425,6902.782877694719,8.60593272491061
175,2,arrhenius,32.995243498484875,0.5552736284155417,84.54325311583135,0.3700369069108493,6955.986395158696,6860.561965652354,1.371831744420264
175,3,arrhenius,32.91997316515306,0.8838272810464716,81.76472979156011,0.7982475951267004,6768.6305789906155,6923.736740684571,2.29154420357043
175,4,arrhenius,52.82139261948475,0.5552736284155417,53.66428436039446,3.4477787357576846,6692.400906623926,6037.876610656692,9.780111877628354
175,5,arrhenius,52.04477469374584,0.8838272810464716,66.86210170518936,2.2192261016547192,5954.666510465393,6539.116165385593,9.814985505788169
176,0,charniere,34.346093574995805,0.5882025610629996,51.13865681234034,1.7111104744794805,3086.189360674069,2850.0230418864517,7.652359955515991
176,1,charniere,39.121289753519044,0.5882025610629996,58.28989078363862,10.403082989281407,3494.0760085779943,2396.5962525865975,31.409727587410007
176,2,charniere,24.0,0.9091310296435442,48.76084428213877,2.339854456933313,3551.5932819016607,4065.2855464998706,14.463713151387628
176,3,charniere,52.268509577312976,0.5882025610629996,56.38217128961393,2.1845655278171057,1726.2516402338456,1953.7434821347986,13.178370788985083
176,4,charniere,25.167130942203187,0.5882025610629996,40.803380691960285,2.5796738798908616,3367.999049950677,3915.115556966271,16.24455645329253
176,5,charniere,51.661715717401755,0.9091310296435442,56.617293845799566,3.6977601155967563,1634.2832207394508,2070.9044249017747,26.71637318559567
177,0,arrhenius,48.90205368795759,0.9019389001751029,70.54376528963914,3.0845518299944423,7225.790158677004,6304.5727904899195,12.749019110122534
177,1,arrhenius,27.39487397817675,0.9019389001751029,65.80829325952516,0.7622391506045103,7278.879020071528,7494.004649448613,2.9554774682183247
177,2,arrhenius,48.28639668460627,0.6075704512551104,57.490719103913385,0.6902485027806722,6291.704994831691,6530.8774076776635,3.8013926756330836
177,3,arrhenius,55.13655019388314,0.6075704512551104,45.31710616815416,3.408125710288141,6938.465131612105,5958.640086745911,14.121639675063685
177,4,arrhenius,54.88912134318807,0.9019389001751029,59.853504796190016,3.4119482065012026,5388.429624516192,6655.770273581491,23.519665976505884
177,5,arrhenius,42.20958306833651,0.6075704512551104,74.36408909650572,0.8039086027600804,6443.436184893856,6772.834448172317,5.112152178223011
178,0,charniere,26.42888142255122,0.6265609412084484,60.42192982467026,4.067126894791141,4920.0820298195895,6178.415123871181,25.575449482856133
178,1,charniere,26.608308705867035,0.8826231693336937,94.56010413283734,2.4913498233529987,5162.842774457474,5882.05472840313,13.930541474241059
178,2,charniere,39.87073057539226,0.6265609412084484,52.10533677148588,6.448709996625084,3924.67638702864,2948.921408262652,24.86204931420419
178,3,charniere,39.69715511320787,0.8826231693336937,57.38481399861468,4.849979572524439,3763.1315293683597,2998.547548508095,20.317758624519822
178,4,charniere,54.641224802339856,0.6265609412084484,78.94863403370849,3.038063061783085,1472.4418377461577,1774.786485304287,20.533554521985277
178,5,charniere,54.36796947870882,0.8826231693336937,65.45805099662432,3.6013390493492925,1474.5748578790722,1846.1062988858127,25.195834516066963
179,0,charniere,39.617432846499625,0.9089001062347927,89.6312777094427,9.178280125759477,2030.8961783133514,1716.9731805823446,15.45736316229213
179,1,charniere,46.69529765523271,0.9089001062347927,77.68565342320544,2.5259193795067407,1232.5647111324915,1451.4701972020098,17.760161725576737
179,2,charniere,52.66187951365984,0.5678482154261687,57.13595356140876,1.1318411588873698,1187.2730486524042,1135.217536036787,4.384460059520606
179,3,charniere,39.46449544990948,0.5678482154261687,92.40134664761268,21.32816409525382,2186.9803940417805,1703.0921708286,22.125860137177625
179,4,charniere,45.90444107454657,0.5678482154261687,89.87855264112207,3.392262687057829,1216.3146915546743,1497.6841233130453,23.13294690198382
179,5,charniere,25.054310370199673,0.9089001062347927,42.57892810569008,6.842697586115352,2602.693947202224,4429.797187527363,70.20046449522776
180,0,arrhenius,24.73301553620601,0.6376083384976214,62.583789145486335,3.704599628201798,3868.770503962795,4921.9715801830025,27.223146866463395
180,1,arrhenius,25.560616796822853,0.9385443710021404,86.17345354342753,8.397611461130783,4544.2690228952515,3950.689096187607,13.062165195700977
180,2,arrhenius,42.64868987708281,0.6376083384976214,50.241709164215266,1.263515591358202,1530.5172564021386,1606.3475410348594,4.95455273800563
180,3,arrhenius,42.352933271366716,0.9385443710021404,61.145958521286055,28.77826162007988,2097.858814395148,1542.3226591705236,26.481103085328257
180,4,arrhenius,53.87776341650483,0.6376083384976214,85.94139915324665,2.912477105353804,800.8386169669744,943.1684333820263,17.772596550613308
180,5,arrhenius,53.43280837204416,0.9385443710021404,89.87742530270921,2.756947829614301,813.2808216886583,947.0151245690768,16.44380382691661
181,0,charniere,30.520647683830944,0.864432768697289,51.1797017993833,0.2960460377871811,4017.2568795766642,3960.9546358522607,1.4015096722004148
181,1,charniere,25.711233437483923,0.864432768697289,82.90907545453165,3.5541754189957158,3949.4469787458415,4760.1272982064875,20.526426201525556
181,2,charniere,52.052534292990394,0.864432768697289,91.04509708314978,2.0731199788995553,2707.3195316340525,3039.700815944702,12.277135388966611
181,3,charniere,40.69599009925458,0.605433091083978,90.01480089778508,2.6570011429648686,3788.309654020469,3351.860032666147,11.520959510031748
181,4,charniere,40.93403157017001,0.864432768697289,60.937144694027396,2.018908822804661,3710.4738487704612,3349.4855659019054,9.72889980044399
181,5,charniere,52.110005324721286,0.605433091083978,47.75280485902828,1.625168612174961,2765.1683372163084,3019.961907196832,9.21439633715117
182,0,arrhenius,48.913924280976204,0.5042455268077938,55.81573370024167,31.309815587967126,5631.440103967359,4398.787027360287,21.88877185675235
182,1,arrhenius,39.51905064511484,0.5042455268077938,43.30956023116606,1.0692036004735301,4494.235938725668,4685.086011682208,4.2465521516579425
182,2,arrhenius,26.248098724673127,0.5042455268077938,51.543306422489536,2.6218986409097202,4544.14239427104,5410.960942211006,19.07551464568529
182,3,arrhenius,49.61814149092549,0.8600724285102466,53.38513193728641,0.45794857628391494,4548.838740034875,4607.430244920463,1.2880541218117443
182,4,arrhenius,55.301909116028774,0.5042455268077938,50.017527888130516,3.097951043018965,3918.128790094602,4907.970332120415,25.263119081951196
182,5,arrhenius,54.14924307943369,0.8600724285102466,64.35949125935791,2.9449113829375,4752.916603667649,4526.046885521189,4.773273698330676
183,0,arrhenius,27.83457370756641,0.5396423896206618,42.343121538353756,0.11107452753079558,8716.076034563388,8738.633341144443,0.25880116799812775
183,1,arrhenius,28.69566866544584,0.9115690105893239,69.03123171950702,0.17568237371892975,8424.873205631748,8388.000172054793,0.43766870642404193
183,2,arrhenius,39.11115643945346,0.5396423896206618,91.32478690256293,1.0686729060933795,5712.289478527734,5541.40663946116,2.991494736198431
183,3,arrhenius,39.49582253074831,0.9115690105893239,44.36530875796643,1.4521848566635358,5273.52078404514,5527.633379028999,4.818651625545269
183,4,arrhenius,52.12277578565343,0.5396423896206618,65.52342150037886,1.9467081715259176,3291.6551345732214,3573.001376192974,8.547257538151259
183,5,arrhenius,52.24594468299099,0.9115690105893239,78.92689359779418,3.7225872713429253,3690.2981132343607,3295.5129799058436,10.69791982151024
184,0,quadratique,26.32481754727761,0.6492816217912771,41.83168007437103,0.10107660394576778,8073.052749545649,8097.596487525584,0.3040205327695443
184,1,quadratique,25.887789106552983,0.8741129838610062,41.26731761805509,1.023148473967241,8279.678007496288,8090.947738319381,2.279439719830094
184,2,quadratique,46.687055351867095,0.6492816217912771,58.78065569059639,0.5838192866353547,5745.9681424099645,5829.954036986351,1.461649151106519
184,3,quadratique,45.998998885504705,0.8741129838610062,63.26974032013504,0.94872869668583,5751.194448407219,5913.663613541398,2.824963867795751
184,4,quadratique,53.67333460730728,0.6492816217912771,48.62582444316054,0.22450369368792764,5246.632970825067,5223.5702168968255,0.43957246593170013
184,5,quadratique,52.84152954613753,0.8741129838610062,82.09785124207839,1.0571795835627973,5415.109466759681,5270.26987147158,2.674730698930281
185,0,charniere,27.060027591215402,0.5752193168316713,47.05696784792667,33.413110138628,3558.4135724756165,2484.4361951905203,30.181353443352616
185,1,charniere,26.682135629779406,0.9194042768642277,43.83896458496756,6.039180338095427,2313.960183971625,3671.302053708029,58.65882564179194
185,2,charniere,44.500729861653454,0.5752193168316713,65.29157865092628,4.689454627046896,1694.7823088630928,1511.1120698480574,10.837394162926238
185,3,charniere,44.32919604467146,0.9194042768642277,61.583168500807794,2.356218296197706,1645.5141465440472,1532.1361586943992,6.890125380433068
185,4,charniere,55.145489559962385,0.5752193168316713,65.64784152713678,3.557150037287519,940.7086094795892,1181.170113686061,25.561741625762092
185,5,charniere,55.13138468050845,0.9194042768642277,53.712882269775726,0.9198602911356736,1108.3569353113683,1067.6648815513818,3.671385314926095
186,0,quadratique,26.35560997123914,0.586774649050105,80.38184247841234,0.3900388921282104,,,
186,1,quadratique,26.421030060372754,0.9351030923666401,82.23626033820608,1.1120926526114996,,,
186,2,quadratique,42.43660241552765,0.586774649050105,64.27262701921606,0.4134037749472486,5303.012053526036,5348.444543108656,0.8567298947097752
186,3,quadratique,42.74968721744412,0.9351030923666401,60.05461153330001,1.740367874855179,4971.254332330387,5309.847640495573,6.811023647757374
186,4,quadratique,54.49750579825864,0.586774649050105,79.41028495547665,4.957356815487291,3085.48933459006,2915.3606387589357,5.5138319203987045
186,5,quadratique,54.09994133907855,0.9351030923666401,67.4529349001268,0.372843257795808,3019.0640326633584,3042.2505442632164,0.7680033066209379
187,0,charniere,25.117889644497865,0.5000153646072156,69.33540234751831,3.1460706959927114,1911.6029070938487,2296.7128889984556,20.145919451968076
187,1,charniere,25.089947935838243,0.8617816215907385,79.19733609227232,1.430480767259645,1995.7677865558883,2165.243857518223,8.491773046141859
187,2,charniere,44.717199378398526,0.5000153646072156,41.45017075051205,9.212451363921845,2090.5105973049695,1383.2325708402573,33.83278838081549
187,3,charniere,45.646279968023016,0.8617816215907385,89.80380244335234,3.086988100355878,1664.8634793764809,1424.8983401004548,14.413502503274145
187,4,charniere,53.98383126392312,0.5000153646072156,94.1162682039835,3.5317833095475524,1086.491884286524,1366.3843048961992,25.761114708507414
187,5,charniere,53.35292093525095,0.8617816215907385,89.56284028559183,6.227428101204986,967.942308884987,1504.2252902048451,55.40443644183968
188,0,charniere,27.72410419777156,0.60975335889436,83.44198280698336,5.496232205670378,7633.168850167078,6875.993151573833,9.919546042488918
188,1,charniere,48.807337781633656,0.60975335889436,55.159407645764816,1.4419031608941018,5061.892972095313,4867.15292948946,3.847178193600616
188,2,charniere,31.659650971082858,0.60975335889436,56.191473365734744,2.20553542840848,6867.511085758586,6497.8120627455355,5.383304349951603
188,3,charniere,51.887783574528555,0.60975335889436,55.037490038047814,1.4154855346767046,4532.4584230266855,4820.260278902889,6.349795828552023
188,4,charniere,27.404287282340814,0.8805779644900881,48.950287158144754,2.9973372694265428,6344.318517485926,7636.187859567788,20.362617963162936
188,5,charniere,47.817424086408174,0.8805779644900881,81.18709852214684,0.664430200993649,5082.259223950082,4977.9450310592865,2.052516180190416
189,0,charniere,25.670949263952924,0.5343570992730667,57.46257843982345,0.5455445457509029,2720.4723705238885,2680.280219503809,1.4773960381130302
189,1,charniere,25.268818012386674,0.9344204890162415,57.55695571962383,3.030189442481714,2904.1170027361486,2631.0022389497217,9.404399462181054
189,2,charniere,31.15463494407528,0.5343570992730667,56.56265446575449,1.4471023355467911,2566.5305426353034,2448.474146864509,4.599843789490801
189,3,charniere,30.954314106719888,0.9344204890162415,55.96285033402216,3.5368611642865924,2151.244489931478,2565.234390333705,19.244205032939508
189,4,charniere,55.149597105255815,0.5343570992730667,43.13797663993424,10.63741171284475,2110.735210772298,1429.9714788393576,32.2524458993535
189,5,charniere,54.97027199502593,0.9344204890162415,82.04903930261898,5.569756987105667,1504.6369233034764,2016.8594793509858,34.04293408690976
190,0,charniere,26.514230808576528,0.5868083679019476,50.5622808179929,6.819004380307129,4553.2490165195095,3495.932960314809,23.2211340159232
190,1,charniere,26.817993516326478,0.860053670089361,51.45393432800618,3.9551309170748983,3458.0996781883364,4305.340722889156,24.500191537124234
190,2,charniere,45.03671858814998,0.5868083679019476,68.36402100534691,1.2639730289520403,2792.796068414337,2637.9968949267272,5.542802614137871
190,3,charniere,43.90497447667819,0.860053670089361,53.096094980686445,1.7628780046734966,2517.255119007935,2767.6906979582936,9.948756367970244
190,4,charniere,54.64760094778147,0.5868083679019476,65.7365155826799,0.5419436640857473,2229.743104451781,2178.865872686003,2.281753071203559
190,5,charniere,54.3011290192519,0.860053670089361,49.12805924476212,0.024016984024553614,2220.39788611932,2220.2060465910404,0.008639871686011252
191,0,charniere,36.47889337972615,0.5123925398622617,46.52754473515036,5.23980179822955,1659.8953013952375,1399.1228805142705,15.710172844141002
191,1,charniere,54.52400093642191,0.5123925398622617,63.65535833040712,1.3357708483664998,806.0301852187573,759.5287662826421,5.7691907559882125
191,2,charniere,28.122592687897804,0.8918307803968591,77.90624181306022,2.196074617653484,1873.180959284593,2010.0960011223822,7.309226647813029
191,3,charniere,32.28540465350451,0.8918307803968591,52.07791038765213,1.6025182332334398,1744.4648834449686,1654.9750777058011,5.129928758579708
191,4,charniere,53.63105368356972,0.8918307803968591,63.11134758840744,2.9252870255266017,744.4214916955402,869.6801657041016,16.82631082067022
191,5,charniere,32.01560158745892,0.5123925398622617,85.2626497382354,2.2423239601308427,1615.832487764618,1730.7218455861594,7.110227000107053
192,0,arrhenius,25.966830285755375,0.5986513386889586,94.4643112609773,1.1072344060502821,3069.300906212163,3268.904167303661,6.503215787266321
192,1,arrhenius,26.044594529099555,0.9290652980793597,87.31819452332962,0.20278092978075973,3197.2443494918375,3162.3669788902894,1.0908572129337397
192,2,arrhenius,40.34779977638763,0.5986513386889586,42.94833566935054,1.7739692653750998,2425.727336212294,2251.7119021439644,7.173742550143746
192,3,arrhenius,39.78304284373421,0.9290652980793597,45.02823214263943,1.2699738481654388,2180.9467920698203,2347.430098967931,7.63353363334968
192,4,arrhenius,53.99374030953156,0.5986513386889586,63.476186498874625,3.5636044009474244,1847.0004445907425,1566.6666632893664,15.177786346634711
192,5,arrhenius,53.87510085403521,0.9290652980793597,82.81239224859321,2.9591087369652183,1512.5429819443311,1812.5427265290928,19.83413021421186
193,0,charniere,25.04832419728962,0.9422130577402869,66.59045652817734,1.7074743149905833,7811.341307427894,7370.368353902496,5.645291073199835
193,1,charniere,44.280135263818494,0.582964644252631,49.94228632293004,0.9307358536996067,4594.173971141685,4404.275932197382,4.13345337240488
193,2,charniere,50.83279147242365,0.582964644252631,79.2377937532523,0.593018849239978,3827.8111670954577,3741.5052164951194,2.2547076340191365
193,3,charniere,54.86763156512713,0.582964644252631,81.45528812915421,0.5727477668226966,3353.9010135252165,3439.086876596917,2.5399039127324605
193,4,charniere,26.010435689549613,0.582964644252631,66.07114240758413,1.6972660689664234,7079.443922420125,7592.797631746268,7.251328140341448
193,5,charniere,54.81929222014288,0.9422130577402869,94.32947596658624,1.9114399629984051,3156.8711757435476,3461.313975441046,9.643814484314262
194,0,arrhenius,26.95920783877504,0.6492886635011366,51.18583634285239,0.5232602424620372,7254.243917207316,7247.397011706971,0.09438482602031213
194,1,arrhenius,26.64389351373749,0.9324008341103562,87.4270482241974,0.9579948488486787,7577.914859096162,7268.793112261167,4.079245446574796
194,2,arrhenius,32.43535125761566,0.6492886635011366,57.93386621848446,0.8461007773992668,5926.437640722054,6030.072159556507,1.7486815034103118
194,3,arrhenius,32.60550032270845,0.9324008341103562,78.2633339849918,1.1204643223518627,6243.936838190593,5979.609061163654,4.233351231392953
194,4,arrhenius,53.11626174518471,0.6492886635011366,81.61184256224205,2.268322081864821,3093.5650634047142,3472.5507745812642,12.250775510098569
194,5,arrhenius,53.861486743855394,0.9324008341103562,84.88362406079462,1.4748657514440817,3331.198997016722,3138.095407128455,5.79681940530128
195,0,charniere,27.78264168006274,0.9748230876081259,48.299068856769104,1.5887612347770574,7323.349358581349,7702.213642534645,5.17337444115445
195,1,charniere,31.473265257011757,0.5768461302988936,81.09221368753427,0.6987843972527632,7051.571933039597,6864.925229395419,2.646880800714227
195,2,charniere,37.832006388736126,0.5768461302988936,89.87789449773372,11.56003951803193,7653.936081121073,5562.911418682736,27.319599226808066
195,3,charniere,55.30392479387672,0.5768461302988936,52.40748358398139,2.0583885157773554,3718.9581270561102,4049.635224182504,8.891659594676703
195,4,charniere,26.072686480621712,0.5768461302988936,49.204748054715054,3.710186513120372,7045.823850634567,8505.654507286812,20.719091019012186
195,5,charniere,54.94607718380437,0.9748230876081259,87.19378808254713,2.998662482253296,3692.9400987737845,4194.185374385893,13.573068130147666
196,0,charniere,45.04871931909844,0.5944738315602484,87.60583109454122,7.566120519596247,4178.411101246127,3268.2646292172485,21.782118847938293
196,1,charniere,53.0504678051784,0.9772040544695493,67.41188884340791,1.989148738947394,2914.9126280519463,3299.1114031026896,13.180455954438184
196,2,charniere,35.43793264089605,0.9772040544695493,49.854916685735056,2.3164367106191954,3602.7319963154155,4128.389916173499,14.590536303996082
196,3,charniere,27.28920640126939,0.5944738315602484,42.66356360962527,2.5195388737488345,4749.802142554545,4298.758218535395,9.496057108950835
196,4,charniere,44.13758348372596,0.9772040544695493,55.38013972523236,2.2258463064842613,3200.1630785958996,3592.3221687021137,12.254347059034174
196,5,charniere,36.13922149627214,0.5944738315602484,51.33246770383696,0.35293056342461404,3943.932008107569,3955.8443464192237,0.30204218245057324
197,0,charniere,53.956609845363886,0.8713926564838018,68.78850512839908,6.299641080738737,823.8673898308483,1246.5271222143338,51.30191309917771
197,1,charniere,38.94439791696904,0.8713926564838018,40.87747234571642,4.169739961832403,1233.0819612972944,1569.124209111714,27.25222315805172
197,2,charniere,36.104844722722056,0.8713926564838018,46.52678590577176,17.364016145773203,2205.2544979038703,1500.8648915575275,31.94142023135545
197,3,charniere,54.90741880819924,0.5852496303891042,78.92121568267832,9.577251970278944,1226.8985553800796,908.2799821743849,25.96943095323722
197,4,charniere,34.297439676719804,0.5852496303891042,84.6751029775646,6.01169715856716,1985.5614942167172,1622.354018745107,18.292431462309942
197,5,charniere,26.855935669511087,0.5852496303891042,57.25412295870235,4.649405586434992,1768.441688282034,2394.368803148077,35.39427502832195
198,0,arrhenius,53.91261869405371,0.9641084377213193,40.450498503122105,1.5351622497877335,5882.30224767045,6443.16267357729,9.534709409550581
198,1,arrhenius,46.57161910811488,0.5177449684867125,48.9490893619622,0.8867252722057433,7363.392129503342,7698.173357591013,4.546562538022152
198,2,arrhenius,42.5487003409882,0.5177449684867125,58.42419950115686,2.224637568861808,9239.872290767305,8391.142562595893,9.185513624679457
198,3,arrhenius,25.650748465320827,0.5177449684867125,86.98654653549691,1.042951927328609,,,
198,4,arrhenius,55.85306339839094,0.5177449684867125,43.109554468821464,1.769222425906328,6257.214764070593,5751.121321337926,8.088158418961337
198,5,arrhenius,47.06764998939949,0.9641084377213193,60.860799525561006,0.7548850704636376,7340.072502365652,7575.910309902481,3.213017411760162
199,0,quadratique,25.597432476200527,0.6431288036929452,64.83281617091342,0.3126071051199248,4968.3337356451975,4990.948886984211,0.455185833768801
199,1,quadratique,26.944842719846406,0.8841964789593255,85.19902005554347,2.6440652485781375,4820.348587960174,4502.935574150827,6.5848560123255835
199,2,quadratique,43.64550742607699,0.6431288036929452,49.17301556115764,1.901659152815277,1969.4243737847987,2136.8656505319555,8.50204145820393
199,3,quadratique,43.023759897181726,0.8841964789593255,45.327249044232055,1.3140192611189565,2071.6371310385966,2188.48433401386,5.640331563119023
199,4,quadratique,47.873569366785794,0.6431288036929452,43.95201389586974,1.5599104003772606,1810.7313726685766,1713.8642019230342,5.349615752378762
199,5,quadratique,48.7164603674851,0.8841964789593255,61.03570298490652,0.600591396495684,1704.0707936896074,1682.7554995203348,1.2508455780244527
200,0,arrhenius,28.371539067481102,0.5698063118786181,69.75541751695839,6.235986540646663,2358.0552840219593,3595.333469540429,52.4702789583515
200,1,arrhenius,49.0782744448049,0.9288515209874013,55.57449370527891,0.905585496044487,1165.9631565592092,1221.9461707456305,4.801439382667013
200,2,arrhenius,49.57794596803513,0.5698063118786181,68.09070374833438,0.6926671937309454,1146.4794358902493,1199.2344368002427,4.601478165112383
200,3,arrhenius,52.74048156634306,0.5698063118786181,95.76265889707925,0.9800957590311917,1002.7852156312038,1070.6112214775717,6.763762048852587
200,4,arrhenius,53.468149709698224,0.9288515209874013,57.79630755945881,3.301494957128006,1148.5195199461898,960.066954479387,16.40830322810988
200,5,arrhenius,28.065161142190796,0.9288515209874013,53.7193146926671,10.770628028341417,3704.747437770775,2358.3432037111916,36.342672656512946
201,0,arrhenius,25.347073139147923,0.6179809807308998,59.204848881263935,2.5651253373045857,5948.620898814722,6731.978642021883,13.168728626886402
201,1,arrhenius,26.26204943523155,0.9785970927183842,68.80536941525548,0.7924952881326437,6158.646635832899,6004.609130618024,2.501158360322821
201,2,arrhenius,48.14117222009225,0.6179809807308998,52.898473827950056,0.7482152044687166,2776.6047591156844,2649.334868048641,4.583651693645345
201,3,arrhenius,48.70005373612396,0.9785970927183842,86.3050815907805,6.182016019734454,3223.6221561295947,2479.1792703218557,23.09336670838452
201,4,arrhenius,54.52606039156167,0.6179809807308998,53.77126905197645,2.716690844615224,1905.0625933674382,2246.062889203945,17.899689859205395
201,5,arrhenius,54.72746418838701,0.9785970927183842,63.440080847197585,2.370575654021976,1926.6401506197094,2226.511783011645,15.564485786070694
202,0,quadratique,27.24582291678145,0.6363386547990197,85.99817663658881,0.9306431120472437,11384.671304887437,11747.278421018846,3.1850468618777015
202,1,quadratique,27.440598613429067,0.9284369077547612,86.86913775426842,1.3520623937637106,11406.020289614175,11872.901999182744,4.093291943323055
202,2,quadratique,34.07130336815652,0.6363386547990197,80.11069836938788,1.3521226455038289,9832.145710763467,10399.227063691658,5.767625598829306
202,3,quadratique,34.39436446342846,0.9284369077547612,84.74272869685633,10.323639823897576,11619.113827557341,9964.031662045074,14.244478452279791
202,4,quadratique,55.315518333456986,0.6363386547990197,44.555795764775276,3.488054885575732,6406.969709393058,8113.485896978834,26.635309124123154
202,5,quadratique,53.944042214915356,0.9284369077547612,64.13532283553519,10.57030694557973,8247.667838200532,6873.870254768383,16.656800569358072
203,0,quadratique,35.25521279166158,0.9413595216082482,81.59670725236066,3.6826772175375613,2918.3206960575294,3621.8494792066294,24.107315693560473
203,1,quadratique,54.65834638838263,0.9413595216082482,79.45123904777009,4.0070538410483225,2058.6093195915223,2594.936552020719,26.05289052784512
203,2,quadratique,28.417018581049476,0.550443411546232,89.80537521959138,0.8416437036590432,4024.616608286247,4234.936752865323,5.225842982063179
203,3,quadratique,39.708766072045776,0.550443411546232,66.98103811396892,5.202121513933957,3699.250605460835,3029.8054861706664,18.09677663637963
203,4,quadratique,39.91040722691374,0.9413595216082482,49.483959817574394,1.9712752189842235,3281.0211834517786,3056.1636364500305,6.853279342902264
203,5,quadratique,27.670033849064428,0.9413595216082482,59.24927235371368,0.4079511164247127,4284.062043209272,4156.309454627825,2.9820433806263162
204,0,charniere,52.75210691769415,0.6100188558698425,57.86177191035489,2.2198256122023046,1604.501477213979,1827.9515770893915,13.926450243187466
204,1,charniere,33.9727743970204,0.9322220102335347,86.03916567008315,1.0947292187602236,2191.4898629992554,2327.2951953241627,6.19694093127336
204,2,charniere,40.92072272171285,0.6100188558698425,66.45734569060724,1.1119420650321283,2118.5322911291155,2020.8402333274141,4.611308414356732
204,3,charniere,33.445318006385314,0.6100188558698425,89.94234703278013,4.468052556445889,2558.277431994989,2248.429985124499,12.11156550088727
204,4,charniere,40.00171132755461,0.9322220102335347,64.0384343319298,0.20172844748171742,2078.7442856018524,2070.13858728788,0.41398542252544757
204,5,charniere,25.899785628768857,0.6100188558698425,58.04938080546928,2.501613637456586,2475.5909031370456,2854.995165870777,15.325806144018127
205,0,charniere,27.022115114214,0.6032950162767486,85.05932337033101,0.9439980553311701,4327.111586625512,4556.0683665022725,5.291215058664841
205,1,charniere,26.298668215491173,0.8560376738273899,80.99372636686063,3.55624034537022,4009.0455798135677,4761.4005577302405,18.76643612397292
205,2,charniere,31.208429258499084,0.6032950162767486,81.48349571501865,5.8266125257601855,5070.724241600912,4188.282809004369,17.402670517100375
205,3,charniere,30.460747185189653,0.8560376738273899,42.43553259826131,0.6735039633324408,4463.74787022222,4349.448714868091,2.5606095746720245
205,4,charniere,45.14597007044601,0.6032950162767486,52.55623860622465,1.3942722591613421,3797.0569984932085,3981.20549025379,4.849768961426102
205,5,charniere,44.645581287077015,0.8560376738273899,61.32794094815879,1.9249635010220283,3732.2166706570442,4061.744397157039,8.829276421456601
206,0,arrhenius,26.051925969320614,0.5816255114486582,54.20775025030275,6.178459512100221,4675.290261979826,4191.6187873246645,10.345271577862274
206,1,arrhenius,26.991169172166394,0.9153973333022428,41.38279335079684,0.7799349863110662,4462.744693594208,4351.412052455017,2.494712307853885
206,2,arrhenius,35.81192030690264,0.5816255114486582,52.917511463913876,0.8690070784124841,4075.807535106133,4255.402533582965,4.40636602513556
206,3,arrhenius,36.28426017993268,0.9153973333022428,54.20006108007336,2.1340464520065336,3770.1161212153183,4316.116341177188,14.482318379781445
206,4,arrhenius,41.98852771034328,0.5816255114486582,55.217252747011905,3.3949165722861525,4326.576719018003,3993.4003260524537,7.700693056037383
206,5,arrhenius,42.83022190567315,0.9153973333022428,40.434776080668954,1.2841754470402214,4187.953746581944,4015.1824818777804,4.125433926895042
207,0,arrhenius,27.644343173122746,0.5676807093707412,50.85755541771272,2.148809303160162,4152.90973585825,3763.1714090686432,9.384704979846205
207,1,arrhenius,28.00202861762729,0.91886537384857,81.54624763779842,0.12861027984488183,3963.6311235501084,3947.5493857843717,0.4057324525026138
207,2,arrhenius,42.14644986963115,0.5676807093707412,50.23978845723883,0.5649675589092669,1565.0811526928057,1616.6236367458446,3.2932786880959646
207,3,arrhenius,40.99683533951931,0.91886537384857,84.13153095948175,0.363561580362698,1694.5563121698297,1729.1554979275759,2.041784360263778
207,4,arrhenius,54.634903197127784,0.5676807093707412,65.96204277298374,0.5970595337267236,764.2012742304171,748.2237440011475,2.0907489647095496
207,5,arrhenius,55.77130166737727,0.91886537384857,56.17887673699371,0.07357845778888043,701.3354613456835,704.1737779032915,0.40470170325652405
208,0,arrhenius,39.696540512845964,0.5449470846721933,66.24966448492668,1.2872146191536185,4271.689072356724,4504.022245120815,5.438906456642236
208,1,arrhenius,49.21414328970746,0.5449470846721933,50.93256678466619,2.011496146508839,3025.1670292493454,3332.305120342048,10.152764727470766
208,2,arrhenius,25.801148742539183,0.5449470846721933,50.67671442005383,1.2673205974065151,7186.457496704453,7550.01101960489,5.0588697291698255
208,3,arrhenius,54.45711814793303,0.5449470846721933,47.60232512378741,1.742964459042998,2636.175360992992,2879.839684242445,9.24309994148757
208,4,arrhenius,54.24153335927835,0.9385604282911694,49.30719454027083,18.034433829510174,3064.4359073575606,2678.767331425963,12.58530403607483
208,5,arrhenius,39.74296137019096,0.9385604282911694,93.97724690699042,9.227492998500896,4769.81634500946,4356.955063462252,8.65570604157903
209,0,quadratique,54.26070849474096,0.6385431965669341,85.27598352180814,2.0546188492441164,2878.476933281931,2626.399587223585,8.757316869339537
209,1,quadratique,49.494559614022265,0.6385431965669341,91.18756236703005,2.030977261686243,3347.3936616840388,3050.6719375533535,8.864261396175545
209,2,quadratique,25.01720613726328,0.6385431965669341,88.34908049930037,3.3748106254051926,7097.622078627195,6227.282513546293,12.262410641751744
209,3,quadratique,24.768106392741366,0.9127997273310662,40.2446108836844,2.5720594025768753,6252.691772046824,7070.238322823524,13.075113576389768
209,4,quadratique,48.89507497395229,0.9127997273310662,62.11702540816416,3.622951147153638,2652.1821974008744,3313.245944639609,24.925276547236237
209,5,quadratique,54.79465144150059,0.9127997273310662,56.90702752550264,0.41610224574917876,2708.3492888633796,2659.456510462044,1.80526118260966
210,0,charniere,25.573966408008598,0.5003676210896277,53.84723149431542,2.1719484001019818,4510.085341574582,5048.471657049937,11.937386428421561
210,1,charniere,24.80297339048707,0.8768794483099881,56.896046887268625,1.14846818032565,4878.460562534142,5065.731680844175,3.8387338774089383
210,2,charniere,32.14500010170571,0.5003676210896277,61.31769855057026,3.5751566719507233,4391.726342480656,4104.492302291389,6.540344679742126
210,3,charniere,31.000257044172354,0.8768794483099881,59.452967465190255,7.655999147042226,4674.900069781201,4176.79683402009,10.654842420715612
210,4,charniere,52.529411860792386,0.5003676210896277,59.00443578276687,2.5204519687661873,2445.074693540878,2804.4686427819065,14.698689990552637
210,5,charniere,51.35827943270788,0.8768794483099881,61.21143542759218,2.217604365423125,2768.934426718231,2625.401298448585,5.183695463664809
211,0,charniere,27.273589910982146,0.6354550053106062,66.13716903538253,5.378921853186345,2818.5864686056525,2245.7323809519676,20.32416227191619
211,1,charniere,26.932893282546118,0.8657172923518208,42.03760703505334,3.641529129179463,2298.6314203378724,2862.7536346570123,24.541655931781374
211,2,charniere,47.17893730141382,0.6354550053106062,69.04139422005628,0.3514409762552199,1099.6657718937429,1074.2810215752563,2.308405969094709
211,3,charniere,46.637719498278784,0.8657172923518208,71.9163554378773,0.8322363217867088,1143.549917971049,1093.0694868693295,4.414361831382461
211,4,charniere,52.42817186026461,0.6354550053106062,67.3704036394061,2.635769208494488,776.2715886941002,922.2137991972727,18.800406021388337
211,5,charniere,52.89468926773794,0.8657172923518208,69.07845242440057,1.0068046559373371,896.555748260257,844.3734952366708,5.820302097760737
212,0,charniere,27.467445430258422,0.535542951666614,82.82975395020826,1.8794819584266926,3800.2244362019483,3622.619755968744,4.673531345709348
212,1,charniere,27.341483623829188,0.893355058661395,69.07223996856433,3.4082524447447407,3221.5509326839215,4051.289534156783,25.755874074652418
212,2,charniere,39.035084061447634,0.535542951666614,51.500513468550736,20.52766593501076,3841.5685462532506,3126.874288257582,18.604230261431166
212,3,charniere,39.38914720145222,0.893355058661395,62.95577301950817,0.37984831482960896,3224.862691841454,3225.7946949792117,0.028900552575951192
212,4,charniere,55.062376163983515,0.535542951666614,67.57080190106386,3.980359953893186,2352.054070855252,3119.9661960116755,32.64857448099379
212,5,charniere,55.1515650948227,0.893355058661395,60.43551617434429,9.885166176947521,2993.7488730650894,2589.5302639614256,13.502088058902972
213,0,arrhenius,26.116592400546427,0.5905153468981272,54.02682894047125,2.7297400490907933,8711.60492674107,9958.430794486707,14.312240720632197
213,1,arrhenius,26.811180881244493,0.8533008425510384,60.81140006539958,3.125185929506999,10000.992548968767,8811.793638252897,11.890808886148923
213,2,arrhenius,43.246332256274044,0.5905153468981272,48.2976512255653,1.3153478675077108,7694.29212473954,7236.144626433511,5.954381389198135
213,3,arrhenius,43.47140199554711,0.8533008425510384,67.99030339106957,0.442805760111683,7193.609782796789,7323.029185829492,1.799088454063834
213,4,arrhenius,54.14086925709547,0.5905153468981272,67.66911390634905,1.4874752206742885,6058.801419016521,6511.4470665259605,7.470877756262784
213,5,arrhenius,53.88367548512198,0.8533008425510384,68.6050689605744,0.42422188047074844,6432.065467189889,6313.395398714249,1.8449760668789723
214,0,arrhenius,41.83641908805743,0.9981068870524785,43.90574986740824,1.613001771089938,4298.152629881075,4564.279536784861,6.191657900970111
214,1,arrhenius,54.52719472379938,0.9981068870524785,79.65486250984083,1.2833032874469674,3379.6283506443065,3240.321531094812,4.121956768499007
214,2,arrhenius,47.87674759633423,0.9981068870524785,46.36788379315521,1.9006668514134681,4051.880841148219,3843.781791393128,5.135863020495936
214,3,arrhenius,48.17572478005663,0.6087313049428437,64.75935813127981,1.6069696203370034,3673.5989415667414,3888.8896492801737,5.860484803537473
214,4,arrhenius,26.835434260022062,0.9981068870524785,94.8195646653669,4.8333250958490535,7038.759259580244,6303.759533945693,10.442177357240416
214,5,arrhenius,41.35825104986577,0.6087313049428437,46.71366382740736,0.0514568525772927,4569.392006254881,4571.299073585965,0.041735691060713016
215,0,arrhenius,27.25299321823044,0.5573325575484022,56.77350162328812,1.4518950349528887,5163.384688638256,5864.734405609989,13.583138953698615
215,1,arrhenius,27.361091662533898,0.8816966981676196,91.6369059443617,2.605359316012301,5935.278922101079,5232.013583248057,11.84890125777049
215,2,arrhenius,48.9789331223633,0.5573325575484022,78.65842436027654,1.181220006035727,1615.2778145543955,1742.517194653011,7.877244332345204
215,3,arrhenius,47.896255858805944,0.8816966981676196,80.502174954991,1.906711343104957,1976.224717229755,1773.9599314766206,10.23490820601953
215,4,arrhenius,54.17891288416172,0.5573325575484022,93.639845496619,1.2521933408098007,1208.102092925351,1318.3916271058713,9.129156784544632
215,5,arrhenius,54.1831677814354,0.8816966981676196,79.95241550755102,0.9516538978940353,1252.2030506229692,1326.5657064904676,5.938546135189748
216,0,arrhenius,27.446595535920142,0.5047672941188409,94.27019060507703,3.27418605584542,4949.093278587328,4528.1606208411895,8.505248013153029
216,1,arrhenius,27.88494278817873,0.9467970728684071,43.186818511421464,1.5873106314040173,4465.442416578937,4747.158365894712,6.308802645620122
216,2,arrhenius,46.43811165223923,0.5047672941188409,64.0822711277934,0.1430226849393628,1833.2536951567417,1848.247355089495,0.8178715238575446
216,3,arrhenius,45.51818240614243,0.9467970728684071,78.16549105896325,1.1210086616511474,1973.9690936327643,1909.125918520031,3.2849133921038267
216,4,arrhenius,54.37116120298634,0.5047672941188409,89.25968348106166,1.4031496427546255,1216.9463440384461,1303.6075977779628,7.121205808625108
216,5,arrhenius,53.816041207670914,0.9467970728684071,47.17007584245262,0.7646274043869755,1289.9533035288844,1327.3789937889646,2.9013213236243516
217,0,charniere,26.32059744718387,0.6403923679195038,74.54957511227654,27.355208162518775,,8916.198740832462,
217,1,charniere,26.22864763078867,0.9524434144857229,43.23626105012533,6.986811461477097,6728.887750909078,,
217,2,charniere,32.14549694770232,0.6403923679195038,68.55818802221917,3.372841795955383,6931.525186478175,8285.330724560157,19.531134947369853
217,3,charniere,32.54031983552208,0.9524434144857229,91.13755166659293,36.857332983578445,11188.91623094195,7274.234731827816,34.98713743417285
217,4,charniere,54.04497546118501,0.6403923679195038,47.5888503137233,0.932341353888903,3861.6220295279845,3727.445284538203,3.474621388727222
217,5,charniere,52.976335325077756,0.9524434144857229,83.15238251638227,2.2466635040087994,3699.66069909709,4158.366722409989,12.398597077425162
218,0,charniere,42.968071728425315,0.9021331598454676,43.52437999216353,4.602861033389437,4472.1476991312675,4047.633377536886,9.492403877377415
218,1,charniere,39.64027571727263,0.9021331598454676,62.66472325163345,13.141443510367324,5154.768257457588,4176.806739380348,18.97197835542633
218,2,charniere,25.63203955661114,0.9021331598454676,51.56155566268026,0.5602421467764531,5375.932982214763,5459.716719857934,1.5584966910925617
218,3,charniere,54.498214527213335,0.9021331598454676,85.86695954841379,0.9894248609048091,3541.2425568027256,3427.1098610720815,3.2229561771021675
218,4,charniere,54.20712272490923,0.5847106985329344,53.90041344785548,4.388589206913284,2900.49255640626,3924.596953859508,35.307947789465246
218,5,charniere,26.415400827281847,0.5847106985329344,81.43648536189953,2.2976644071795183,4891.122331534768,5681.698080486245,16.163483457658792
219,0,arrhenius,26.590272191655224,0.557774585141086,87.14892723647566,2.292842832091105,9534.109019477268,11091.383193746871,16.33371478224386
219,1,arrhenius,27.589744202801377,0.9351565974133227,42.373819819283696,0.9623157612403436,9467.103391086594,9735.180784947052,2.8316728231029615
219,2,arrhenius,38.340398745883164,0.557774585141086,64.16946108281951,8.075069884242087,5276.194031650318,4577.356952908474,13.245098162609786
219,3,arrhenius,38.74158303562428,0.9351565974133227,64.73277025467563,9.157617478479391,5199.339831783515,4436.975271763474,14.662718435131211
219,4,arrhenius,46.11360518970336,0.557774585141086,73.2858124499077,3.1608813841368733,2571.070097401549,3106.1174926444,20.810299796322028
219,5,arrhenius,46.442043284552895,0.9351565974133227,94.8076463155093,1.6216875137762155,2716.880601713431,2893.0962251581245,6.485953903662938
