lab,structure,sigma_meas,profondeur_min,n_cellules_profondes,rmse_ajust,autocorr_resid,soh_k_vrai,soh_k_fit,g_vrai,g_fit,tau_frac_vrai,tau_frac_fit,b_geo_vrai,b_geo_fit,b_err_log_med,w1_vrai,w1_fit,ea_vrai,ea_fit,n_k_vrai,n_k_fit,c_knee_vrai,c_knee_fit,perte_15_vrai,perte_15_fit
0,charniere,0.37119797957763345,42.84972208790475,3,0.3730711686856759,0.02931794914889197,77.70533959683888,77.86247850117151,0.0035779374052021325,0.003891689796426186,0.23065680186105067,0.23833237716399047,0.02535403757159316,0.025028413107111146,0.014808814117688543,-1.5389925491309702,-1.475248895809374,12.795184053474888,12.265219319759135,5339.685381383297,5382.880045454991,4.406712052355952,4.992705647694668,34.10073331423135,35.693474931966044
1,arrhenius,0.11661748489026899,49.2933637477019,5,0.13447367491503942,0.15380641309641493,83.34683966992974,83.52825109785617,0.0027271416974381517,0.0027604792275225153,2.957690980418563,2.885150710718554,0.03469074047797378,0.034259427115194335,0.01129031405274745,-4.872835507630446,-4.861758565137055,40.512754410439534,40.42066071054948,2651.20739483099,2660.908505835689,21.384751260117223,21.192535992470226,3.9386495429950212,4.010140931287268
2,quadratique,0.3362008452400804,58.97640461137236,3,0.3882045680135394,0.17811650628551295,80.00924754737544,80.9917282295551,0.0029857798715107126,0.0026149364868044813,0.22853100853084998,0.25350168185992483,0.08520460137383443,0.08284203239333944,0.024854850375489485,-4.444077866640736,-4.4236905453742965,36.94806338325108,36.7785631942419,1035.5802383275143,1013.1145400750596,0.7066212219991616,0.671584305289209,5.593862365010628,4.155573164079487
3,arrhenius,0.16190957460562172,47.06995431444186,6,0.18661639066726898,0.17588599581837466,79.8281883019715,80.08011821553083,0.005244445976019219,0.005342780369124585,1.4515683549267018,1.435992258977338,0.04474010905645086,0.04419520058253496,0.011186104804044757,-0.5668899944793765,-0.5661282185535006,4.713123414101537,4.706790009053805,2405.1774497427145,2408.4365263175514,18.30982658873425,18.47798564695596,7.5293781779239275,7.696139959286585
4,arrhenius,0.3940639281412162,41.8576105599255,5,0.41088284396572644,0.03776780394974682,81.32663883923415,81.93600459176604,0.004531521446201911,0.0050022854264130485,21.558653609530296,31.64951522448734,0.07959786777678919,0.0778041422577662,0.022088440940929564,-0.4084134313330128,-0.44331654085136246,3.3955492681026684,3.6857337206382277,1057.3598220894978,1048.4262228750479,103.29718302997173,165.98674394768372,2.423721850489731,2.643086416231929
5,charniere,0.24612294020503506,41.84577861240315,5,0.2628569170571651,0.06696218597988772,78.27427272003271,78.35597055629125,0.012915801505051084,0.012988368918528328,13.195117828599841,11.704669907597669,0.03404566656013239,0.03378257050542453,0.006638470516192326,-1.4372466796009764,-1.4319891990920897,11.949268894202518,11.905558201251633,3706.355972501148,3726.8089528964565,631.6576539626762,566.5665316275305,24.394549075632998,24.726967909389963
6,charniere,0.3184309883126651,49.339237684061594,5,0.3543552554658703,0.07593006020250315,80.33507261881564,81.04212563001457,0.005735938556134504,0.004117633996915654,0.09712082968967804,0.10075260128030629,0.07180057846086539,0.0700649606856513,0.023233030512945643,-2.9514503239293925,-2.9858936999705055,24.53835799314897,24.824720221554784,1245.8615350242474,1231.9791611138305,0.6940434371338301,0.5111017530642731,118.76880954760165,72.56230015958941
7,charniere,0.3788751974014776,45.70970206159659,5,0.5660029940484685,0.32859602852623765,81.96479513915598,81.9112759625025,0.017687911548082958,0.01828144877122612,10.643434022283508,2.423347916887082,0.032536251295573915,0.03213908363006427,0.023508510959731416,0.2556334427465456,0.28369555472836255,-2.12533644299478,-2.358644842011606,3278.608403300665,3339.8755315437998,617.2312099761568,147.96420382318087,29.687733240216136,33.906589752119565
8,charniere,0.14345392049850847,42.11313441303647,2,0.21578653967927436,0.5044646133121242,74.39952953562145,80.89899364701661,0.003553096790003252,0.003090599555025486,26.67961700247192,2.9527149214759185,0.09655578733438043,0.09266556526480828,0.04263814633286415,-3.340622835829576,-3.278489527526737,27.773938257087096,27.25736193185729,1155.432839354028,864.9567553982955,109.52955818691458,7.893300764895444,2.0720376350577716,1.4564536668423185
9,charniere,0.06266315125058203,40.739079065102516,4,0.40742398585030615,0.8430877425719737,83.17685824453406,83.6017011555345,0.003898478994010273,0.0029243560436971903,20.974029923949193,1.2878993529883072,0.02168705264359241,0.02160988340679998,0.011522263031414117,-1.1423224837230028,-1.2165264171500885,9.497269129673045,10.114200632185835,4992.759091816968,4880.356820718975,408.24200939089343,18.38077201753681,9.84901211750325,8.719241155422875
10,charniere,0.33675714077791596,40.872538207493946,5,0.33984200295366673,0.056309049139422654,76.75345285118652,76.7807918748532,0.018327498055288004,0.017526604559893227,0.5998290675474068,0.4646384847892398,0.02011413923897472,0.020052545026658715,0.0025443893922256415,-0.7868208876857621,-0.804577672455216,6.541628860219426,6.689258768792667,7553.017530511765,7571.856477588345,83.03308663834153,61.66167813579371,108.06942032050043,119.20642897433852
11,arrhenius,0.07867678909653159,49.966766986522984,3,0.13437570957463102,0.4688571181426052,76.97948749295578,77.15111908200454,0.007548290238997494,0.008477755549584569,0.05475220688983928,0.05533802558012938,0.04584962172971001,0.04503576158351353,0.012019190637356899,-3.7395060145656,-3.6496460948830594,31.0902530050984,30.343157632857753,2719.505549539926,2757.8250776414047,1.123932343588234,1.2938122715869627,200.0,200.0
12,charniere,0.2014384980106133,42.555860494669446,3,0.2106500140421363,0.03151548572782373,80.00324749912276,80.29280309393197,0.0016239261394884385,0.0017480827540748217,6.267286886587435,10.079419920020095,0.03171826834823257,0.031415253815210736,0.012660619853213666,-1.4494019480494076,-1.469251897297055,12.050327796082776,12.215360274127715,3496.6057314926966,3479.8560699223835,35.58709295131575,61.313881264712855,2.95543881538944,3.1182405471435772
13,arrhenius,0.34480887335049354,49.22991364796757,4,0.3423887384798162,0.058528578345255315,79.15792803582082,79.14183952039602,0.0020245758329638774,0.001969650754001397,0.7097211885883771,0.6906651943746053,0.026815132497726275,0.026917012456281246,0.006629177719713057,-4.105673032863842,-4.036188537508558,34.13456559522998,33.55687150084615,4714.649502362133,4696.406507804154,6.774406163746614,6.388846861874937,6.929127295620695,6.7884255609144395
14,charniere,0.33423845499354315,44.65492863330339,3,0.3555531901908295,0.09816955735888283,78.84452230002053,79.04017330510969,0.00731752756533764,0.007707589008241923,0.15591987588098127,0.16460441633918085,0.05263180987290807,0.05207958680480753,0.0169972631937767,-4.728251830185007,-4.728155152704667,39.310685716158154,39.3098819395866,2043.2771284028295,2048.7938246913877,2.3312729321392704,2.599311261210256,55.24955695720964,51.60888293403992
15,charniere,0.08559261204985019,43.544241030021034,5,0.1585845689254922,0.6599716508847357,82.47120257486539,82.3007837931814,0.0017315665471299986,0.0018934149049820218,11.430999871687842,24.018934249209387,0.042673178039600315,0.042061696709229025,0.014097652007064495,-1.3134709033656384,-1.3039238546239553,10.920197090581919,10.840822927343565,2100.849074222346,2162.5948360016996,41.58323383594727,98.35007296971047,1.8592459291849752,2.0688029830026844
16,arrhenius,0.18113367762808408,41.42206732328156,4,0.19096251341196688,0.0422041876928965,80.60066779176178,80.63454973880307,0.008958450064094783,0.008810510805394982,0.1594304294679594,0.15818718476785187,0.022465799369663374,0.02231670370085013,0.0028751012768159405,-1.817337051124247,-1.7357526764365172,15.10934024304699,14.431047751893205,5501.269585885036,5536.60872699015,7.85718576143012,7.71642639895412,172.97919767604054,174.31214482353784
17,arrhenius,0.2821922396220581,40.135358146545116,6,0.32096232053830853,0.23680691133486545,78.8317688052467,79.05793869728055,0.004524454256763648,0.0047008865335257995,0.20411540980262582,0.21676675285525351,0.060377292875788344,0.05968757247692324,0.011398861296085642,-1.843262189148404,-1.7714943794413331,15.324881840579831,14.728204270675244,1723.5096714414494,1727.3802142529482,1.5916798553769806,1.760193372325356,16.84578160387085,15.913026049868956
18,arrhenius,0.32890182056016737,42.072699599751104,4,0.33718442580360747,0.005884376475660841,77.63971637099333,77.64257833950505,0.0020554264803031713,0.00207603963672744,0.19271342998669924,0.19156767644879716,0.031516143009358316,0.031249091696786687,0.006828896982273899,-4.07070362746452,-4.08073255473089,33.843829958740024,33.927210460032626,4150.667507234896,4194.446582062023,1.6441137966320032,1.668140169661243,20.37096216110217,21.017973353518013
19,charniere,0.09983042935951694,44.76036049969351,5,0.11030212419852824,0.0792059688492221,82.90832296303266,83.01465878309102,0.0032968165972354184,0.0032956682069166187,2.1185557024818737,2.1145142104343484,0.023846186893737107,0.023658277125511978,0.007169601924510508,-1.0372288020724933,-1.0501428822263228,8.623520260430709,8.730887922829648,4360.68141593833,4373.952364934157,30.4571340077355,30.48092480324377,8.107286245016478,8.131032501459465
20,charniere,0.09357135880294037,60.99413667979166,1,0.14204355318401637,0.4713973051311544,79.62844898396438,79.74424226634387,0.021385899139312055,0.023216504726335813,0.07299697505925345,0.07280050054805401,0.05934784084510417,0.0582340856725385,0.0177752268251582,-1.417734572645241,-1.4070055436455478,11.787045236972535,11.697844089869085,1744.5598200122606,1775.2604592476016,2.723442708334455,3.0004975892008643,200.0,200.0
21,charniere,0.24856410469337448,40.28522626019213,4,0.28029695617067574,0.21125318024147546,80.13026677888416,81.63705944096749,0.002644661328182316,0.0028249082362423556,4.465568668027528,4.615476686620725,0.09129871188982983,0.08919720413066462,0.02317272587952116,-1.6391639333746155,-1.6535173470643492,13.628008942076555,13.747343223492999,964.3150342912729,909.5766945959681,11.388480289904667,11.859332094611972,1.3492715020014105,1.3569062140224073
22,arrhenius,0.3698746032462685,55.829999807157904,4,0.3646807928970459,0.03801786717214432,79.46690743080963,79.46995292466386,0.0024245105611877646,0.0024853087577116385,9.452276079324681,3.3748213476503466,0.03235187113599011,0.032218305515061677,0.011760068140609233,-4.2430437936062875,-4.177414469654131,35.276666100042675,34.73102390070445,3797.64913867679,3816.7240442603916,87.03126906447957,32.012670064443114,4.7276580952556815,5.112224406746328
23,quadratique,0.20864054999950293,45.68804942715407,5,0.2549077259608671,0.20511469717616593,78.91805499316077,78.92008742340433,0.010879223878187962,0.012353540699722635,0.4819997901367478,0.6343895413028953,0.03753429320783288,0.03705993787973887,0.012006776443578318,-2.3220923443713892,-2.2634760575403505,19.30587575110373,18.818539942390473,3080.0144584889495,3129.0291967559615,16.150929385690475,24.52206732292992,29.422390046703512,29.410401831470384
24,charniere,0.1460164858014334,59.22077986247447,4,0.1549396215079891,0.09398250721934209,81.52488977609165,81.61040482040283,0.013609566944207797,0.012620540147762788,0.24375645823994277,0.20588230184370007,0.021246913680434836,0.021067288409561003,0.004117270483231336,-0.8674465393430779,-0.9014025085750705,7.21195052809835,7.494260456293137,5704.214355463148,5736.41274314403,18.92327385445862,14.905184280212428,128.25142204478144,154.15945487718733
25,charniere,0.3750124192674818,49.42405427814881,3,0.39652263502188007,0.11110634118751328,80.1985719230024,80.41014177163962,0.014146262399120415,0.013073759316684476,1.4643388953463776,1.2099198600210475,0.03481865095522819,0.0340596982831456,0.01835109551680487,-1.4975059091278848,-1.549326492477858,12.450264128489236,12.881100458460914,3225.775329509199,3276.63442763354,66.82168516226068,51.83046211872955,27.195601835395337,26.52287488335219
26,arrhenius,0.07541919112627161,54.477055190112864,5,0.18092589999826522,0.7795201940368366,83.50940399303302,83.71883777209224,0.011245569654337454,0.010117881935197885,0.12002464093913146,0.12020481906957677,0.05716179429929835,0.056199758415845555,0.016620784862117894,-3.0436127101159847,-3.0478927725648703,25.304596071904296,25.340180511104332,1451.9863179775882,1463.0830332886783,1.959811940553079,1.7794281654825412,124.34015581998405,112.18188910630882
27,arrhenius,0.0744942609153685,40.623407971060985,6,0.15481057289754954,0.7111559854603977,77.17505679230685,77.25430538581675,0.008021523737257319,0.007994935046623458,1.695061604308113,1.5462177040490035,0.04036376548301814,0.040072731549120943,0.009219698645170249,-0.5515122718467186,-0.5491440388363588,4.585273028133619,4.5655835388854875,3127.234944950772,3143.2712533703466,42.52094129195428,38.85683669120384,14.58860115310457,14.834613095161092
28,arrhenius,0.2802629657315177,49.70351674689335,4,0.29917774339955444,-0.008637000746149018,75.74043361791162,75.73163992253127,0.016957212745416294,0.017199861763418485,2.7515204978447154,9.066688566347068,0.02323455959485233,0.02312930796793795,0.002667816336864107,-2.933012828133597,-2.9440419933595754,24.385068653102728,24.476765132791513,6807.398635609131,6848.922477538919,317.6204119128795,1068.0606263615564,63.29399843819221,60.55461463949936
29,arrhenius,0.3777078407873956,49.959459755868245,3,0.40316963440628323,0.03888920660193326,81.36061498215349,81.30321820290138,0.012446647478050334,0.01149120249994127,20.76833647711452,39.999999999999986,0.022042785970031127,0.021888214610699674,0.007421390710102085,0.17042681739497442,0.13262845204700455,-1.4169285598218173,-1.1026729503187958,5355.627826178898,5421.237263725729,1384.4092426459076,2491.8614079079935,33.73425436279147,31.343757965347663
30,arrhenius,0.21192689918412683,43.02559712139889,6,0.23992255558436143,0.1478203131980545,81.6820580241069,84.64034763273078,0.001816329871221321,0.0011664275692379524,0.3560312351829854,0.42936535001029863,0.07349620109276295,0.071641168905509,0.024772700718353413,-0.4823190789503678,-0.4833147989389215,4.010000822393358,4.018279238378193,1093.642535620655,922.6946203363763,0.7072260017503592,0.46210722441303487,2.1732805432327087,1.01864631279854
31,charniere,0.10149599359117129,58.56881315743703,2,0.15310822339971833,0.5382343085356994,83.82679194527816,97.99999999999999,0.001996344867587191,0.001525485035471138,19.55612729157174,11.914247741676718,0.0909972693523392,0.08441974376649751,0.07566528840272894,-1.315878101152151,-1.380734153112951,10.940210532978982,11.479423748981073,766.8790758710651,136.5261513204072,29.93955295360024,2.481363706621441,0.7753471359043668,0.10635026976865312
32,charniere,0.269303075060913,46.842459816137165,4,0.2926073708236432,0.06248827981910082,78.74757162646162,78.86838735546085,0.02247950492128822,0.021829931522392834,0.10579794917645882,0.10889164427896653,0.060213605564578956,0.059178917787264446,0.01440533171966663,-3.1858717543896407,-3.1039123748114315,26.48733776599547,25.80592748418224,1700.2981703904452,1726.200318510762,4.043794516918334,4.103345836695868,200.0,200.0
33,arrhenius,0.23542011394615836,45.16649475622035,4,0.25930971949551784,0.1657550046517791,83.66783100722986,83.86852936923388,0.008165761194546541,0.008242245915421931,2.6694403041393824,2.6892516753701123,0.03907413180188776,0.03868077512598818,0.012569867922995161,-1.6627438787174886,-1.6476802994266728,13.824052607657201,13.69881400943336,2187.7135780412223,2185.326741289305,47.68780692887147,48.43880227197522,9.82346295203734,9.897613194917227
34,charniere,0.05350457229731293,55.49634154040745,5,0.09035465763199647,0.521683961987232,80.87979601466485,81.09987435843311,0.008474885680826483,0.007292414425331244,0.06046446332140495,0.06015962378723614,0.04539324848479192,0.04485537473251096,0.011026695910566382,-0.6522444889140933,-0.6439541049939235,5.422760680831772,5.3538344289194795,2105.2051155517656,2108.4252064001466,1.0787690245570922,0.9249849205921881,200.0,200.0
35,charniere,0.3134604844762092,40.96579375659832,5,0.354349742809327,0.12745648163371504,80.08741727736219,80.4273522139213,0.012024906925004282,0.011989301952753712,0.23390562808274945,0.2425081921667834,0.06870444766246525,0.06669372773861204,0.02306751729658841,-2.7725246986114223,-2.628505603373275,23.050770344255366,21.85339558644541,1358.075521495647,1382.3332504804146,3.819850065423461,4.019139374796759,28.569361985037443,27.571277540246268
36,charniere,0.21433973673344858,42.695904135174416,6,0.24694068962777047,0.14739095232961216,82.05815784836413,82.78061597720317,0.004363263990670633,0.0042054164595535905,12.379730773003637,7.5125192127790354,0.06774043147820234,0.06654070304793497,0.015183481681954311,-3.4974377299075092,-3.524310759372929,29.077697286451034,29.301119653426532,1250.5113722499584,1222.258606085562,67.54766417063756,38.6151485354523,2.783998076315933,2.6575083081259754
37,charniere,0.22218404698388877,42.75526920021578,4,0.2649057524787682,0.1506395863463984,78.74719875572536,78.80826514956298,0.019939128342727246,0.018959943609021042,0.1057385449352817,0.10400051646910206,0.03893632448485394,0.038406982772729505,0.011806511307276932,-1.2738344068918384,-1.2388247174731797,10.590659258898745,10.299588701072016,2869.1998471253332,2908.916125695884,6.049232790497014,5.735928598244214,200.0,200.0
38,charniere,0.3826821883108108,48.25218537676745,5,0.41377006629103424,0.06298384636980306,82.87845469629336,83.04053755582162,0.0022876674805960093,0.002100792511146575,26.21348158784758,39.99999999999999,0.024555632362859976,0.0243560261622666,0.010483709473130515,-3.240463023323981,-3.251507369558192,26.94120957591558,27.03303227050681,4242.311552180405,4241.556469541083,254.4017911141039,356.42520267268844,4.899073399696036,4.483277139679199
39,charniere,0.15449504117632806,43.83031861607247,4,0.19021954714076422,0.24568222817614144,81.27850982536596,81.52490002127348,0.007098733938884958,0.006921501226293474,0.1520694848008967,0.15540352974361565,0.06253746001120442,0.06132225869277036,0.01787456686328045,-2.403759578778737,-2.378034933397108,19.98485713796642,19.770982436263555,1476.6289731423778,1491.6056755457635,1.5940221767479583,1.6044094312369603,41.10735297140312,38.447881365432366
40,arrhenius,0.2745269736073979,40.795604251637236,4,0.3597967020352129,0.23105375128673156,78.95001973941997,82.33856357098183,0.0026620062849815793,0.0018395477502452413,0.8119957723774103,0.8192776362820412,0.04341777805795756,0.04223325483890222,0.02713163202622444,0.34566147801340297,0.33482630257044815,-2.8738295282034323,-2.783745879570706,2524.3664504542717,2138.649327112808,5.4565136285314315,3.2231591123109906,4.6439043699853135,2.7105867515191515
41,arrhenius,0.14156524600580778,55.99763921869272,4,0.18468086592609304,0.29733935728263416,78.8548359164183,79.95680689806616,0.0015789912184281097,0.0015570096243473456,1.6876443374659484,1.7328851280780733,0.0745531443698253,0.07286458926058036,0.015991765998788807,-2.2956326173405004,-2.2606658036551095,19.08588958056892,18.79517549158858,1307.5725962840875,1266.1756172087796,3.4843875350160856,3.4162922651358527,1.2015370245604113,1.1426561130087909
42,charniere,0.1713503744380211,56.11577276810054,3,0.25048535505849506,0.31532944997013296,79.39396138563798,79.87338368084333,0.02149661732544377,0.016857529620588,1.321701497781171,0.6365600493451619,0.08004033984049994,0.07776480223595304,0.018704032706811726,-1.8987634929667738,-1.9632135317163741,15.786319680525757,16.322157302689934,1181.0664796486108,1192.560196824965,33.556592291688744,12.797160602277883,15.429360551817066,15.272664764497698
43,arrhenius,0.050242534022896176,42.39356308160326,3,0.13813382021206944,0.7928085827739216,81.54405035456809,81.73889032530418,0.0036824076712525865,0.003821137300373388,14.146224224647417,9.088364653172201,0.07382045107275315,0.07219405774574611,0.021568095280028135,-1.8076038754535861,-1.7624477995063108,15.028418620521116,14.652991005095467,1083.7180515370583,1100.6138082206544,56.45321912510386,38.22199435705646,2.0310278566836404,2.161716885052882
44,arrhenius,0.05142541131506021,43.56266327768675,4,0.1551202051327991,0.7430267365684211,81.36210113415294,81.96146892531641,0.004004547121515515,0.003664116273460353,19.01774926862631,6.556316493061343,0.05576063717283497,0.05488143778141915,0.015232757987242843,-5.501679543781008,-5.496015130788239,45.7409637269953,45.69386979737342,1689.5875006868396,1663.1053195599818,128.67471461909216,39.95295530808033,3.4278805252031477,3.16609831836452
45,arrhenius,0.06852842950970432,43.196129424907525,2,0.1961381589302208,0.5671129343563356,78.35105402036339,78.58548655422557,0.014888946169245111,0.012745835533200597,8.643410884569105,1.4059231295941228,0.030465565926535577,0.030276250945728715,0.009691248340751957,-3.22076432725972,-3.2309567207606382,26.77743461683731,26.862174176403947,4193.632446875865,4175.091957129256,539.6839248338113,74.81624914133906,32.1400325660282,31.95335882454088
46,charniere,0.32930298106671807,48.106031439568675,3,0.3379194689991354,0.01225066566858508,79.86597947109793,79.94497629214928,0.01380310212482234,0.014121038090261018,0.5012592709277771,0.5423817935974068,0.02710080527666088,0.026812033692213376,0.011936743121806419,-1.0939027389311502,-1.0551461649077836,9.094707371473584,8.772485215043313,4318.767469999446,4357.298893098694,29.88126236858154,33.37252593401846,51.14062985978025,50.524724140142304
47,arrhenius,0.23840280346065967,51.24419963973164,5,0.25804211633979135,0.08161625695461372,79.21639157373615,79.13470561929863,0.002266614069595678,0.0024594232660227885,0.4919714165609371,0.524142825752563,0.02758361521139478,0.027452595559024334,0.00619741267861218,-0.7613104952445964,-0.7245839547252177,6.3295354574635745,6.024190999585461,4357.317926293631,4403.236152059116,4.858885893499381,5.6761635538661555,8.56624484418081,9.05866578111814
48,charniere,0.14105195969318407,52.2841351738668,3,0.1657047338063804,0.2249066201106344,75.10549619791436,75.20591146291625,0.0026810809338094275,0.0028061065641227863,0.6046825246535349,0.8293275179952506,0.03102988862447809,0.03059414355164796,0.008368259472793878,-0.6105075856982833,-0.5903272453539167,5.075760067495528,4.907980717872463,4799.057999506467,4862.229220514288,7.780246207884162,11.315289365882713,10.006759468063525,9.362351615089011
49,arrhenius,0.3769437367581697,51.87567788971675,4,0.39530516170535107,0.07804198643076701,79.32439774418145,79.40817664746746,0.009914738929082513,0.009907557206235616,0.34383672830303946,0.3447410309864632,0.024546009346980174,0.024258764071352117,0.014019821921686385,-3.368325978999155,-3.35383342204155,28.00426218939898,27.883771070853445,5315.946387094882,5370.679938257278,18.122334448555588,18.343780136259646,59.45875381617268,59.88633018972979
50,arrhenius,0.3998282639900932,56.471251918135465,3,0.39649593458249194,0.04225751455062121,76.57185599763513,76.47699967099936,0.01423415663679651,0.01309559238110589,0.05289953252197312,0.052830630747637324,0.019201143835178056,0.01913190473848505,0.006053176937682366,-2.270741739095209,-2.2658780826786384,18.87894681883757,18.8385103793902,7933.435254519949,8006.726473828746,5.973719917958609,5.539440944255331,200.0,200.0
51,quadratique,0.28080193196441006,43.59224994427864,6,0.3117534203218796,0.024725773523990344,80.09784436654297,80.41413971004202,0.008807491754736923,0.008483211354839008,0.9983722517535004,0.9442970789026517,0.058579693175053044,0.05771019094403345,0.014208455277127045,-2.7313473952186222,-2.701118744180061,22.708422243847625,22.457101239113026,1625.3710185900372,1625.9255970395502,14.292139909259658,13.02475616990572,9.290832193005022,9.092237363172629
52,arrhenius,0.22192365498604727,41.50587684229376,5,0.266115980928697,0.29308456666611693,77.14684167433344,77.863661333317,0.0025406360591948723,0.002598068713266609,16.45814140024722,5.890376066481634,0.0629018608204154,0.06075428335830106,0.01990359044563403,-3.5826525414158055,-3.4134283986739096,29.78617322933101,28.379243706574883,1813.8613904795504,1827.87901756612,75.84506774202188,27.973132564367283,2.339538600038657,2.4781685259394677
53,arrhenius,0.362660146733062,48.005737670435764,3,0.39583776868106707,0.09971556855416444,75.91211526997354,76.6651692376797,0.0032974467209551674,0.003400502296149256,2.502578595015529,1.6921498382376263,0.0678944090223475,0.0666229511326665,0.01862462742559938,-2.107346416547077,-2.0787706095335676,17.520478107172398,17.282898847662082,1724.871322501779,1703.3177111521716,14.23384441696195,9.801161636451699,3.1478301146330487,3.369384988989005
54,charniere,0.3322122670901725,42.20699577956972,3,0.4018163491733245,0.20723073296657396,82.40505396345141,82.97156407711562,0.018987972904410694,0.01844888596446177,13.669945207588897,39.99999999999999,0.06489943220846062,0.06231326547338886,0.03798649622530474,-2.453756740029592,-2.545517302966804,20.40053353660603,21.163430856866007,1250.853567273949,1268.4576240421366,324.677242312776,936.0652022682198,12.095443409248325,11.774250785604922
55,charniere,0.23718229425785237,40.4666441778102,4,0.25300906338061413,0.025311367171376588,77.50610554073445,77.85031912947512,0.003323287300232122,0.003278422074058474,0.39679800924621944,0.40491204727105173,0.06091694959460001,0.060016262655132185,0.010948883470473994,-1.4906098581472882,-1.4178043009004622,12.392930360636553,11.787624957686443,1852.934396572072,1855.4063468938311,2.443416013871945,2.46300107591168,6.171404476896808,6.004340730849373
56,charniere,0.3459388184350934,47.836715971025434,3,0.37282580855877917,0.07763123620647519,79.27065262167457,79.34952661391473,0.013357824835113176,0.013831611165268114,0.06580050461357553,0.06644800783853383,0.08668478505805635,0.0845743289627766,0.021127236684875386,-2.408602761922756,-2.3186600950631324,20.025123362625795,19.277340030354882,1063.7999222035476,1092.3594837441433,0.9350286593281155,1.0039690391857634,200.0,200.0
57,arrhenius,0.33445463142042786,57.57829438625977,2,0.35532957595945885,0.05096317367156587,80.64652009805418,80.7378216083228,0.005477764557128092,0.00537395212629792,15.379362459998207,15.640393482948154,0.019130297227788435,0.019035431836167654,0.017825591304377275,-1.3468686388349838,-1.395533117963851,11.197865863274055,11.602462342751458,6745.572335113584,6752.630164079203,568.2775479813047,567.5634664431875,18.77893643532456,18.4372917491415
58,charniere,0.3603929629884389,61.92100450282263,4,0.37466232476313716,0.03685516825826746,81.23811362774191,81.44619181244357,0.02059450963607431,0.01907937155854523,0.2395270636899147,0.20413877546070583,0.03515109655787615,0.034661328504496165,0.013198484388944037,-1.314824016287103,-1.3054814676841335,10.931446871410973,10.853772922325886,2865.8649810333995,2879.614375504014,14.137146938550403,11.215635948444103,99.86903298960371,118.66593780622314
59,arrhenius,0.12009623475145083,42.394053871820844,6,0.17476366610077793,0.48705200747017274,83.57287131139502,83.8004139725663,0.0034042509519253234,0.0035256836936636503,0.2520400391052161,0.2620290143057562,0.06051680226108692,0.05940303490438149,0.021908040665696835,-2.596452449336541,-2.5660710956961568,21.586905663784,21.334315089617846,1248.3658545647038,1257.7037826644068,1.071107319699114,1.161906275257082,6.716275035325775,6.670326517244931
60,charniere,0.15430886302907545,40.219490938005556,1,0.1663840987509166,0.09428636592381429,79.41823226772252,79.60586359646747,0.0032592851469005566,0.003319235561530946,13.023337558958966,12.379008712571295,0.033047667518532026,0.03267914892341831,0.011858893613586097,-1.323385958682851,-1.3394521866417195,11.002630860489223,11.136205479739257,3522.120320180825,3535.019091755377,149.50263349929492,145.2498548393679,5.851403847169027,5.986874423552079
61,arrhenius,0.12622894323535,44.444969271211946,5,0.14553760009019817,0.15308025382607157,81.99667648390495,82.1252809358177,0.02172539193413861,0.021776890391234167,0.0823957024567873,0.08346720283099802,0.024670974663871397,0.02441935386141153,0.010322175515466242,-2.4068316401503695,-2.3814435316995164,20.010398256210173,19.79932152254978,4314.138314677619,4334.606574187721,7.722648096322126,7.8788241990659245,200.0,200.0
62,charniere,0.18323299621468814,58.26775986111286,5,0.2277603770434322,0.123461240412237,80.51352568585428,80.7494245444365,0.0053279663539061075,0.005274494143016708,4.075651688723753,3.7108593020010643,0.053347844544365995,0.052719721741448025,0.009839123096280527,-1.0102130540403567,-0.9945807343193706,8.398911331291526,8.268944225131246,1857.450251141346,1859.9108888580213,40.334411595130256,36.403860352397786,5.264541483111559,5.250852004594603
63,charniere,0.18515323757296387,82.09986529735848,0,0.19304371832823608,0.021348771791825802,77.85853831992142,86.90962792967576,0.0036912393903228906,0.00010663613535101951,0.08363845529135822,39.99407754347404,0.018179420193975726,0.017980788096367554,0.007530719902611173,-3.265068198624342,-3.296800188160119,27.14577700336278,27.40959676436323,8242.574151631849,4721.370331107043,2.5447262970124247,20.135765655405674,200.0,0.25331449353339736
64,arrhenius,0.06469634623105702,40.52165540597784,4,0.1605586302319787,0.843451607214464,83.0955829072326,83.33851089258224,0.005464788729654679,0.005186287202986067,8.873609911741651,3.680831883403532,0.055530118394221534,0.05448834106747003,0.01727916397872079,-4.347560032323399,-4.309392457400718,36.14561410873674,35.82828889082957,1454.5511742019644,1465.4089376472382,70.53468235921875,27.974438703468884,4.088513174425666,4.07020505259983
65,quadratique,0.1481955916193225,55.4280329515061,3,0.1747152592969647,0.1692515954221629,77.19764386322626,77.42430085069903,0.002661165743599015,0.002334607001066881,0.055438925376281506,0.05615791928145859,0.02883733113219054,0.02846896788942051,0.012306529880498653,-2.6112309768561204,-2.5915186298772293,21.709774341581785,21.545885888799283,4848.525906250167,4872.6287016052465,0.7153135437571868,0.6388341306195133,200.0,200.0
66,charniere,0.3289338234916257,50.960680775175284,3,0.3553567923357928,0.1202385269979305,79.62681212897232,79.72522442999498,0.021529852976172333,0.02299475147733535,0.9408835001011595,1.7990215257781355,0.036258234507698654,0.03559067710694226,0.01748619638433359,-2.8701914591195523,-2.846023510316834,23.862771791119957,23.661839464774157,3066.8265539071213,3121.6103429409322,62.12496135214726,129.13494176139974,43.570640461008104,41.373835817775976
67,arrhenius,0.1774078679899223,41.300264025272185,5,0.23102215237658316,0.3534811949166957,82.12937636104246,82.45593193171447,0.0035177334858315003,0.003848241691852378,0.683596490944195,0.7186677074941785,0.07659501640213812,0.07467805324326532,0.022331599180100983,-4.705309220144957,-4.704722801096148,39.119940856285176,39.115065368313374,1079.995833201585,1092.5660730076977,2.5970770684076796,3.021608417239405,2.799755644658757,3.0372482231684392
68,charniere,0.19905271050370438,40.73855087314102,6,0.22848087835152844,0.22874966179413198,85.16438389504228,85.50541504033137,0.0038727569802239873,0.0036983384043250515,2.8106771184700032,2.5156165737298766,0.0398735348969119,0.039272533439698616,0.015330963004996867,-2.246340465169103,-2.2496341531875697,18.67607462741592,18.703458349601455,1999.1799867627296,1987.7944697078879,21.761212958400126,18.49364738183104,4.236855355215383,4.066517113870527
69,arrhenius,0.1886675109733824,43.23229102501618,3,0.21825629019606999,0.002801730960187307,79.33938277421989,79.42363852415338,0.021068376635876615,0.01950687152888535,6.534792569068963,5.011000072038134,0.018693007258040337,0.018535187078362998,0.005959660235699591,-4.219169608660086,-4.183173596061253,35.07817612639995,34.77890527765326,7215.066630697688,7258.298278487536,993.3521274059945,709.490923995976,78.98817081299246,74.44570436297232
70,quadratique,0.06069042139083297,57.97539946152753,5,0.1939129069937191,0.8620518918870104,81.03964131273774,83.94571699792924,0.0024067437849442375,0.0015267648632435451,1.3458212259759939,1.0765310802650228,0.07003050641206011,0.06853494193702278,0.02246512871055998,-1.6903614921868877,-1.710617672212708,14.053665446041785,14.222075326776453,1264.230134574887,1080.4153841650186,4.094900661952146,1.775781343237142,1.8424488801533148,1.0497467811902623
71,quadratique,0.0525097769930653,43.98213939795385,5,0.09415772776017275,0.6115146234999598,84.2063180442848,93.72386045406333,0.0016269093219146117,3.525131566394297e-06,0.09954221184936031,0.23964387677622115,0.03795867044285845,0.03724984525089772,0.017473259828990326,-2.42922440397404,-2.3987667126691328,20.19657169464017,19.94334644913117,2282.683102704604,944.0428819820307,0.369671745589785,0.0007975049534904143,55.77067982079074,0.005627272814833198
72,charniere,0.3730035131308807,40.59149370662783,5,0.4149082097858789,0.16584453134778676,78.20187887192644,78.2474707700747,0.01673577856024947,0.01703975357320607,1.924367289794667,1.2836379144655878,0.06119481977592795,0.060343767684340986,0.017160587315317957,-1.94310411715828,-1.923089836747645,16.15496763005394,15.988568902719921,1766.5482504993877,1793.519102967721,56.8930728484402,39.22941688898487,16.88040221848794,18.68375423177286
73,charniere,0.3755091509743599,40.494690020987704,5,0.40109753812595633,0.046733446484457736,81.03341254127412,81.23893464595548,0.007267205123276453,0.007917797271628928,8.917181159273508,26.305216399675572,0.06001718395200288,0.05948390591100347,0.015020233336482884,-2.5106547814101132,-2.4455983868322986,20.873583852643684,20.332704988123734,1515.4108919492173,1513.7090822493485,98.20314870253269,315.27437498137175,5.663703337253828,6.049936168006796
74,charniere,0.0775583804989444,45.41819923034159,4,0.11257144543327238,0.37024505859830376,81.08657032313248,81.11376669099282,0.018403678425813218,0.01865750527474961,0.18376599433964882,0.1968866748927314,0.03462458535264391,0.03411093021075922,0.013458860954564066,-0.6503005368290589,-0.6351654828664102,5.406598663196796,5.2807658245513345,3081.2585283035446,3134.378864401677,10.42072472281505,11.513871751376227,147.90400677983234,134.409916988363
75,charniere,0.14078853434096142,78.33147563090944,2,0.15368766940268982,0.13925846824544413,80.82225268275296,80.98014066397334,0.005879280034820559,0.006396659617724006,0.07053131435741194,0.07517532361845908,0.03588613318537058,0.03535224659177389,0.012599012352878816,-2.0689840439143667,-2.019845209510808,17.201533341104046,16.792993071872857,3010.581214644674,3039.7353703456747,1.2484077926996722,1.4617204560770904,200.0,200.0
76,arrhenius,0.3330251373813904,46.3785871569225,4,0.35070388830559823,0.10214196220642349,85.43278620189413,86.63909110968304,0.0015812469607743602,0.0009018916157278492,0.1341873317789695,0.14751489334265855,0.05415039916513142,0.05271382355869489,0.028131531297561636,-3.0082673045259862,-3.009314644683829,25.01073436982905,25.019441955901353,1249.1897060520673,1173.157674395013,0.2650572073350044,0.1560797659594636,10.739665906433036,4.471806267255254
77,arrhenius,0.06730084649031196,49.39878556589532,3,0.12723451471025538,0.5529951953982328,81.37530037592687,81.51255085149789,0.004481453474077042,0.005029378555298145,0.08769178593270482,0.09106165814582433,0.041865202203765606,0.04100944256658526,0.01890804672804285,-4.881202004070324,-4.81837152833109,40.58231346184067,40.05994088654468,2380.7568266046314,2423.12194772624,0.9356056705029956,1.109749993370896,200.0,200.0
78,arrhenius,0.29746943580022733,41.4994009355421,6,0.3867573610751905,0.20033306016522495,86.06628004451554,86.19749733685508,0.008314398632302314,0.00801232348168742,23.128935218101542,39.99991742199986,0.033994238705262345,0.033804997328578806,0.013513184885386125,-2.0753894413338383,-2.0668346099725214,17.254787815249532,17.183662947311543,2281.9250712545336,2275.113559734351,438.82146448241355,729.1563266167111,9.589698660305663,9.17167657294997
79,arrhenius,0.06973663780640764,43.310985700951555,5,0.09024873551875648,0.3244464232964167,81.93278605457415,81.98258066689138,0.010117819384527042,0.010106785640174908,0.6879412158175379,0.6862769044430732,0.024102017282039655,0.023916609484279292,0.00664176047637397,-4.139345853434855,-4.10846390839988,34.41452142545738,34.157768934436604,4527.3871436749205,4557.264661566457,31.51271961380719,31.609431793432755,33.670205345804405,33.888884501315474
80,arrhenius,0.2445599747028156,42.98547356011761,5,0.27830183620873244,0.12295749622463545,82.90797746089045,83.07044291118052,0.004446777696745059,0.004288919365680872,0.14050533000940602,0.1425693732661252,0.04202779522996411,0.04152063106447969,0.017653364785707875,-4.760775553038157,-4.680360987954319,39.58108794795924,38.91252125385221,2126.724563186577,2136.557062816928,1.3287689316143358,1.306437440548564,45.32887453675559,42.26354806173946
81,charniere,0.31412055005978545,42.80368236647017,6,0.34456559039691653,0.1366586955443464,79.70868298274775,79.74326625509678,0.015611135281222908,0.015922663009916137,0.3624140068079992,0.3371660834321479,0.044252950054388084,0.04383008589754167,0.0083905794050208,-1.9867320204574825,-1.9547815065297005,16.517690018083513,16.25205344528793,2428.678093283352,2453.303255695876,13.740717690242224,13.17075951473731,40.85749486451078,44.85852966843963
82,arrhenius,0.11140686334249103,45.81214279417527,4,0.2144906537061214,0.6366856076554837,79.67351180325052,79.64183786994103,0.02054242569513941,0.024070149824531314,0.44593069105165506,0.6090222820806539,0.06157015648912545,0.06051426195613366,0.01910739369625336,-4.61909523573361,-4.538827687136886,38.403157789889235,37.73581339085607,1619.4489874761898,1657.7285235782037,14.834959350329699,24.301069418479173,30.68891915021729,30.92904648504465
83,arrhenius,0.11383497746985535,43.79703330260611,4,0.17221871220963977,0.2510730899283475,79.12446803479537,79.31125493758529,0.004517995683385413,0.004376696498661218,0.5124852892222846,0.5083370175221906,0.03386023277866816,0.033541788269657445,0.010856644056160632,-2.855893614431474,-2.9009399846148374,23.743899510383276,24.11841503208776,3584.5244450854916,3591.291805290212,8.299630570493031,7.990038328583915,13.718115438942839,13.375835868121419
84,arrhenius,0.11783581915069578,56.26428001101043,3,0.16458628565353894,0.4011209150587206,80.41579841890226,80.63069221616017,0.0031996948855886895,0.0030035299017288903,1.1823634461254056,1.092737782580152,0.05386456816191384,0.05283416081395607,0.01392401529985673,-0.1093737421893516,-0.12967444051112756,0.9093332925622692,1.0781132984095145,1783.6488379985576,1804.4315413036177,6.747904335428957,5.922271719957381,3.5517857169415485,3.4362414299698165
85,charniere,0.2484886705651705,40.0189065288388,5,0.27043209518586425,0.08208842544067257,80.39762944181909,80.51311708155232,0.0201063641387575,0.02009040763203256,21.485750891042123,11.439669839691309,0.0737629214615511,0.07268780428577146,0.01581699948067969,-2.5272224002689008,-2.479568434181813,21.01132703583564,20.615131961787597,1268.2359004950526,1283.4105642138047,547.8783290661819,294.96320861783386,12.899315801217798,13.17801222674338
86,arrhenius,0.1338637843482938,47.56138858196356,4,0.17960533339020315,0.3132884880753818,77.30520475316607,78.0273131608095,0.0015760218753781171,0.001248020385688525,0.2007221649838208,0.1980444095830959,0.04111979698768921,0.040715085648690606,0.010644013198511548,-2.212025934047683,-2.200015775019926,18.390783615672436,18.290931153515665,2927.490357100448,2854.638073174228,0.9260896852947367,0.7055622244448281,10.254969683187463,8.104777044932941
87,charniere,0.14956533338067474,50.24926255959539,4,0.19178858744989297,0.28017920292566123,81.99394226355795,82.07896222196197,0.00898024730351208,0.009158513245306935,0.07278339965116071,0.0735889280159991,0.04510713551317578,0.0445413525156878,0.012549100597108932,-3.2236902064678,-3.1557073470032866,26.80176037657329,26.236550882985323,1998.6847135460932,2019.5317459452974,1.3063661686846573,1.3610940603992916,200.0,200.0
88,arrhenius,0.0738428516080328,57.029071074916025,4,0.09932729056924995,0.3312573025471704,83.83920357783295,84.16853856746636,0.0016589377289714022,0.0015431358894882118,2.3188127334205184,2.2062084373845456,0.031049833027423854,0.030637001394833174,0.013681011550182889,-3.036412332592989,-3.038379618676626,25.24473213317811,25.26108814967747,3045.2090259899983,3029.6712188280303,11.714206330573678,10.314453312108526,2.8189097201573046,2.623683738483951
89,charniere,0.07696422972015758,42.768863787501814,4,0.10003209623456513,0.3175188218230093,84.66693240462986,85.00502395109321,0.0020341250492792837,0.0022367599215513873,7.425168294835723,10.387958508388811,0.04637942826098038,0.045482723210177725,0.01825672682989177,-1.4424947350814872,-1.4729837999179023,11.992901227467485,12.24638731251744,1690.5879947101253,1691.1639601845773,25.534169099898588,39.29481909122239,1.778647402068926,1.937621240735489
90,charniere,0.1439286776380989,41.24286957523052,4,0.19480082774619753,0.24200121967636604,81.74875656098814,81.8386794622736,0.008971050214434685,0.009228524863205882,3.9749611577142314,4.4342118612969115,0.06009814296252904,0.059315267599254345,0.015499342728924722,-2.059918555594597,-2.0588215252526436,17.12616287121348,17.117042160950483,1466.373162357274,1482.438713269787,52.290245441943256,60.6632220852109,7.009038735299929,7.240933072825048
91,arrhenius,0.18508874821901727,43.75277842291331,5,0.20645036505750208,0.1011686675067682,81.93613305904796,82.07247278756122,0.002484005063458295,0.0025345739273738583,9.465982040046452,6.926788617042761,0.021551778334753826,0.021347158779564855,0.00915871515192512,-2.8036805517946184,-2.7866724585109726,23.309800107620458,23.168394820060225,5360.321144391884,5380.087728169525,126.0401648687669,94.45528331693264,6.836497365493916,7.070222150459687
92,arrhenius,0.24694605776040834,42.72730165135828,4,0.27411856930823,0.15650159548325537,82.25122873509129,82.35403906257228,0.009885581121261935,0.01040225638205002,0.09752401043688974,0.0957578762472823,0.05145542121043917,0.050444122488236195,0.019096486126410746,-2.9862492782339114,-2.900889814511815,24.827676499236738,24.11799791785123,1697.7095814003665,1729.0365544964843,1.63673042771911,1.7222898181127462,200.0,200.0
93,arrhenius,0.08400699902710211,58.02689325793895,2,0.1349517205084896,0.4414532557779564,78.7997414705505,78.97763621920447,0.007083698717283988,0.007618831525266992,0.4942815375242009,0.5060187723660152,0.055162417312480096,0.053941566740876606,0.019416711144239235,-3.2094711307489145,-3.131126076341007,26.68354298104648,26.032182198699132,1986.7099099686145,2024.1592730132654,6.9561498429976,7.803684113917502,12.17265640291335,13.158112638753241
94,quadratique,0.15251242389196798,43.67081517776301,6,0.29324591269989675,0.7149571900136882,82.78278037192742,82.93161429513513,0.0108021141296177,0.010571620524095458,13.994076010220677,5.929718529216684,0.03594696057857794,0.03552068099356144,0.011728888818885789,-2.6926053471142004,-2.6551400145436777,22.386320855907464,22.074834080916137,2625.480381180196,2639.5816732523813,396.8823333898026,165.46675450112403,14.436741667011512,14.557453344127177
95,arrhenius,0.3367996710840381,43.24221405703928,5,0.34010707424049086,0.03014616930827826,77.49183453320668,77.54726026276786,0.004161795895086427,0.004123416687010981,2.6200061622583615,2.447380421803138,0.03450328610688204,0.03428370495469909,0.002411387941150927,-1.8640198541146589,-1.838991415511992,15.497461067109274,15.289374628566701,3751.54211570092,3771.10691750398,40.906555964984015,38.056386685309306,8.601212133608733,8.62609610748644
96,charniere,0.2693747543253029,46.20749322673116,6,0.31110743089304393,0.10550508497314368,79.67200419073956,79.80282973416479,0.010566018785616684,0.010197508648208923,0.0759624400135646,0.07725506590938079,0.04379697648004426,0.04326016368623816,0.013888932211510958,-2.332391554431294,-2.275693512152919,19.391503383541778,18.92011586003937,2370.5964626481004,2389.497346607415,1.9026894797870308,1.882467999553516,200.0,200.0
97,arrhenius,0.2573136654486592,46.85672946134236,4,0.32403608451164617,0.3128634091569624,77.47577952530456,77.9722119492364,0.010473184374985714,0.010063260754273348,13.708772213642,6.040358871355027,0.08058270323663924,0.0785307256155973,0.021857814156801617,-2.1489663589476247,-2.1552362985405433,17.866506308290553,17.918634586066077,1313.621056667665,1323.3117927975645,188.60248501880423,80.43844207537785,7.005883920878133,6.941759980419996
98,arrhenius,0.11320817231579723,56.766569290895305,5,0.21391684085924229,0.6170180561427157,82.49236556068463,82.6814372623138,0.014911822410398594,0.015170290767012179,7.416127916059784,39.99999999999999,0.044714533821111103,0.0437641973400605,0.026648860945720453,-4.405868689403574,-4.289429895504871,36.63039228370132,35.6623201512275,1966.990000676296,1995.8095303951168,217.5254556880477,1211.080435666718,15.171388648071115,15.233516571844183
99,charniere,0.21855408494454742,41.676556345810006,6,0.37561713281266423,0.5440906247855691,82.29436047125911,82.3506580804085,0.003891726074905763,0.0037504039060281954,2.7960570644731146,2.6858001816891774,0.02644407423344113,0.026374729559391324,0.012208915159288479,-2.208935690450289,-2.2594704396507823,18.3650913304037,18.785237235256606,4000.758822795459,3999.8908528870998,43.53420986022103,40.29024254796062,8.524405826715526,8.244194004436324
100,arrhenius,0.14348660652394318,41.344908215297956,6,0.18531071854618994,0.33648953736553866,77.97303383230366,78.70640128473727,0.002491274650113698,0.0026379002203845772,0.8101533246760589,0.9410501802006408,0.06742143485980844,0.06630448079147423,0.013099058541072585,-0.15715929586967992,-0.1446868815549828,1.3066223858605188,1.2029267332481268,1560.875397494768,1533.6235547146093,3.1503373545392876,3.8070617104091107,2.689346559135719,2.669430132914698
101,quadratique,0.24268892948788567,46.82586972184038,6,0.2727764135923621,0.0847767295976033,79.70756024205835,80.22646723540953,0.002264680231955027,0.0018465338132823913,0.10795358016804842,0.11065903098487861,0.05159419046806413,0.05109379514131552,0.009893466112024244,-1.884261898823523,-1.8905059313866202,15.66575342681877,15.717666313548358,2079.897954278402,2046.9016020192657,0.5084941568961238,0.41825495389823064,51.70384279546104,37.9304190031929
102,charniere,0.12135511656360286,56.306634489733554,6,0.13396551266928514,0.11565914936572133,80.82241757223058,80.90838855979507,0.0016862726857551683,0.0016494933511943624,0.45042738092977996,0.412262340360508,0.024908435093233296,0.024819294744412888,0.004348046425643003,-3.285290223540672,-3.300299910358908,27.313902918517147,27.438693454723964,4656.378478305489,4653.836557817317,3.5367214916395135,3.164720501934446,7.195569177527153,7.478091282398842
103,arrhenius,0.1539517886619442,52.12722715329158,6,0.20887510417585098,0.29061579141035954,78.46159761767444,78.78171982998556,0.00720739351943593,0.006455926965491865,3.12852009776788,1.4417621061609451,0.04655651904780836,0.0461118159991765,0.010125032548835487,-1.7646932594670233,-1.7653621217022946,14.671659759208831,14.677220679832876,2477.4173983534347,2465.867787814159,55.861985455734434,22.952077559026076,9.68086125874207,9.51434193427379
104,charniere,0.39513364216190067,45.26878063834526,6,0.4473600462635553,0.09607950187550615,85.05813853308959,85.22075527684797,0.010701424112650616,0.010204695941875007,2.4737066489878394,2.2325368650758595,0.03393752536358209,0.033609127746300343,0.011914259241769976,-4.068357005172828,-4.07828527960439,33.82432014100689,33.906863814630896,2373.6143596536276,2373.9833418912103,62.83475602893791,54.08494286100757,14.07511163851629,13.576486861090103
105,charniere,0.18699175221321168,40.59363634449812,4,0.24583210817734735,0.29097446710362523,81.78651721190722,82.15294072483957,0.004357205163705747,0.004748292996496265,2.457726782268564,4.298165411222176,0.06375060148851026,0.06221007294612527,0.017608744021962636,-1.472495341538122,-1.4354381770886273,12.242326269547947,11.934233004314848,1419.6147668068068,1432.129890499956,15.202398761026302,29.22826549543349,3.4298382739314452,3.605746812523441
106,charniere,0.32458947332363736,44.580340330876965,4,0.3554341383292804,0.05791565553950816,76.20636309852361,76.37653537540764,0.014721128832832282,0.014448881003093795,4.450220654968277,39.99999999999987,0.05737083226808859,0.05671228400987276,0.009381963887095245,-1.204847282593987,-1.22149012165726,10.017100307486409,10.15546887145846,2174.266863419563,2188.394235528079,142.4411612792196,1264.7939158800614,16.9375162888356,15.909148979786595
107,charniere,0.10113982633188062,40.444292277840155,6,0.13653813843000018,0.2832666509115214,81.59751528252545,81.75285641208802,0.0018387689364401023,0.0018995513319311102,3.8370103556382595,4.320569987458894,0.02936821333988628,0.02910987485594929,0.009617491558445115,-0.4841248517144677,-0.48641421740398905,4.025014017154084,4.044047803496765,3644.438101217077,3650.473795998255,25.712879111092597,29.95996584369286,3.5787501817095624,3.675716915082104
108,arrhenius,0.20985098627262472,43.05313787988953,4,0.2569000679691264,0.07405172415209384,82.77794209949529,82.83395885064422,0.014282309913327046,0.014108634102781228,27.29174204367122,39.99999999999999,0.025833742721468524,0.025608990112200126,0.01003813668510606,-2.815533209690826,-2.8094741963895373,23.40834310536953,23.357968468782612,4162.739232641824,4193.951371627432,1622.5904537152217,2366.8370138859555,30.00074197916124,29.77114468374427
109,charniere,0.3464515559861474,41.77475497717538,5,0.3754076713051317,0.05597113602030503,83.96679352886994,83.96427823940178,0.019234238276382213,0.019909575419901057,0.10292935643113388,0.10208209149814236,0.04239629043453566,0.041806716870110616,0.007367184502523079,-3.6879131574179604,-3.695804187853708,30.661309990772924,30.72691601781573,2051.1065433402837,2087.67375086775,4.060714621661899,4.243011303823267,200.0,200.0
110,arrhenius,0.25750753172441976,44.9893751331375,3,0.27974125005878314,0.07535339083387275,80.69155648922357,80.89115094421514,0.001975254146932448,0.0022795375175797806,4.505937588958198,39.99999999999999,0.020387039044023843,0.020065273485087465,0.014356466446201994,-4.876850719502472,-4.8144062973799215,40.546136881943546,40.02697395641667,6526.003127485017,6584.834347987078,58.08385491005351,600.4150777313814,6.816457531404064,7.552291959510405
111,charniere,0.2914327504298004,48.5157453647606,6,0.3265154613619269,0.11468568872743753,80.86143401867263,81.24842369771255,0.0047701279363683916,0.0046884740941221985,29.877065412602573,8.559261772960168,0.05454130308272093,0.05378715683626107,0.012821940608069526,-3.961025231069184,-3.9459641216301926,32.931963771109196,32.806745707233425,1723.8943681298808,1714.189210525405,245.68498525140498,68.79020232281893,4.146195371654782,4.138156957394381
112,arrhenius,0.17100283031766345,43.868879487244314,4,0.25721208848391486,0.42259672190277664,75.70366659199465,77.04764322400081,0.0024030601292366637,0.0024559860024113154,7.886481113639603,8.94140692901774,0.08573975716349393,0.0838591627306846,0.023243708103153543,-5.185242011199465,-5.138215122994553,43.11010208111235,42.71912053257671,1329.676213629071,1282.6874897808777,25.19960917275438,28.167779127860694,1.6493785040364404,1.6200041365253002
113,charniere,0.0828002095986137,45.20827893365949,5,0.11428220666807659,0.47197620062329865,84.2743968251549,84.23669705812148,0.008530276255267602,0.008830736401887425,14.152525159763192,39.99999999999999,0.02246023365256581,0.022384503422401614,0.00638991315548167,-1.5591185808512584,-1.568457441315905,12.962511881197363,13.040155167100433,4154.941012327462,4183.67514691774,501.60504315081613,1477.797296542328,18.03815968929808,18.588401681438167
114,arrhenius,0.31038939427092715,42.74525915950177,4,0.3395504208060617,0.030658646533271734,83.50535266305734,83.65803101504925,0.005023889176910156,0.0054820196840355915,26.180817091838673,39.99999999999999,0.05267800979537037,0.052020051067883114,0.019856108125086296,-3.766744936431677,-3.6728417522932726,31.316717401492966,30.53600632856627,1500.1265851852036,1508.008518183547,197.3109351346376,330.6772952150219,3.8044478064274387,4.159408333450202
115,quadratique,0.08609839923180237,42.012263878694554,5,0.21516134070979304,0.7614076814052366,81.2932992645883,81.17173648532503,0.002815322425879735,0.0031267007912091044,0.37394965143138703,0.4002163095621593,0.048287576924324296,0.04733668228743928,0.01329034097519714,-3.6362108494203835,-3.467944929824988,30.23145700208107,28.832494146564947,1942.6981243147366,2006.2791058643945,2.0452509044269203,2.5105707044161156,5.742864216985034,6.246263938731494
116,arrhenius,0.250163123789188,40.02511489796446,4,0.3052783878822688,0.30620609375289454,81.85819368350876,81.72648947119946,0.009147552345056844,0.009468888320736111,0.487099371669043,0.4878426389998271,0.03406352492396783,0.03308241739346105,0.026204509070105478,-3.9718894061489123,-4.093889041187468,33.02228852272206,34.03659348843261,2933.129264910667,3067.030962431313,13.069340584111444,14.167620366231471,23.410276412732856,25.31575734529644
117,arrhenius,0.10716368228583906,42.36930367073778,5,0.1454088052814699,0.32398109031626204,83.48255971060526,83.52270222494654,0.0034324778256933585,0.0035846208388260786,1.320666618111091,1.4102508888705754,0.022810048665529836,0.022641928347995686,0.008854593773731722,-5.089699104702228,-5.064238047928536,42.31575835649432,42.104075130477845,4424.236751402712,4453.440704083036,20.055768124806118,22.513099020714407,9.23034596011483,9.580100705668128
118,arrhenius,0.2368837703932698,58.55425654580236,2,0.2624082238515542,0.06607929274301223,80.48780162815709,80.68541784022038,0.007033112401986439,0.006082163532330507,0.05153566455437677,0.05128718007849263,0.03996976084703068,0.039295392470202695,0.01384780975889734,-4.7660833609199935,-4.733265670596152,39.625217062688826,39.35237078533641,2606.032223895504,2631.6515621997596,0.9445723324345171,0.8209095363840293,200.0,200.0
119,arrhenius,0.24029456637605418,42.94686144740901,5,0.2661965098133816,0.14629659397919986,81.39718120481342,81.55733379390453,0.0031261987470742464,0.003112404242508544,10.504646442132392,5.577737228821724,0.04317983089072037,0.04278951474107156,0.009347097402033717,-4.702907721929987,-4.653808938471891,39.09997480012591,38.6917675144553,2285.952903197096,2290.0440040291314,75.06980763905867,39.75556012095318,3.659574852809724,3.7283850966489167
120,charniere,0.33090272129537407,41.185569528281995,3,0.3362359079895889,0.06080704523664558,82.54796774286075,83.82714267202209,0.002784184944171168,0.0026328164423975926,1.2737067750073447,1.28098321942276,0.06873346645438812,0.0675066688884494,0.019373124408571196,-1.5064667891355061,-1.473722369019036,12.524764884872598,12.252527776024264,1185.174308075949,1114.9680269977048,4.202906880562304,3.7603341240772323,2.0205867705305502,1.7954134553525756
121,arrhenius,0.05280467625260207,50.37691924935694,4,0.08729483795433704,0.5320015119369091,82.0811522165577,82.17996171720421,0.020500379590777176,0.020977504956321648,0.5174036922042478,0.5271019444292854,0.046049775252337805,0.045416843324188556,0.01250072876718434,-0.9831053675552563,-0.9656574505587364,8.173538025854402,8.028476043945336,2044.9625568564568,2068.120158358192,21.69086076946839,22.867791216873027,35.32072043368222,36.17795659824594
122,charniere,0.25618692985514596,43.242675555444116,3,0.2656509218182434,0.04041367280701608,81.85467294180668,81.75221504646144,0.012546353388286895,0.013055111801437246,1.1305755793106085,1.2382620469374812,0.02810148913279363,0.02789047708766444,0.007791767070759012,-2.9274449392784883,-2.9248460334529254,24.33877722516135,24.317169922127626,3843.3446414379546,3903.7159824435266,54.51630928421055,63.106104172346775,30.32245116674173,31.3947859590912
123,arrhenius,0.21150609183011815,46.40787351914997,6,0.22081673199370228,0.06734093326148513,83.36949693339943,83.47905500811015,0.012770105280427102,0.012541275048649771,0.07390950080624227,0.07410488288298536,0.04046475891171826,0.039943606315868095,0.01280146989376266,-1.0197626868208416,-1.0022077895843478,8.478306978228478,8.332355562604267,2162.972086751697,2182.338913958049,2.0414825009817883,2.0281997025372425,200.0,200.0
124,arrhenius,0.12623062915290317,50.21427153148049,4,0.1516599977556611,0.19266208933960077,84.300132128118,84.48481506401745,0.0034743009298777846,0.003206132856092379,0.09417675569410446,0.09562804146335772,0.04457338727683428,0.04372109320043143,0.017546834326003683,0.1370399905619772,0.06902043393535746,-1.1393504815322784,-0.573835887738562,1807.505310690545,1827.909815437326,0.5914128273591223,0.5604302137738396,118.98130535773467,103.97659503231537
125,arrhenius,0.09023112457463268,48.41979375763788,4,0.162616063860726,0.5493527958264643,79.95302806448177,81.09952308895903,0.002277222828357483,0.002228651040959497,0.9074755903372501,0.9747246314176288,0.07022707504827977,0.06798282994988883,0.021257612503553423,-2.1914371050918096,-2.1822954739719616,18.219608091733306,18.14360457060289,1351.237803356918,1317.948254384221,2.792365526671655,2.8630067548641778,2.0522510439564803,1.918892373386156
126,quadratique,0.12487290202129435,40.82145937355237,4,0.14123608785108457,0.18266969342180545,81.08027085940415,81.32627914077372,0.0019309013186479206,0.0020200058877928822,1.3399324414746387,1.4607744516196528,0.032474868582348326,0.03233513610944344,0.010610014515192178,-3.309022894060622,-3.191134041674256,27.511216341220013,26.531088422479765,3292.3787593358716,3262.1418703957893,8.51829688676387,9.625840130528143,3.8528830211500935,3.9288870065447563
127,quadratique,0.13737924782641053,40.063398687591025,3,0.20663329352113707,0.41162085557355654,80.95182592450344,81.21864562873517,0.005272802125320058,0.00517246837273871,6.359074710903837,39.99998149054229,0.036227856233222736,0.03561160629140211,0.020546083241507355,-3.380501263523115,-3.3225475345418203,28.10548750493118,27.623660202180695,2987.596598033016,3005.82336306909,100.17454011486113,621.9007634042788,8.194436788346813,7.822552258015009
128,charniere,0.34071650319310925,53.371995299723736,4,0.37087226919661903,0.15307883594808874,82.31000018549587,82.31853153177032,0.003674481670217163,0.003942327036989643,0.8873392215326734,0.88066625521272,0.05049184977418168,0.049733376636315635,0.015506228366598304,-3.6531794660408603,-3.5221975889624653,30.372534080663716,29.283550754633936,1729.4649320463086,1761.5411198549418,5.638940653954908,6.115849498295533,4.267435264959199,4.674321731101535
129,charniere,0.12344598659012948,48.963849390522974,4,0.16525004307639415,0.28121753251840165,84.2520152884984,84.31132161348665,0.02043661047669437,0.02173514367133179,0.4888137899099643,0.5328969524131119,0.03141517639768417,0.031015955097734426,0.01349515033015903,-1.5827484612617215,-1.5723435709884839,13.158970706929953,13.072464449198256,2839.3882536134433,2873.388826459466,28.36462837582091,33.281289924826744,50.52322676552403,51.77073089594606
130,charniere,0.07009063373125746,47.59091734737901,6,0.1288783621022056,0.6990900465852883,82.2362672260495,83.45966844664139,0.00197288452644304,0.0022559876236402077,20.488920327773812,24.727611596196525,0.07574872963944937,0.07407515967637802,0.02335542778493482,-1.2059570501208121,-1.2063251094304768,10.026326914704432,10.029386959804985,1013.2016565845187,959.7007455760393,40.95591485629443,53.537084330654245,1.0117599328124258,1.0935552568896925
131,arrhenius,0.3459011426619645,48.14985395877269,3,0.3856598840073022,0.16474438400605126,77.96072528032806,78.25763693240184,0.020391084013295546,0.021110836705623824,0.3360213916117995,0.3542132743981887,0.06377760510010103,0.062101270053184957,0.024284911947910864,-4.42438156837023,-4.343299911463672,36.7843083594301,36.110195463908966,1688.5247708780876,1719.1336695309503,11.569502286452913,12.855232190245067,39.662942903920914,39.88242970610132
132,arrhenius,0.3973535884789751,42.06814897224854,6,0.42784029161151926,0.05428893096530511,78.64060838167656,78.71877299475688,0.0018531617168395021,0.0019344877878578045,9.848767181891391,7.829852737353007,0.027563975069812528,0.027272308478125895,0.011637588347657012,-4.301194570294962,-4.295917369143742,35.76013165743232,35.71625700706107,4696.61619488022,4740.008019464637,85.71962496821112,71.79573780423912,4.464153463344363,4.734296851064471
133,arrhenius,0.38213803829410803,40.14361801474873,6,0.42079646523259423,0.11339392697056103,82.6665003699573,82.89378283739252,0.022072681766928386,0.021902238754359468,4.320192866481053,3.6804342877246645,0.0491214368629991,0.04799388308095553,0.021544786279960856,-2.0185651141638323,-1.9805436176319344,16.782350359158105,16.466239636991904,1845.2054012587107,1872.79694704857,175.95554377157396,150.96569461903863,21.589562539128718,21.96763733341447
134,charniere,0.36073526625103336,41.90114705523915,6,0.3942967347789426,0.154192126314842,75.98647568601477,76.0797336707227,0.012457487511459675,0.012181794795015634,0.9155214973404183,0.6554520577872418,0.045944883497372434,0.04531909708789591,0.014332004623480846,-1.654225469134958,-1.6559781524224535,13.753230550388043,13.76780235924028,2840.45364666995,2876.909967801602,32.39565112419437,22.970924884982033,23.53771044078165,26.286572126071068
135,charniere,0.10903978815000265,47.80592022211165,4,0.18871289831581023,0.552370448195725,77.7922460651255,78.0995497165404,0.020886504756917255,0.019058695043225233,3.5999532272188857,1.5109401909385645,0.06693903492134089,0.06601163658231007,0.01432901713778792,-1.4339247805040567,-1.4044552851294068,11.921650625110727,11.676641240565889,1606.096275288161,1608.832845738046,120.7630859505066,46.32883279340729,17.99351866685867,18.172396905274226
136,arrhenius,0.1866901778812568,45.332775987165775,5,0.1984879634504689,0.12071929501890867,76.0874771262642,76.14631407108891,0.013375580599891674,0.013181170763963536,0.054902365770707166,0.05410297175579352,0.026687148430236098,0.0265428165918905,0.005982650996364506,-2.628419042781234,-2.6108723616421745,21.852675921683183,21.70679281469304,5677.681871372711,5700.671472025125,4.169411464909458,4.065379758342907,200.0,200.0
137,charniere,0.10297273436233906,43.0763597197614,5,0.21417589505849596,0.7042972194282633,87.13018002423354,87.28636525930284,0.015432843031671077,0.016125510608955188,3.1449597905473037,5.130710935507079,0.05095492609872248,0.049822639388360714,0.028405850781867942,-1.1557060390724532,-1.195942183624134,9.608540008848376,9.94306331465105,1256.2902110406744,1275.680257389883,60.97488809780206,105.54383169015308,10.507182219391888,10.803355553456768
138,charniere,0.14842169547945921,44.7228108181644,5,0.18317788796764667,0.30334891259677155,79.66482792620377,79.93442955208654,0.006375884963758145,0.006295001981579099,0.8139989102977775,0.7798427390776157,0.056289224329253616,0.055523386205912253,0.01157756812199745,-1.7266678518230583,-1.7022414761883033,14.355516520056906,14.152435633029555,1835.3006648326557,1839.6613747489007,9.525143301754479,9.031102972433041,8.079917429359792,8.116003040795801
139,charniere,0.1996262000044456,49.739614641639015,3,0.25957862943464705,0.3798220970185927,83.4531450781977,83.78511120338567,0.011755884692346615,0.012794024053492177,21.807027175165548,39.9999998992453,0.0814118648773274,0.07941279983360575,0.02337571168006071,-1.1044575070909814,-1.1101223865386463,9.18245971395442,9.229557521682304,920.4633957802821,928.974442365997,235.97082175566396,475.41285323089994,5.472933786287438,5.979957551316657
140,charniere,0.16201419888072138,46.529701635573076,4,0.1896147576664587,0.2945218222500884,79.94397991868975,82.60638756070549,0.0015436559439026218,0.0013181804530615277,1.0918858849532118,1.24351107543559,0.06073690760447779,0.05895424828212187,0.022054412948065497,-1.5656509514075818,-1.6613215890354767,13.016822010002635,13.812227691240953,1619.883741760827,1435.809636972009,2.73030778810872,2.3535389439236205,1.5857293712721467,1.1648648539185922
141,arrhenius,0.32636468719360356,48.22627088169436,4,0.3521983936785524,0.0956212862612686,79.61359010109851,79.88409913144439,0.006674819293463768,0.0061127298871531096,0.10570406756519396,0.10579691450859482,0.040365533020716514,0.03987722645498903,0.013266232050923673,-4.164042327789287,-4.098503537196268,34.61984791324013,34.07495840824977,2602.671827364415,2601.635487523824,1.836329551537049,1.6824983821439417,200.0,188.18293369353378
142,arrhenius,0.09909289029738688,43.13816970951138,4,0.19801711413826892,0.6399004620942914,82.10140671572545,82.12628570942753,0.00640784102780691,0.008664145978059137,0.1562469794190783,0.16937824056858253,0.05734406618712183,0.05615731880483428,0.02373512049311901,-3.073040388106637,-2.9668852127654217,25.549257786718577,24.666683658931717,1633.274375824316,1674.0875086137464,1.635243786547416,2.456753220649994,38.483905588424996,44.57456339738536
143,charniere,0.2697910561928369,49.03908629305536,5,0.3459639137040475,0.10032913516096469,79.93604244698594,79.81004443456261,0.01854834730201245,0.01914187368028754,2.386784513979696,1.5580008387149806,0.0253313253622804,0.02530917013558151,0.00489124710495034,-1.8672949954904334,-1.8826092162223094,15.524690592507463,15.652013023672279,4631.409365027785,4670.171407102904,205.03669837429354,139.27877989382768,47.78281350758662,52.703221412487224
144,arrhenius,0.33321478184697156,41.17872443138181,3,0.36234403406816157,0.08996225350161727,77.26075128045457,77.34194352431608,0.010986775203416453,0.010780922987434011,15.555513555244,2.3219688224979635,0.031388537381486364,0.030933856693688717,0.016605214664634722,-0.4376872295681528,-0.4952259217913519,3.6389316266296223,4.1173083137733,4394.283479782311,4457.54889356363,751.0047131716112,111.58567459672838,24.531650037037917,26.811437948970823
145,arrhenius,0.10452778042674338,41.8970719667157,5,0.1642364824516185,0.43871111694978837,79.66914756967196,79.57381552946288,0.006153834164934536,0.00691061441550559,0.7829212277494234,1.0268922671115934,0.0357296126093016,0.03543482837336431,0.005933809891181625,-2.3752267793029653,-2.333330700410892,19.747635443124857,19.399311443216156,3172.3996895160076,3222.3323759676505,15.284518283150469,22.867141548363797,13.662705192369467,14.34395485534523
146,arrhenius,0.28464957669534735,45.96286819705482,4,0.3157635840738777,0.10060428080853269,79.38492861002047,79.53718144892078,0.021531527188414525,0.02392321641687448,0.12157742607778049,0.12776293725019006,0.0362740771746536,0.035638075558868415,0.021181011364795208,-2.1025676353702085,-2.0848468178413833,17.480747320467913,17.33341644353326,3191.875638476444,3236.3259292671405,8.3555249679644,9.891831490512729,200.0,200.0
147,charniere,0.07631885741608298,47.07508019124752,3,0.12899574576000575,0.5629302091324975,85.87405304162566,86.55088782773285,0.0017145266227154207,0.0018975402563190535,1.1367444786888041,1.2679592101489823,0.05940602320530957,0.05774276250284214,0.02390002982946582,-1.7661037568045115,-1.7114310923339424,14.68338663407271,14.228838101664397,1095.162706120497,1075.2308833988118,2.134448756529347,2.587009424274345,1.1792367198009681,1.2505515348546223
148,charniere,0.19542239041539577,40.68850400489589,6,0.22327764199734135,0.0852291552159758,79.57178533164871,79.75168224814462,0.006233486332915121,0.005434901950024255,0.05399551260637828,0.05426619356693096,0.03950309764228024,0.03918139375174516,0.008375661677655279,-2.3238691313193875,-2.310944752226365,19.32064795778939,19.213194670009997,2837.2871553131713,2838.2599237941095,0.9549749331814519,0.8370920899306852,200.0,200.0
149,charniere,0.22775324487591897,45.43756011055149,4,0.2598794816646337,0.08246749451428445,80.57141164708628,80.61682874336134,0.012145571668815119,0.010906988297480524,0.055342102690636615,0.05361359422197926,0.02461205079615996,0.024536493115332958,0.002355403166694848,0.1940193197545151,0.1964083956897566,-1.6130766244390387,-1.6329394017646364,4757.383461659865,4763.113327533783,3.1977298825036975,2.785291699346727,200.0,200.0
150,arrhenius,0.08454019993726047,51.38765949045666,6,0.11111331790359007,0.3256816252889869,83.56567886713646,83.65337270384272,0.002707711504284609,0.0028573373156642844,7.10024059198349,9.899058282179903,0.03185341079922491,0.03152661513539648,0.009735192887521367,-2.478625181208554,-2.4421810288760617,20.60728975656792,20.304293074075577,2899.3144187425764,2919.769423363929,55.7404885128414,82.58552812095186,4.066764120105992,4.278527369660802
151,arrhenius,0.08015375179575668,41.04402631436352,4,0.09708588437883399,0.15184130606725227,80.19704761218969,80.22249907290319,0.01179202349018189,0.011705260575118946,7.121389793690151,5.868676509429738,0.02221008048204817,0.022091374505028943,0.005168129017031479,-1.6821202460343538,-1.6908825829676393,13.985147725529618,14.057997794792954,5668.068017606536,5698.043656828736,475.9793884163052,391.4236205151154,34.62013215610796,34.81037764204873
152,charniere,0.22508707394424832,45.25076693510485,4,0.24775815218005692,0.09565172453800957,80.93458547167786,81.0998868633007,0.019192447741839792,0.018587578928040617,0.2056804556558207,0.21295520140322363,0.04414638386741144,0.043314468108990443,0.02048538791818935,-1.6906325757884744,-1.660985116433191,14.055919235105376,13.80943025802555,2161.2774767788796,2191.05004382158,8.531667470998649,8.672880746294897,88.47116276266203,82.0774991737585
153,arrhenius,0.2615231939452274,44.65156538083226,4,0.3222919400181621,0.17790248597313602,84.33378996305466,84.432491308091,0.00253421564286765,0.0023875836508108483,1.7480730235347768,1.6642129400663563,0.03443958300582564,0.033999267935584235,0.016641721547935466,-1.2139729741169283,-1.3102634052530586,10.092971306808142,10.89352995127393,2427.8350846142234,2449.9071249532763,10.755294860541861,9.734577603435032,3.5614156100501484,3.411541244227302
154,arrhenius,0.2773572005327705,48.14466478262287,5,0.2868568898394795,0.08450972456498952,79.48152066066356,79.68678961505402,0.0018367705664715302,0.0018503335164362675,16.298179612448735,39.99999999998802,0.021095883153597728,0.02098575373657568,0.004264897072112499,-1.276131553968481,-1.2538399033129084,10.60975773969395,10.42442495614352,6416.873654227543,6388.384643468107,192.0956362280032,472.82568886769013,5.984489880539721,5.947415014591101
155,charniere,0.16420742117413334,44.58050115460022,4,0.19514857445054512,0.19454345096550796,81.65873896964898,82.12407215904506,0.004086357979831113,0.0035406603800358792,0.11436150601832157,0.11728652398727318,0.0524721283932093,0.05165223749163793,0.016499926953775973,-0.9983061427332275,-0.9867541605611656,8.299917270684054,8.203874090905531,1834.9663344649189,1820.7673988601912,0.8575202340639119,0.7561132615073766,67.06651942524893,52.94857272733348
156,arrhenius,0.17755224752858517,51.35278986610886,6,0.2291238899506324,0.29149895212520427,80.59482844181417,80.8480297972812,0.003460263483973241,0.0035608088703980066,3.627337177417101,3.492991539171869,0.0699528036318749,0.06880806677692322,0.019042044300632787,-5.297454427110547,-5.247445812201993,44.04303610699709,43.62726448264736,1344.9562814623318,1353.5009357206814,16.881275764777527,16.8346757986026,2.4949575295485156,2.590784094386305
157,charniere,0.24221357838482227,43.54263688487545,6,0.25429751279821805,0.11447893169200825,81.00389968879648,81.08880136103284,0.00858117722633021,0.00908308944305911,4.940752937869032,22.171079775642504,0.045873414478472645,0.04539470870597848,0.00948958157226446,-0.8493750518878675,-0.8238162395939371,7.061704181395731,6.849208215983993,2048.8200510320503,2065.097092200458,86.86480015355227,415.87317745692457,9.250838816662323,9.485284391352913
158,quadratique,0.28397253629536345,50.20137771901283,4,0.30304629545691913,0.10010475816315509,79.32975676722792,79.90104150033893,0.0019820553114512423,0.001788879593842729,0.17282280415899767,0.1799020798952535,0.050022718458712465,0.048718900084797845,0.014643776668161995,-0.38381319911847384,-0.38977552966895623,3.1910229374709913,3.2405937536677025,2052.929193528404,2054.22366829192,0.7032193104061313,0.6610967514845599,11.98977539578128,9.987569338463503
159,charniere,0.09610847709809456,42.51883626628382,6,0.12943456118324723,0.37620699135657726,81.94513013933616,82.01279299559587,0.0017184333858677049,0.0018719861987041755,5.563955855579062,7.828394508647104,0.0406648882861357,0.04022245073399411,0.013472095872740758,-3.572636787410777,-3.537571816156503,29.702902250533203,29.411372079525165,2461.3651038864523,2485.207484876298,23.533819400039434,36.419837115836074,2.212781914327466,2.402029422625338
160,arrhenius,0.29327196825400637,43.69291450275681,2,0.32449373594468156,0.08152337356269315,77.56588878067875,78.21749815939741,0.011418697917409177,0.008762299030656026,0.45867559272393515,0.3366908716229726,0.019998773670344076,0.019835222167301526,0.010614810924899862,-5.6207515391465686,-5.551569481884612,46.730928296464576,46.15574867238866,7275.8954993560055,7108.148237710564,38.107342865766206,20.970360113791543,75.24511431741671,71.61691958926782
161,charniere,0.06950469247173285,46.12826158114897,5,0.07981844285561684,0.11463562747144504,82.21411166845428,82.28698721936638,0.012215109865844157,0.012277564257594967,11.130731603687929,28.41804323448134,0.02326851738791931,0.023106039840591383,0.007547730712342986,-1.7904206496608586,-1.7891510140589353,14.885557281280379,14.875001530885989,4741.221293467963,4761.478048194362,644.6311895379545,1661.3004124268439,29.61750858599194,29.48833120733904
162,charniere,0.2070111695876618,48.67581808756277,4,0.22356940653476126,0.08322218333560072,78.0001591593097,78.7931117550777,0.0024564780084920107,0.002257236188081456,2.975429675166934,2.263437533027334,0.06729918874312452,0.0660978151155287,0.01233560819355205,-1.6060541119525782,-1.5586351927486646,13.352733886773734,12.958492992512397,1572.3685578329225,1542.792893820774,11.492563746606452,7.882303398308908,2.10299466692801,1.9485240666781267
163,arrhenius,0.1523864431925,40.90640926881956,5,0.2856486200318223,0.6096042692050337,77.75262811378393,78.09717283321402,0.007347307148606851,0.006150618540858721,0.43976855611373883,0.35557844459290366,0.03477327208223171,0.034542692460016663,0.011008084673175869,-5.255678997809519,-5.265862920620142,43.695715187788345,43.780384322035864,3591.485066474342,3557.385508459274,11.604500035330961,7.780099487023663,24.57000700051655,23.964690073458865
164,charniere,0.2444036519548084,41.24767372017489,6,0.46448964633154294,0.4886882226525438,84.23369056186436,84.13183585390681,0.009097359575384033,0.009393274671981809,2.9287882322827743,3.1958651651390695,0.023126848749631095,0.023033384419612373,0.015188448596625832,-0.5987781810229474,-0.44055179198837763,4.978241797024785,3.662747598591372,4299.89340626841,4351.223869065852,114.5673904687563,130.62217110976906,21.327575975545177,22.121493761985935
165,arrhenius,0.08338161816777355,47.45755078924366,6,0.11400373097943259,0.4699828166518183,80.02938801979478,80.15547661418844,0.005977192705987127,0.005642465008752921,0.05088450771356976,0.051335434140728206,0.04609731426922997,0.04564362821296146,0.010854361040683602,-3.0759381074396672,-3.0448114149798213,25.573349425253394,25.314562104142237,2355.3253593869567,2368.2805579652236,0.7163639840935124,0.6859923354972816,200.0,200.0
166,quadratique,0.26122768621200715,50.03113893181764,6,0.3004385727221776,0.18838413466861154,79.36584454080943,79.47247668858513,0.018397184588954184,0.01769177185247225,13.228490925769743,2.8694229667126754,0.044351288736455996,0.043908258024688916,0.00891644567468391,-3.502383726187953,-3.479409358605794,29.11881829952664,28.92780940744857,2536.4619875561966,2553.9069555862848,617.2911176256266,129.64953730189708,23.778427955410454,24.67935746668915
167,arrhenius,0.12610597257642003,42.098651663604954,5,0.15061286330131568,0.2941145408889778,81.6737623676395,81.95898111451301,0.0017207798965669133,0.0017120738005821892,22.261575105202105,39.99999999999999,0.020915982550145713,0.020758290480178465,0.0076782573022451325,-2.722833438724315,-2.6794811291933662,22.637637209553954,22.277206108113646,5445.788269833557,5401.571946712099,208.6132865543842,369.91559247702065,4.738516362861837,4.65296535409726
168,charniere,0.07678027548240873,45.11035043485479,4,0.12072939577121679,0.4691036941169885,81.18154976266307,81.18998594328414,0.014751441941759012,0.014980919867012903,0.19799672959254508,0.20353608347854793,0.044202915382400496,0.04359936417609537,0.010983211779043288,-2.6253791596481397,-2.6101063984906414,21.827402333314634,21.700424597051192,2208.4941104648033,2245.6435200868273,6.450431039669353,6.847321357916107,74.14493805788682,73.0246029389522
169,arrhenius,0.09136476910590352,43.44796266049848,5,0.1199713621106999,0.34630753298124917,78.63938141825155,79.33371677101681,0.001631179124806347,0.001274676563946412,0.12270845373444914,0.12541286259294215,0.04086974836620784,0.040397212978502885,0.01205246071878463,-2.8015109729638223,-2.771787380743205,23.29176222922122,23.044640283499007,2849.6524129844106,2786.002522616791,0.570384911449179,0.44537269449395983,32.986935219932214,23.553048829861236
170,charniere,0.19337296042755314,42.0646230518697,5,0.2130010935739027,0.13166042700869285,82.29610504117126,82.56023795064439,0.003307909208330804,0.0034503207540756515,3.005577314016774,3.21678005211115,0.04412328733167575,0.04346982253605821,0.015182493262230867,-1.9648050831957,-1.9540337723393697,16.33538946168905,16.245836783229517,2191.5269007241627,2197.33409116106,21.788548069783616,24.388041828348424,3.943620505802136,4.1012376737898535
171,arrhenius,0.370933974666105,61.176311627921734,3,0.3858452559263295,0.056101100661670594,81.0525238926713,81.11310642655071,0.011395445814857586,0.011139709715110772,2.979071396880586,1.8306975881706404,0.032726715412153905,0.03226438574030928,0.004234298477939108,-2.238486482467531,-2.200658370426497,18.610776615235054,18.296273691725894,3240.116907514174,3286.3980706049165,109.99499200722033,67.02096091059913,20.10097327493318,21.048457708204708
172,charniere,0.19916618745503778,43.830286283026865,4,0.22773485908832564,0.09257513108670852,77.35390567280126,77.30090409872712,0.012658359754780803,0.012804912980897072,0.322499911024865,0.286051960764064,0.026866502142968172,0.026718892660089998,0.007875498300708213,-1.7897802908836096,-1.7893591342771202,14.880233338406331,14.876731842379977,5255.083003832612,5305.176571645938,21.45292989451748,19.43217457906872,79.6611367708572,92.16149873375656
173,charniere,0.15120765163522287,44.25755075635966,3,0.24494719101091258,0.5278828335431531,79.89899123687758,79.82186815016213,0.007762378940309192,0.008348049412018171,29.19974700600606,39.999999999995836,0.05078827989187259,0.04948950814572768,0.026426551441136478,-0.8780083241607234,-0.9000736598845126,7.299761207072255,7.483212408279838,2009.1058153745812,2084.205814512635,455.3829220145758,695.9621249746097,7.864864918894361,8.75412586311097
174,quadratique,0.27723162961350895,52.40474385663268,4,0.2931393286439288,0.06991231614516143,79.94833060222764,79.9796144265828,0.012725391308595586,0.014078236656736218,0.30209259361642515,0.28343518268811824,0.05097880021644375,0.05033936806454483,0.012656778363707537,-2.592341913583702,-2.5537024876200363,21.5527306695349,21.23148248207298,2076.605310176692,2106.039949679138,7.98298262325722,8.40366293071186,33.79768687732346,40.641395159394065
175,charniere,0.16365576142695598,40.617355587927904,4,0.1951919345927165,0.1788691440779612,80.92685729204224,81.014941619409,0.014109115545431846,0.012803617207032433,0.0768586961281273,0.07193211448598126,0.025798312662909387,0.025601655817308284,0.007950608008802542,-1.699828037335891,-1.7200179119652086,14.132370302410598,14.300228920078744,4169.1427144443805,4186.401168876214,4.521052648003117,3.855638882243425,200.0,200.0
176,charniere,0.054988920682163184,40.23977520853969,3,0.18342675708615094,0.8713759419409846,84.66385740143565,84.91405786806125,0.021590003576704334,0.01973445632434751,0.32973247856883764,0.32633562514046593,0.08185176740143298,0.07920828374973833,0.026943712292664703,-3.6109703472719303,-3.529413668594571,30.02160746721883,29.343545240695263,820.4086430040778,839.5692760550938,5.8404279202164195,5.406873272400413,20.766852258296133,19.61714017312047
177,arrhenius,0.38186834303806577,47.36594744800599,3,0.4096477574986888,0.008255434256269144,79.0959647295157,78.97985286040725,0.019833564549372948,0.01943748651131505,1.1024226469886949,0.6781192394493883,0.01977716922922959,0.01945676002364711,0.01344461511306443,-2.5432485586433184,-2.6140807401562016,21.14456851656055,21.73346727365866,6789.896903010377,6973.717299943217,148.46089704228007,91.92010446553992,85.19935938032674,100.2254579714102
178,charniere,0.3759445260881401,42.20828226112902,5,0.4447532292048935,0.18258163721660142,74.10252152673651,74.21059609991504,0.01619366078338403,0.01976346857090204,1.6658406746491374,39.99999999999953,0.07169286197919353,0.06990255553441894,0.023759368533731094,-3.436953047826139,-3.3256322131967035,28.57482763962652,27.649306220517396,1706.3323544493392,1752.5215619916899,46.03012193352982,1385.4361924100203,16.11328685874378,17.42664200887065
179,charniere,0.24235281307070838,47.309874975276394,4,0.28353675100898773,0.18763919911985288,78.13557285489676,78.43632954807302,0.010784418000953358,0.00944690734970109,0.10603024900612731,0.10387498922953618,0.05148249952719939,0.05046251732290131,0.013316315151543568,-3.233349686719998,-3.285205896650571,26.88206929539006,27.31320182475285,2213.9588663738996,2235.1477439126907,2.531605565370714,2.1933446679351425,200.0,200.0
180,arrhenius,0.10939193645920992,61.49422456524699,5,0.1152446355502951,0.005992582502017895,79.50401456195567,79.55054157769416,0.017131277284786906,0.015736603501480217,2.727379971961066,1.644855526703348,0.020854248269205407,0.020785388069185402,0.0030018542536163935,-4.764135664999099,-4.743855355751844,39.60902391880251,39.440413427720834,6206.24855722052,6215.902943063575,289.97767035525726,160.89516205736513,58.34527231513982,57.15628931438826
181,arrhenius,0.27061071638140427,49.28399057950541,4,0.28276280846935264,0.050745446369729205,81.07068696822053,81.12936786016569,0.0021395014519178797,0.001910564858901589,0.06910678297394984,0.06912282582784206,0.028969503918768607,0.028819620882586345,0.0036934650752119156,-0.43331365204567274,-0.44900411711755145,3.6025697031077235,3.733020229715323,3754.268729056141,3765.4767310975412,0.5550838833457287,0.4972825708795418,200.0,200.0
182,charniere,0.12736824753497686,44.907934491973094,5,0.1579839403736194,0.2187747665290538,77.45789100467736,78.65790073429218,0.0018269726873676563,0.00190174937821703,1.353006794836314,1.4868354828696455,0.060016203248475876,0.058969115440933716,0.015150798424399916,0.0169591896193854,0.03419612540636327,-0.14099870249557023,-0.2843065866285043,1877.9021289554203,1805.001434328722,4.641998403791624,5.103801217071686,2.075341698998351,2.040180486194547
183,arrhenius,0.2479696103309394,44.892860161134536,6,0.25516964755855237,0.020458592219664517,79.46740329045369,79.5073009271155,0.008747256505566004,0.00879257750213593,11.452147571636099,13.108351581371526,0.024160224640162337,0.024059665141411356,0.0036984365035149483,-4.123649892985826,-4.083469522598556,34.28402521028416,33.94996561088439,5267.381665963851,5283.400892950282,527.6592859997893,608.9446952280723,23.547878228180615,23.676030155923197
184,quadratique,0.2085338109806712,46.74598864132916,5,0.2336637469875644,0.17499939438263312,75.21505904369737,75.3612495611788,0.012654916033452118,0.012142459927904328,14.168382978572604,3.7022720310771886,0.041472226969463954,0.04106382644773154,0.01024035195287146,-3.472241851118866,-3.484325631996346,28.868218750202253,28.96868330441762,3380.0421749424445,3399.471220834818,606.0405375562625,152.82217414715683,21.76892679697617,22.09755701327746
185,charniere,0.3862752647724737,45.64033134212492,6,0.4180296535507675,0.11669275916625235,79.80075115523458,80.29044242895098,0.008775842565947456,0.008667916316035872,0.820648574761917,0.8263093397999922,0.08666271266627558,0.08460723167631745,0.02864270573958531,-1.659773455924682,-1.679577879821032,13.799356512557805,13.96401049283206,1001.8546787145988,1003.4664219946254,7.215239872617492,7.187208040833953,6.054279562931994,5.9757022649806375
186,quadratique,0.23792215497772773,47.431854417465374,4,0.25564496452496405,0.12861834786502274,82.04435347141319,82.24018886611671,0.012325787550478952,0.01214171470600129,0.21010887112304183,0.20909792683733316,0.04350152366926417,0.042879101952492595,0.01564935119111173,-2.8807100623641397,-2.857144518748103,23.95022345849546,23.75429952887173,2293.0638076053247,2307.849085339264,5.93847875330388,5.859184274265819,58.20815740252784,58.16330921647359
187,quadratique,0.30719623715220157,44.06276194466016,4,0.3707797154949605,0.1994726823470786,80.77741923891897,80.50841364144875,0.006854622522123499,0.007975114497798447,0.5618153462173137,0.6374777911096189,0.06821447183113453,0.0671914414288906,0.020646970100999355,-2.347690405434534,-2.289486010580123,19.51869803078272,19.034786691963145,1328.9148975916137,1375.4566149613834,5.117693962622122,6.9927641755729955,7.344207026430276,8.328121512493068
188,charniere,0.19346796646729136,42.084105194081594,5,0.20110189791725383,0.09255505505274497,80.02708400095311,80.4691876734898,0.002018123750992281,0.0017026463029073903,0.12200339055339335,0.12510874965474605,0.04190331735444468,0.04149074491509678,0.010138139110051401,-0.4803613911244825,-0.46384501150068574,3.9937246058089477,3.8564074256167014,2610.1094472580653,2578.349687472216,0.642655771741428,0.5492296082664271,38.06745067076604,29.33360855340917
189,arrhenius,0.13141560096463245,52.24794861431811,4,0.23726568051827088,0.3677968183789067,83.56193052790233,83.96951359824277,0.0023853809364931325,0.002869731849671722,20.1629507598823,19.066954125809538,0.04635087765021221,0.04527990113487126,0.024454504931273807,-2.3679889539508814,-2.3716654285321805,19.687460163147627,19.71802637281655,1795.9571030023956,1798.6964785137054,86.3789245978133,98.4193571114012,2.1688006932346306,2.615025841873399
190,arrhenius,0.24500529810203114,45.36226699405546,3,0.26165723663417034,0.04162191324358772,76.9869207947717,77.0034016211806,0.0035236056596608598,0.003532108350204034,0.10658228516529089,0.10656183931154865,0.02080030312463556,0.020862469551711196,0.008942888567233014,-1.1869825303647672,-1.0936329883118827,9.868572757452675,9.092464664824993,7052.823805598148,7020.757955157145,2.648715791084741,2.6425287815640814,200.0,200.0
191,charniere,0.21660906186620693,47.514320692455485,6,0.2551049156518748,0.2033233466868794,79.36476242203288,79.58901446200302,0.005171192339950555,0.0052872150117558156,4.920248434390876,3.1076824916399013,0.07826730005871561,0.07710550790957472,0.01230102614383308,-3.123520776495413,-3.0547110146225096,25.968951735782863,25.396867375571546,1221.5396381931243,1229.4877521938777,31.08030610069324,20.20169545524427,3.3244653315005777,3.5263602160088623
192,charniere,0.34456993847784584,44.028465743927924,3,0.3467402089237216,0.02955784972819739,75.05915836521162,75.25210879908256,0.006044683027925651,0.005107480577666089,0.09075994849709601,0.09060672233079048,0.026352468251500408,0.026276083158135524,0.008467716111186498,-3.51675717295544,-3.5302868338743516,29.238319135951528,29.35080473683136,5933.16439692801,5902.5661980499735,3.2550236993554327,2.7315428044071215,200.0,200.0
193,arrhenius,0.07625122730838885,51.54019670953641,3,0.23805561290788657,0.4813104150584127,85.17936414675798,85.09796708340764,0.0035110467923456816,0.003687008359740871,2.177131666307266,2.8771255667805744,0.030473638087110837,0.030123797346488023,0.015698103242014778,-0.09394729600581396,-0.1801923144028563,0.7810778189923373,1.4981189019453474,2900.7493595854194,2959.6158202913334,22.1733604581857,31.39556323658529,5.724543584926251,5.958853023854833
194,arrhenius,0.37910912437262684,47.81209605800978,2,0.41732617459808735,0.05084789522874135,80.736613894033,80.51666082009689,0.002633957453794187,0.0030226697430772243,2.6249390206603334,3.21299226266448,0.08192378410833555,0.07908226514896785,0.02871780223138496,-1.6384185104241333,-1.4507356681020178,13.621811495666245,12.061416344600177,1046.6890074769635,1108.018851699148,7.236784455718103,10.760873546988725,1.5185011496068943,1.8119159314279607
195,charniere,0.07703739605482171,42.010052313954816,5,0.11451878052719006,0.4486655400658026,81.21800080608745,81.37243865293296,0.006621454853494123,0.006597429245953885,11.141161263980973,10.125580901213834,0.037232991350289714,0.03685806100456894,0.010346387475703572,-2.619707097490646,-2.6125114395749516,21.78024480853723,21.720420108626147,2687.3160549211125,2696.079622231222,198.24517661674142,180.105677412831,9.099633242454031,9.116839051535635
196,charniere,0.3925176327756391,39.81072093627043,4,0.41989400518444103,0.06897521783647304,76.65298165852035,77.8803618487544,0.0031729519225205055,0.0027605172322781573,0.2874630020120233,0.30301773370739327,0.06084661350770359,0.05962418268834151,0.02376957320244653,-2.111046640473465,-2.087367009802371,17.551241768896386,17.354369319496914,1958.1280007892633,1891.3663777673744,1.7860208561342106,1.5821008822857479,8.382984768199046,6.65643034520661
197,arrhenius,0.0622236845650202,54.96822199873422,4,0.10763587508223905,0.39835439426676655,79.777761607203,79.88827487528735,0.0018945354560478693,0.0019792452298059895,13.604820593738125,9.628029754738696,0.03898813282983062,0.038451700737628255,0.00859515134584579,-4.778075863402873,-4.698152212598595,39.724922728331485,39.06043749554472,2939.3087069504863,2972.859714063163,75.76013811428717,56.65150430909495,2.836108946489854,3.0197407142405632
198,arrhenius,0.326280367647044,46.490120958702676,4,0.3699841657520784,0.12293665429258638,81.10435509912598,81.12777300951727,0.017740989943155004,0.015705048744157988,0.36657980555363145,0.29126536166053096,0.020159214545510964,0.020041819693359456,0.005738574928310188,-4.821670632795513,-4.821153100131814,40.0873696410619,40.0830668744959,5977.337039811995,6012.8090755724315,38.873543557929054,27.504613238694983,113.1861831337434,125.58162320143296
199,arrhenius,0.09950490154831348,61.737679838805136,3,0.12397665052634242,0.2363275424299664,79.32545819971034,79.4210098095131,0.01026607857933197,0.009834933127718897,0.051981920589198476,0.05267532790484361,0.03181236419193159,0.03147130028897643,0.008063307834909827,-0.5216363613677345,-0.5050324891845449,4.336884708411344,4.198840115080306,3928.29225944129,3961.671287159975,2.096335055618705,2.0523768008329593,200.0,200.0
200,quadratique,0.395929250307599,40.44568882093448,3,0.39861307543827024,0.03661732868732907,78.8041261792998,78.79837219517478,0.0017162658339065031,0.0019452207222822773,0.2840484259644173,0.30019481835637457,0.030477110753511873,0.03023975829619134,0.009911767605733715,-2.968150236509397,-2.963979467524262,24.677201066339126,24.642525292996716,4057.9886989355246,4099.097249604596,1.9782800766343325,2.3936480869498014,9.52337620947243,10.265797753250645
201,arrhenius,0.2213961961875458,51.88999451826719,5,0.26396861034693025,0.15007780676595883,83.7819193224328,84.05506965419862,0.0025283410486347684,0.00253927390628519,1.3870318383923457,1.419803318976048,0.038129500856018496,0.03760067189528269,0.01509811435611447,-2.4610930325118314,-2.473429740279473,20.461527472303366,20.56409486068354,2331.0658280379116,2329.229060093087,8.17479035254565,8.397498535295766,3.548026059267655,3.544904192869459
202,charniere,0.10087364596744366,57.84705431593417,2,0.1722151845280343,0.4977464605722046,78.99033458454065,79.29761778722954,0.009583443264585578,0.009510874830202262,0.24392896931466154,0.24808261517114788,0.06519085772940633,0.06356420244105052,0.01737896797018176,-2.655408217847448,-2.5094328562351698,22.077063923183683,20.8634247667392,1594.2875224696513,1618.9152352147576,3.7269331595626083,3.819802490971251,25.217060899210445,24.84460938180988
203,arrhenius,0.1442122739873783,41.4492883638178,4,0.17259043854411016,0.195220541765373,83.27868687772065,83.37803608779916,0.013038941374479114,0.012688426615620653,0.14623244695658358,0.14662886829739485,0.0522460796972662,0.05144028236187242,0.012499066914049079,-3.641052382520011,-3.6183813781327903,30.27170950827137,30.083222777796017,1668.557770398514,1690.6113209590123,3.181466303171881,3.1453648396658465,93.99766479272691,92.0469872186518
204,arrhenius,0.32006721276673145,47.85512281041113,4,0.40821441490127314,0.2432358190981146,80.407277530446,80.51325921905834,0.019003046585783518,0.018586405153839154,0.6451343368811712,0.5476942084689655,0.03582780819109522,0.035294576756463435,0.010330006654824302,-2.954499394281385,-2.956140597477554,24.563707964055435,24.577352927428386,2976.302919758692,3013.972694617432,36.488038795127345,30.681236747785448,42.715175443094765,45.76360569113496
205,arrhenius,0.11041037496269697,40.319487527988976,4,0.19190689303322658,0.6069720156789551,83.97236790806814,84.2434263365227,0.012661837687950202,0.012172598394498588,4.477577589743747,6.968914913380343,0.035225358715536274,0.03462388356434382,0.01285122055313024,-4.734501190869446,-4.686566644163126,39.362642900888574,38.96411507957223,2510.93787810814,2518.6299211564888,142.35601769784543,213.65487874706196,16.8180884133308,15.892437235311053
206,arrhenius,0.1286786928600145,48.61261101251218,5,0.1631508190808959,0.15915035523967974,79.619758438377,79.86089587063377,0.003223065949433495,0.0030098543576913294,0.08453031561481127,0.0866556684799989,0.028714017109262743,0.02840752497628627,0.010024774924406557,-1.0262157254859399,-1.0397066853247852,8.531957541690105,8.644121381790264,4041.792297565803,4040.4473317182055,1.1011733047940826,1.053833276708304,200.0,200.0
207,charniere,0.18562499690789352,41.66533787052812,5,0.1937099727029451,0.09019316105189244,80.82148659603975,81.1029836883767,0.002498580726697035,0.0025286461558285274,1.8704866319645808,2.037210329246815,0.03612507493261539,0.035759528464546754,0.009905052364150027,0.835393225411979,0.8449012209579949,-6.945459276075194,-7.02450875104477,2976.297823558584,2965.610360346472,13.90991195697823,15.27699796118849,4.262630400044192,4.249686463649767
208,arrhenius,0.2732176285434966,45.165486895195876,5,0.3046242610329311,0.026576336426685256,82.27511410169713,82.2399904359265,0.02126398817489686,0.021968241342377754,0.38748154720583244,0.4043033446671147,0.03054202313270644,0.030332410208918678,0.005507672842001163,-5.401970132590895,-5.368968350481017,44.9119796823607,44.637602865899176,3194.7121668517793,3229.6158082044435,26.322521132377094,28.68490971976257,69.3383092193126,70.11200499354939
209,arrhenius,0.07729356945225294,49.31163467677331,2,0.13737559775168698,0.6413474163224093,81.05198557409506,81.31988168915444,0.011603389840775113,0.010433548599736003,0.07151917989724547,0.07277130163389678,0.05341430811601647,0.0517069115317643,0.02724944413328449,-3.7267797191813834,-3.7043717181756985,30.98444658527402,30.798146464912758,1758.5261490429752,1802.3548673483374,1.4593391715603066,1.3684612055148504,200.0,200.0
210,charniere,0.30058262975217304,40.90384754151523,5,0.31217907775985076,-0.006338737597992808,82.47121382547233,82.78320867711409,0.0026617447494135054,0.0025645100539469306,0.633373871257018,0.631437215408579,0.021868343002566747,0.021627136646429703,0.010805016441567766,-1.1165070770408263,-1.1045013949382356,9.28263983851743,9.182824597516491,4903.061886512712,4872.7726954910795,8.265971895483485,7.890612816315753,9.936737874790749,9.527631232322044
211,charniere,0.2741854988688106,44.72170925453454,4,0.2886896043339912,0.0281862490640292,81.9105268642609,82.50419618738903,0.0033925960231658975,0.0017088544823548957,0.051740640800481706,0.052707192571272106,0.05096844845807582,0.05040669066594237,0.01030352672981616,-1.300327310446427,-1.2561917261309794,10.810921259051593,10.443978011052964,1801.8825131468784,1761.1424873602698,0.31629361310721965,0.15862420581411482,200.0,200.0
212,arrhenius,0.13383240731889362,45.196232212525125,4,0.1514056056909532,0.16327119636318863,82.48521220528274,82.57484131019702,0.003508615345820122,0.003563637228685983,0.2545178457866003,0.26058770519074753,0.02408139662595003,0.023841237023552314,0.009051288106349715,-4.541289119076907,-4.502444663672929,37.75627773600541,37.43332493377673,4676.186385414185,4709.622119166053,4.1758588495855635,4.373543708711248,25.603599518119427,25.42064583287902
213,quadratique,0.16638472957152825,46.62327455143449,5,0.34209412870284295,0.5961294109360531,78.61872793733328,79.16192706973395,0.007290612114254069,0.007258841083130905,1.7438525370402382,1.5399211522128489,0.061258050771970544,0.060347838005908566,0.011521604326473688,-2.2357701719295306,-2.282472084224505,18.58819320942212,18.976472908242535,1726.2216493731614,1708.8240284720187,21.946754692920592,19.101308340617265,7.287489541406995,7.3273451501324836
214,charniere,0.1603000313132718,41.40431934389698,5,0.2513407497457752,0.39504437204265413,86.77435304703931,86.93680774472219,0.01693845521951671,0.015925417410249002,1.2253002099738584,0.9580653203009237,0.030483384495930098,0.03020080460759598,0.008163654703026959,-1.8771759530494487,-1.952227118892004,15.606840873653118,16.23081626646812,2432.6491152439776,2429.1244445482025,50.488884924083024,37.062585154723536,25.44146510023947,25.395335357168648
215,arrhenius,0.2957004225249834,41.1976390423455,2,0.3191888017259953,0.03406769570192292,74.01502725903512,74.19368928961453,0.006607211044024833,0.0065585449434485,0.22449146576206488,0.2239319038480693,0.034060644324756584,0.033592814394504907,0.012083276983896312,-5.4206163811184425,-5.372793341534156,45.06700459261873,44.66940384151498,4540.0731428246945,4583.329705817601,6.734120203109287,6.731387177491974,55.72069451839317,56.04649880037457
216,charniere,0.27756594666238343,39.99456062390082,6,0.2872649015067222,0.018477002717930194,77.76136448775715,78.02888181979485,0.003584759496502341,0.0037890544989796224,1.530369563553715,1.5816360824860491,0.0631599184904998,0.062401329809096025,0.011655926397987355,-1.9613674714140368,-1.9493243978428663,16.306809157336303,16.206683043665592,1693.88915984382,1695.9240632486083,9.292687493572393,10.163512330939538,3.590797631611377,3.7788580294342187
217,arrhenius,0.24218340115540843,41.32363046448373,5,0.3016191890769034,0.20637233845621394,82.63462391864304,82.86715273223454,0.022203502876522806,0.021854480625900403,0.4465092698153899,0.4406131776575893,0.05620438899632222,0.05500297389475483,0.020021417627127287,-3.0958335941757706,-3.0346693629055808,25.738760501977357,25.230241083196997,1485.653371271038,1503.4669297358373,14.728871305682517,14.477442588611641,30.403835159714887,30.554585628791006
218,quadratique,0.1863784922335175,49.13789957284029,5,0.2728267224149898,0.5844282213377008,82.39805630401429,82.53871601499955,0.003796464734817821,0.0037683995623506838,19.78299143121503,39.999999999996064,0.035541102799379165,0.03522358556924443,0.010028825663536493,-0.8108009687678582,-0.7822863957419055,6.740999254335973,6.503929094198202,2771.365609105324,2778.2287934781434,208.14460386847213,418.77904677808294,5.32773957098357,5.267591946131695
219,arrhenius,0.33022289574565994,55.77371789114908,4,0.34956992977033613,0.08832410094482962,78.4241742679669,78.09673099305239,0.003875770292584385,0.004402988085102107,4.610017649297169,30.066342562103298,0.038885225835797184,0.038694320116233694,0.011034232200037807,-4.892082119468641,-4.804237149508945,40.672770741262276,39.942427661017376,3017.0568417021163,3088.349148183642,53.90686925270748,408.84105886709267,6.1755557057488035,6.855830105314281
220,quadratique,0.21368653719866887,41.37586879829754,5,0.226586200811704,0.0869926805099748,84.40117109634673,84.46722444054062,0.00887363604360562,0.00889289145177808,2.206209210115849,2.7331139633976504,0.021421125901179425,0.02120586686668994,0.009674391844591516,-4.4130594113835615,-4.399176766127615,36.69017594624293,36.574755633585,4562.589964669226,4599.514215542685,89.32226889480472,111.79250755836452,22.72086416575443,22.441694867780882
221,arrhenius,0.24221362817246356,40.43047966313283,5,0.2541990298914543,0.002566283761261258,77.23703591340825,77.3218906726592,0.009953116759007313,0.009760494364129731,0.09698839915061486,0.09636181365730019,0.028070359595959524,0.027851092999921327,0.007769263982356984,-0.38578226235029844,-0.3788443361073287,3.207393729180381,3.1497118103963313,4939.68188700674,4967.440832738612,4.768457007217099,4.672071530962352,200.0,200.0
222,arrhenius,0.2086905899664248,41.46436752817361,5,0.24482312551617474,0.1270409146474489,83.55241369667635,83.82690578127601,0.001731371728165957,0.00162744101893054,2.3873372022002624,2.2892163067747773,0.038706477054619305,0.03844863766945309,0.006706610360600016,-3.3986681807572046,-3.402152452128459,28.2565272548154,28.28549548699601,2307.39377846016,2284.764387913309,9.537307924526075,8.51203713754175,2.2220532875425887,2.0778198380202366
223,charniere,0.2589682675960289,41.50356866013844,5,0.28084717667245973,0.06185700708270518,82.75711026726961,82.86130992240072,0.0058868001085986554,0.005954052426511978,1.976077729169258,2.021036193374918,0.027199563238661267,0.02689166540606265,0.011493006886232511,-4.198856344925509,-4.151789079713626,34.90929165171068,34.517974408739086,3701.6855147477336,3729.6331313549185,43.06087319861964,44.8800011722869,12.3979740346177,12.597301450276671
224,quadratique,0.37585588865380737,45.22637482862077,4,0.4015224137684072,0.07039122642378398,74.5680939912558,74.74221518948148,0.006923537690122661,0.006554651994737985,1.8262309734161026,1.3309767609989398,0.05903309728810537,0.057474602863114926,0.009835792488106766,-3.2022759636881855,-2.9952313157750345,26.623722362103575,24.902353159353638,2141.41934520526,2196.5880304495804,27.076061178109796,19.163230531483745,8.527224120972425,8.73762425636827
225,charniere,0.37072315313608517,47.50257274719459,6,0.39935571091220795,0.08617802843611913,82.94659577303172,83.2315953302891,0.007487768005327121,0.007414934810515757,9.239183999474367,5.169699368539859,0.0582286142820381,0.057341214647478364,0.012403641909381046,-2.929219617548356,-2.8947098224334242,24.35353190029703,24.06661746371149,1470.1289149400175,1471.8531464074815,101.70479197672924,56.42052282853192,5.65564613652942,5.729450893184346
226,arrhenius,0.2022429205302887,50.39407411323518,4,0.21678986077376394,0.037183773239896425,76.09257321789534,76.09783537448916,0.006162382374901887,0.00605998561923293,2.4403092157620616,1.7454025923082477,0.03097928530435614,0.030931824318779905,0.0027398286434934605,-4.378300784092299,-4.360405147590188,36.40119271894338,36.252408397064826,4549.97628625391,4557.558029640134,68.42308256725484,48.20581361740048,15.558901412257374,15.990544902983569
227,charniere,0.13062281431907444,42.06640103907135,5,0.18317040525918415,0.41799891918227183,78.78590685189107,78.83612920426984,0.006451202530469118,0.006499702151400952,2.942359798231205,3.268513536834142,0.020762017327407872,0.020616659166288756,0.007238732326734689,-2.642273964202333,-2.6154517322456887,21.967865738378197,21.744865701890657,6502.762097559966,6542.467882710471,123.43386281349957,138.99057221553946,22.862891116607546,22.974521714423975
228,arrhenius,0.1901773515665306,44.50081616810828,5,0.21276806097187767,0.16227168526119035,81.11640857612036,81.2825492136128,0.0018035292876040407,0.0019690507069499777,3.684929151760964,5.20925449076254,0.03519875551024524,0.03484739470974758,0.00591193873311189,-0.3623027866392398,-0.38871633421618385,3.0121853681186397,3.2317876026733523,2975.3534302031594,2983.3487227511296,19.773834856529056,30.601061796189708,2.8736184986062923,3.0827625300521317
229,arrhenius,0.15140676555067198,43.11334680029817,5,0.20832854025749614,0.4294799915406231,81.65328757969985,81.70489813075898,0.010692699068819695,0.011227092641925666,2.0786314782694326,2.1845242629128214,0.06694165469407265,0.0657780201796652,0.01763707356723631,-3.2550946269180403,-3.184122558287959,27.062856728196586,26.47279494960609,1256.1564584830069,1279.8915045328934,27.91956064991354,31.390435091935384,7.592430583084351,8.07345259192375
230,quadratique,0.1662958087035764,46.564720463400036,4,0.2542809264993495,0.38527482864313367,79.54018676371066,79.7324660762933,0.019355328288630604,0.02013867703703848,18.226899995099494,39.99999999999997,0.06377460795054189,0.0629312353752576,0.009970758883497566,-2.367250624838416,-2.343832003047007,19.681321694906593,19.486619273332817,1582.5296993101958,1592.3795550274767,558.296906912992,1282.736703163255,15.527188012986354,16.13484146013212
231,arrhenius,0.18533072317193933,47.71165951714726,5,0.20517150684276858,0.08123880487145824,77.78135479598194,77.88712722996334,0.021308397827543287,0.021370802983139744,1.0407052001612036,1.03210637896093,0.0403568150365694,0.0398146841881337,0.012196176736996375,-4.7353429633152855,-4.7382135281560736,39.36964139700328,39.3935072730896,3044.1798733790115,3079.5169124540867,67.50700356639803,67.92472617981971,41.637726702307276,42.335835933602006
232,arrhenius,0.25242038415530804,40.89564418387526,6,0.2772249582102313,0.11118960543888212,78.00047136365728,78.01821596908974,0.013665601729980707,0.015282786115698362,0.07228420152078174,0.0740634931103007,0.05527458560926351,0.054600567382854626,0.013350122642168236,-5.67233882940779,-5.614401611137609,47.15982502769637,46.67813499499808,2039.0953056036515,2068.737786658622,2.0142328395229403,2.341597110171598,200.0,200.0
233,arrhenius,0.23518285852700876,49.67968226892279,3,0.24667373921257776,0.07077488791558509,81.71535033082895,81.86988365179661,0.01170270643303795,0.009116321804742223,0.06822975835287041,0.06286574576293379,0.018631114249550464,0.018623331653524075,0.0057826860491369,-0.6310084275673055,-0.6037851272377858,5.2462040667945775,5.0198695478549515,6447.543241719066,6391.0158787298315,5.148188111662792,3.6627191216176995,200.0,200.0
234,charniere,0.349186168186896,40.262351160369995,5,0.3888596971423277,0.16146313359847492,79.54055832508692,79.56434318941945,0.020568441047700413,0.02191009588966641,2.6436557941263423,39.99999999999999,0.025785702273772648,0.025658369978598383,0.009525469897913141,-2.2191288212864633,-2.196030231792028,18.449837020175657,18.257795347118925,4735.0181647883155,4758.106189812062,257.47077172256286,4170.022514879902,53.60553481289824,52.45242612677115
235,charniere,0.3436013064299226,41.76342172327975,3,0.35418393574781387,0.014330871397652985,80.48704239971471,80.4994973074024,0.010186466960713904,0.011385869534738084,0.09782920417486214,0.10157187256512545,0.025605935821153714,0.025543723704666007,0.01087149664508332,-1.6394062507193996,-1.6640517533550134,13.630023568481088,13.834926277393581,4569.393211370745,4580.018663658289,4.553555493995928,5.296718713792931,200.0,200.0
236,quadratique,0.36482896175491364,50.35770712943145,3,0.38581873401393507,0.033683928755897354,80.35794076149038,80.46303683559837,0.019334525619232004,0.019154246873190086,7.597720948915182,2.1526995307057466,0.023490633934688733,0.023107714001314433,0.013557810261212933,-1.9913424913566768,-2.0484574167984513,16.55602147313941,17.030874963262324,5131.044124138339,5206.047616130627,753.7418147089602,214.66272232722937,51.271724997371614,56.12482892827564
237,charniere,0.09217005549406385,53.907127174270656,5,0.16517576709688772,0.6436532122816956,78.88822729881267,79.36173975121369,0.008847549997741913,0.009321008452961225,28.39984330494156,31.335736097487217,0.07906719830862896,0.07749706795712913,0.019717372479676035,-1.5773455629544293,-1.5831959658829458,13.114051010403125,13.162691260350812,1228.5761760035969,1228.0069328624068,308.70314840971497,358.67707671760763,5.48306966850812,5.769035107039906
238,charniere,0.12158305050650152,53.17435783228266,4,0.17105315319371567,0.324894104447224,83.1284384417216,83.4205866932767,0.0036624727305640072,0.003967022140227482,3.62894384057191,3.7154087087809944,0.06560184093702949,0.06396770276527765,0.018183435472576514,-1.2257099177032105,-1.1922948691053772,10.190552255784493,9.912739541742106,1220.7805378106991,1236.130110350138,16.225281641469046,18.219455949733735,2.396868790058886,2.6245146801193684
239,arrhenius,0.09626401827032556,46.502728629357854,4,0.1323870906608643,0.42318085186227683,80.68403523033561,80.81048199299126,0.018790501217693305,0.01788614801008282,0.22480445490487033,0.2110138977406225,0.044922539947579596,0.04435174701273616,0.013028481275593494,-0.9379848251324668,-0.9503139381643416,7.798405836151329,7.900910081898336,2149.7217525052383,2167.785467917399,9.08082965497547,8.181711857428997,74.87751441191446,79.29858403787904
240,charniere,0.3078814660808196,42.218706775630835,3,0.3302251293316181,0.044593747267092976,80.2906650392598,80.42481376351739,0.008374882363511997,0.00790601002826999,0.09712865607751624,0.09812082626578397,0.031708625463993695,0.031012126372333304,0.02235627411024348,-1.3079716613104746,-1.0860864892731181,10.874476392135286,9.029723071816704,3513.700955722367,3584.809217583056,2.8581886607792897,2.7808950892749826,200.0,200.0
241,quadratique,0.32817188566404815,41.4549100289116,3,0.3406843833021945,0.029084587621510123,79.77875045315535,79.74334036277386,0.019622768428473627,0.020016614357455963,0.1889458308465435,0.19180794499216283,0.05404290208058362,0.05354768204646538,0.009559326658739677,-1.5495246322308895,-1.4156375419924316,12.882747792367615,11.769610524125076,1929.09776310857,1955.1866265282945,7.152400578714054,7.506637300008803,93.70515031440152,94.24773457311665
242,arrhenius,0.3439520967828836,40.14872251321213,3,0.3585965161931339,0.09665495864576039,74.06924426150911,73.99469992369642,0.004757543028031468,0.005151870109823487,0.5007357366892168,0.6184838008033295,0.021706998167179154,0.021595841350870257,0.005429208177931149,-3.594351737651094,-3.587805128420029,29.883440346831197,29.829011837684124,7523.200164048107,7597.39462699265,17.92230769415801,24.207944745832165,30.724046459355,30.123844098277996
243,charniere,0.25818503377232205,60.50689320404706,3,0.2818058974136918,0.11303773980441575,82.05167635470698,82.19273048175086,0.0028689322550720406,0.0033643576891109208,1.1547922127398924,1.3129066997164036,0.046686790167565814,0.04548917579914029,0.021654993445799242,-1.7253199092148963,-1.794314129719521,14.344309725212648,14.917927674488098,1989.7533541209968,2037.6418436967358,6.592093904915917,9.000442827242912,3.5718786428530565,4.171751959040555
244,arrhenius,0.21385201561095324,54.63618999252809,4,0.23374533718366092,0.14163524103844183,78.9046155053887,79.05508510722986,0.0027038919424324645,0.0027258948305137836,0.7844596687136082,0.7507434849080618,0.03127154059590434,0.030888294755610498,0.012676116643790094,-2.2818874914676517,-2.267578985805631,18.971612604062056,18.85265168798802,3999.0351316658366,4029.0943817150505,8.482330132986313,8.245331271214852,7.562177532509999,7.803781665694586
245,quadratique,0.3041328715139566,46.356289811425306,4,0.310343924805987,0.04441179459316692,75.15202898543923,75.20316786384234,0.006256322317010241,0.0061922429397888515,0.9566752201432537,0.9563127787996947,0.03634037609800585,0.035973520248010725,0.004029646129910945,-2.411770707846992,-2.397155561502587,20.05146166503989,19.929951338332504,4050.4630186653194,4092.782112808211,24.243108837193635,24.236314001744287,16.64240502653012,16.645837692673226
246,charniere,0.24886807337543343,55.69716366763303,6,0.4157828355109745,0.519294432261376,83.89625258831057,84.48359069705184,0.00565520291136593,0.005446194570159093,5.321912339337336,6.6780208804531345,0.06553181111965638,0.06431427536020948,0.01652459814627684,-2.9738928288472417,-2.963589576483628,24.724944979035968,24.639283738884885,1100.9105558622052,1080.6720059894549,33.133548110185316,39.30382586736216,3.263857500429577,3.0557431638836734
247,charniere,0.223291645552821,42.75017945545357,5,0.2452437796772102,0.14709529233881274,76.47433205672972,76.59738785538974,0.010762823430467503,0.011157689773368383,0.36996322676514787,0.3987845789702786,0.04735595218743771,0.04637542795113627,0.014299528571492078,-0.9914214801271023,-1.0918358745032797,8.242678185776729,9.077523460620268,2649.9930422551993,2704.0929775999152,10.551871841725752,12.031901233759209,30.21170432066686,30.123858577491568
248,charniere,0.15352339386080255,52.46130344428251,6,0.2128352309269636,0.27429673970529656,81.24530780904827,81.55266739367673,0.013707427347042079,0.013044962674079008,0.2537643839555042,0.2542853412451171,0.07741385547188348,0.07571177534874973,0.022185708737161327,-2.6770137869865285,-2.6263732630901444,22.256692625006,21.835667309331463,1103.1778497438336,1113.5857562614365,3.8373565552005076,3.6939229569816554,23.68821350157971,22.6960478609444
249,quadratique,0.35699386093451846,42.711079636948156,3,0.38466404775638413,0.07677163976542818,81.29752828431664,90.038006292465,0.0029984023282661203,1.3495907804576506e-05,0.0916105826697218,0.16814543811473293,0.06050006764756903,0.05839189460924807,0.027530376876416632,-2.22056380530874,-2.0222232133158418,18.461767477336863,16.81276379550791,1559.1568155139917,855.016937474722,0.42827758916367253,0.0019402688434194074,100.04592524654134,0.03601630642106991
